도감번호,이름,KPNI국명,학명,관찰기준학명,과,자생구분,관찰건수,개화기_초안,계절_초안,희귀도_초안,관찰합계,관찰월분포,출처,기존200종,기존학명_낡음,대표색,주요서식지,AI난이도,비슷한꽃
14,생강나무,생강나무,Lindera obtusiloba,,Lauraceae,자생식물,8756,,,흔함,4083,1:67/2:12/3:344/4:757/5:764/6:539/7:362/8:290/9:468/10:409/11:67/12:4,GBIF관찰+KPNI정명,Y,,노랑,산지 등산로,상,산수유
,태백제비꽃,태백제비꽃,Viola albida,,Violaceae,자생식물,7180,4~5월,봄,흔함,2185,1:47/2:2/3:163/4:845/5:466/6:197/7:113/8:96/9:137/10:94/11:25/12:0,GBIF관찰+KPNI정명,,,,,,
,조록싸리,조록싸리,Lespedeza maximowiczii,,Fabaceae,자생식물,7159,5~9월,여름,흔함,2194,1:80/2:0/3:6/4:47/5:318/6:644/7:368/8:256/9:282/10:168/11:24/12:1,GBIF관찰+KPNI정명,,,,,,
,당단풍나무,당단풍나무,Acer pseudosieboldianum,,Aceraceae,자생식물,6680,,,흔함,2179,1:63/2:0/3:12/4:226/5:436/6:362/7:272/8:201/9:290/10:275/11:38/12:4,GBIF관찰+KPNI정명,,,,,,
,노린재나무,노린재나무,Symplocos sawafutagi,,Symplocaceae,자생식물,6670,5~6월,여름,흔함,2278,1:45/2:0/3:12/4:254/5:771/6:340/7:209/8:191/9:289/10:153/11:14/12:0,GBIF관찰+KPNI정명,,,,,,
,산초나무,산초나무,Zanthoxylum schinifolium,,Rutaceae,자생식물,6483,5~10월,여름,흔함,2943,1:179/2:8/3:31/4:139/5:455/6:350/7:411/8:441/9:559/10:334/11:35/12:1,GBIF관찰+KPNI정명,,,,,,
,때죽나무,때죽나무,Styrax japonicus,,Styracaceae,자생식물,6359,5~6월,여름,흔함,1906,1:39/2:6/3:25/4:154/5:649/6:300/7:224/8:157/9:222/10:120/11:10/12:0,GBIF관찰+KPNI정명,,,,,,
2,진달래,진달래,Rhododendron mucronulatum,,Ericaceae,자생식물,6243,3~5월,봄,흔함,2818,1:62/2:6/3:400/4:870/5:451/6:252/7:162/8:140/9:262/10:158/11:45/12:10,GBIF관찰+KPNI정명,Y,,분홍,산지·공원 사면,중,"철쭉,영산홍"
,닭의장풀,닭의장풀,Commelina communis,,Commelinaceae,자생식물,6015,6~9월,여름,흔함,2855,1:101/2:0/3:2/4:55/5:209/6:354/7:497/8:567/9:815/10:227/11:28/12:0,GBIF관찰+KPNI정명,,,,,,
,작살나무,작살나무,Callicarpa japonica,,Verbenaceae,자생식물,5837,5~10월,여름,흔함,2220,1:116/2:2/3:9/4:89/5:304/6:466/7:323/8:202/9:345/10:284/11:74/12:6,GBIF관찰+KPNI정명,,,,,,
,애기나리,애기나리,Disporum smilacinum,,Liliaceae,자생식물,5760,4~6월,봄,흔함,1983,1:53/2:0/3:7/4:305/5:648/6:284/7:174/8:156/9:219/10:125/11:12/12:0,GBIF관찰+KPNI정명,,,,,,
,산딸기,산딸기,Rubus crataegifolius,,Rosaceae,자생식물,5760,5~7월,여름,흔함,2594,1:49/2:0/3:15/4:293/5:847/6:510/7:324/8:182/9:174/10:159/11:41/12:0,GBIF관찰+KPNI정명,,,,,,
,청미래덩굴,청미래덩굴,Smilax china,,Liliaceae,자생식물,5753,4~6월,봄,흔함,2143,1:107/2:10/3:38/4:333/5:577/6:284/7:173/8:158/9:266/10:150/11:43/12:4,GBIF관찰+KPNI정명,,,,,,
26,쥐똥나무,쥐똥나무,Ligustrum obtusifolium,,Oleaceae,자생식물,5645,4~7월,여름,흔함,2245,1:74/2:3/3:48/4:211/5:595/6:456/7:211/8:188/9:247/10:161/11:46/12:5,GBIF관찰+KPNI정명,Y,,흰색,울타리·도로변,중,"이팝나무,조팝나무"
29,찔레꽃,찔레꽃,Rosa multiflora,,Rosaceae,자생식물,5463,4~6월,봄,흔함,1739,1:4/2:6/3:51/4:231/5:615/6:266/7:97/8:49/9:176/10:204/11:39/12:1,GBIF관찰+KPNI정명,Y,,흰색,들·산기슭,중,"장미,해당화"
,화살나무,화살나무,Euonymus alatus,,Celastraceae,자생식물,5391,4~6월,봄,흔함,2029,1:75/2:4/3:44/4:425/5:596/6:229/7:168/8:117/9:160/10:149/11:54/12:8,GBIF관찰+KPNI정명,,,,,,
,풍도둥굴레,풍도둥굴레,Polygonatum odoratum,,Liliaceae,자생식물,5292,4~6월,봄,흔함,1981,1:39/2:0/3:4/4:305/5:727/6:318/7:195/8:138/9:159/10:89/11:7/12:0,GBIF관찰+KPNI정명,,,,,,
,털고로쇠나무,털고로쇠나무,Acer pictum,,Aceraceae,자생식물,5174,4~9월,여름,흔함,1262,1:34/2:1/3:4/4:150/5:312/6:217/7:167/8:130/9:134/10:96/11:17/12:0,GBIF관찰+KPNI정명,,,,,,
99,사위질빵,사위질빵,Clematis apiifolia,,Ranunculaceae,자생식물,4934,,,흔함,2243,1:114/2:4/3:17/4:175/5:288/6:249/7:286/8:461/9:388/10:209/11:45/12:7,GBIF관찰+KPNI정명,Y,,흰색,산기슭·울타리,상,으아리
33,제비꽃,제비꽃,Viola mandshurica,,Violaceae,자생식물,4928,4~5월,봄,흔함,1629,1:56/2:0/3:48/4:578/5:452/6:118/7:78/8:62/9:117/10:89/11:28/12:3,GBIF관찰+KPNI정명,Y,,보라,길가·잔디밭,중,"남산제비꽃,팬지"
51,토끼풀,토끼풀,Trifolium repens,,Fabaceae,외래식물,4891,4~7월,여름,흔함,1808,1:37/2:3/3:33/4:186/5:522/6:356/7:204/8:139/9:129/10:134/11:57/12:8,GBIF관찰+KPNI정명,Y,,흰색,잔디밭·공원,하,붉은토끼풀
23,병꽃나무,병꽃나무,Weigela subsessilis,,Caprifoliaceae,자생식물,4890,4~6월,봄,흔함,2087,1:43/2:2/3:24/4:535/5:568/6:250/7:164/8:112/9:233/10:127/11:27/12:2,GBIF관찰+KPNI정명,Y,,붉은색,산지·공원,중,-
,졸방제비꽃,졸방제비꽃,Viola acuminata,,Violaceae,자생식물,4860,4~5월,봄,흔함,1427,1:22/2:0/3:11/4:337/5:632/6:168/7:84/8:62/9:74/10:35/11:2/12:0,GBIF관찰+KPNI정명,,,,,,
,쪽동백나무,쪽동백나무,Styrax obassia,,Styracaceae,자생식물,4852,5~7월,여름,흔함,1597,1:44/2:4/3:16/4:110/5:500/6:240/7:199/8:149/9:202/10:122/11:8/12:3,GBIF관찰+KPNI정명,,,,,,
134,큰까치수염,큰까치수염,Lysimachia clethroides,,Primulaceae,자생식물,4851,5~9월,여름,흔함,2399,1:77/2:0/3:6/4:122/5:318/6:653/7:496/8:269/9:272/10:168/11:18/12:0,GBIF관찰+KPNI정명,Y,,흰색,산기슭·풀밭,중,까치수염
,고추나무,고추나무,Staphylea bumalda,,Staphyleaceae,자생식물,4780,4~7월,여름,흔함,1389,1:27/2:6/3:16/4:214/5:395/6:229/7:167/8:110/9:158/10:55/11:11/12:1,GBIF관찰+KPNI정명,,,,,,
3,철쭉,철쭉,Rhododendron schlippenbachii,,Ericaceae,자생식물,4643,4~7월,여름,흔함,1840,1:27/2:3/3:13/4:334/5:521/6:258/7:186/8:154/9:187/10:144/11:12/12:1,GBIF관찰+KPNI정명,Y,,분홍,산지·공원,중,"진달래,영산홍"
92,싸리,싸리,Lespedeza bicolor,,Fabaceae,자생식물,4641,5~10월,여름,흔함,1922,1:84/2:1/3:5/4:46/5:171/6:252/7:392/8:330/9:452/10:178/11:10/12:1,GBIF관찰+KPNI정명,Y,,보라,산기슭·도로 사면,중,칡꽃
,미국자리공,미국자리공,Phytolacca americana,,Phytolaccaceae,외래식물,4629,5~10월,여름,흔함,2444,1:70/2:1/3:7/4:49/5:229/6:439/7:321/8:378/9:527/10:357/11:64/12:2,GBIF관찰+KPNI정명,,,,,,
,괭이밥,괭이밥,Oxalis corniculata,,Oxalidaceae,외래식물,4603,,,흔함,1494,1:70/2:1/3:20/4:165/5:304/6:272/7:168/8:129/9:174/10:146/11:45/12:0,GBIF관찰+KPNI정명,,,,,,
141,고마리,고마리,Persicaria thunbergii,,Polygonaceae,자생식물,4594,9~10월,가을,흔함,2363,1:156/2:0/3:8/4:75/5:217/6:374/7:183/8:180/9:693/10:422/11:55/12:0,GBIF관찰+KPNI정명,Y,,분홍,물가·논둑,중,여뀌
137,짚신나물,짚신나물,Agrimonia pilosa,,Rosaceae,자생식물,4522,5~9월,여름,흔함,2096,1:88/2:1/3:17/4:142/5:255/6:173/7:388/8:451/9:419/10:143/11:19/12:0,GBIF관찰+KPNI정명,Y,,노랑,산기슭·길가,상,-
,멍석딸기,멍석딸기,Rubus parvifolius,,Rosaceae,자생식물,4389,5~7월,여름,흔함,1452,1:32/2:0/3:4/4:115/5:377/6:408/7:222/8:132/9:100/10:51/11:10/12:1,GBIF관찰+KPNI정명,,,,,,
,두메꿀풀,두메꿀풀,Prunella vulgaris,,Lamiaceae,자생식물,4365,5~7월,여름,흔함,1193,1:14/2:0/3:5/4:44/5:279/6:452/7:245/8:88/9:39/10:21/11:6/12:0,GBIF관찰+KPNI정명,,,,,,
,댕댕이덩굴,댕댕이덩굴,Cocculus orbiculatus,,Menispermaceae,자생식물,4306,5~10월,여름,흔함,1903,1:115/2:0/3:9/4:65/5:283/6:343/7:260/8:290/9:303/10:200/11:32/12:3,GBIF관찰+KPNI정명,,,,,,
,으름덩굴,으름덩굴,Akebia quinata,,Lardizabalaceae,자생식물,4142,4~6월,봄,흔함,1938,1:53/2:1/3:46/4:480/5:441/6:242/7:138/8:127/9:191/10:173/11:43/12:3,GBIF관찰+KPNI정명,,,,,,
140,개여뀌,개여뀌,Persicaria longiseta,,Polygonaceae,자생식물,4065,9~10월,가을,흔함,1778,1:191/2:0/3:1/4:16/5:26/6:95/7:92/8:145/9:664/10:490/11:57/12:1,GBIF관찰+KPNI정명,Y,,분홍,길가·물가,상,여뀌
102,망초,망초,Erigeron canadensis,,Asteraceae,외래식물,4061,6~10월,여름,흔함,1368,1:115/2:2/3:12/4:40/5:102/6:163/7:178/8:254/9:330/10:143/11:27/12:2,GBIF관찰+KPNI정명,Y,Conyza canadensis,흰색,공터·길가,상,개망초
32,서양민들레,서양민들레,Taraxacum officinale,,Asteraceae,외래식물,4044,4~5월,봄,흔함,1808,1:41/2:6/3:137/4:634/5:401/6:177/7:99/8:57/9:104/10:110/11:34/12:8,GBIF관찰+KPNI정명,Y,,노랑,길가·공터,상,민들레
,노루발,노루발,Pyrola japonica,,Pyrolaceae,자생식물,4023,4~9월,여름,흔함,1646,1:76/2:14/3:83/4:218/5:253/6:364/7:217/8:151/9:158/10:95/11:13/12:4,GBIF관찰+KPNI정명,,,,,,
,참으아리,참으아리,Clematis terniflora,,Ranunculaceae,자생식물,3983,4~9월,여름,흔함,1465,1:68/2:1/3:17/4:117/5:244/6:266/7:224/8:221/9:180/10:92/11:35/12:0,GBIF관찰+KPNI정명,,,,,,
43,냉이,냉이,Capsella bursa-pastoris,,Brassicaceae,자생식물,3977,3~5월,봄,흔함,1521,1:12/2:16/3:234/4:645/5:404/6:84/7:31/8:31/9:24/10:26/11:13/12:1,GBIF관찰+KPNI정명,Y,,흰색,길가·밭,중,-
94,인동덩굴,인동덩굴,Lonicera japonica,,Caprifoliaceae,자생식물,3942,4~6월,봄,흔함,1192,1:3/2:3/3:29/4:121/5:299/6:323/7:82/8:43/9:110/10:135/11:42/12:2,GBIF관찰+KPNI정명,Y,,흰색,울타리·산기슭,중,-
,덜꿩나무,덜꿩나무,Viburnum erosum,,Caprifoliaceae,자생식물,3926,4~6월,봄,흔함,1425,1:47/2:3/3:14/4:265/5:431/6:167/7:102/8:100/9:137/10:128/11:29/12:2,GBIF관찰+KPNI정명,,,,,,
,소리쟁이,소리쟁이,Rumex crispus,,Polygonaceae,외래식물,3862,4~7월,여름,흔함,1129,1:17/2:4/3:40/4:132/5:299/6:266/7:136/8:75/9:83/10:58/11:17/12:2,GBIF관찰+KPNI정명,,,,,,
,누리장나무,누리장나무,Clerodendrum trichotomum,,Verbenaceae,자생식물,3844,5~10월,여름,흔함,2042,1:98/2:3/3:3/4:39/5:190/6:176/7:359/8:431/9:452/10:243/11:48/12:0,GBIF관찰+KPNI정명,,,,,,
,보리수나무,보리수나무,Elaeagnus umbellata,,Elaeagnaceae,자생식물,3785,4~6월,봄,흔함,1204,1:58/2:0/3:13/4:171/5:368/6:168/7:109/8:85/9:120/10:86/11:25/12:1,GBIF관찰+KPNI정명,,,,,,
,비목나무,비목나무,Lindera erythrocarpa,,Lauraceae,자생식물,3770,4~9월,여름,흔함,1096,1:62/2:5/3:14/4:202/5:204/6:144/7:119/8:145/9:110/10:63/11:27/12:1,GBIF관찰+KPNI정명,,,,,,
39,쇠별꽃,쇠별꽃,Stellaria aquatica,,Caryophyllaceae,자생식물,3765,5~6월,여름,흔함,1848,1:96/2:1/3:27/4:166/5:518/6:386/7:121/8:76/9:187/10:207/11:57/12:6,GBIF관찰+KPNI정명,Y,,흰색,습한 길가,상,별꽃
,돼지풀,돼지풀,Ambrosia artemisiifolia,,Asteraceae,외래식물,3764,6~9월,여름,흔함,1808,1:87/2:0/3:1/4:18/5:89/6:277/7:293/8:368/9:536/10:131/11:8/12:0,GBIF관찰+KPNI정명,,,,,,
,개옻나무,개옻나무,Toxicodendron trichocarpum,,Anacardiaceae,자생식물,3742,5~6월,여름,흔함,2083,1:52/2:0/3:22/4:208/5:622/6:399/7:201/8:149/9:276/10:141/11:12/12:1,GBIF관찰+KPNI정명,,,,,,
,산괴불주머니,산괴불주머니,Corydalis speciosa,,Fumariaceae,자생식물,3678,4~5월,봄,흔함,1423,1:10/2:15/3:193/4:619/5:385/6:80/7:30/8:27/9:38/10:20/11:6/12:0,GBIF관찰+KPNI정명,,,,,,
,계요등,계요등,Paederia foetida,,Rubiaceae,자생식물,3669,5~10월,여름,흔함,1944,1:77/2:8/3:12/4:53/5:184/6:220/7:339/8:421/9:363/10:165/11:100/12:2,GBIF관찰+KPNI정명,,,,,,
,둥근잎천남성,둥근잎천남성,Arisaema amurense,,Araceae,자생식물,3657,4~6월,봄,흔함,1249,1:18/2:0/3:8/4:261/5:455/6:174/7:84/8:55/9:103/10:74/11:17/12:0,GBIF관찰+KPNI정명,,,,,,
,이고들빼기,이고들빼기,Crepidiastrum denticulatum,,Asteraceae,자생식물,3610,9~10월,가을,흔함,1801,1:265/2:0/3:7/4:60/5:169/6:112/7:85/8:114/9:639/10:320/11:29/12:1,GBIF관찰+KPNI정명,,,,,,
,산박하,산박하,Isodon inflexus,,Lamiaceae,자생식물,3609,8~10월,가을,흔함,1777,1:227/2:0/3:1/4:41/5:93/6:105/7:140/8:244/9:644/10:260/11:22/12:0,GBIF관찰+KPNI정명,,,,,,
,맑은대쑥,맑은대쑥,Artemisia keiskeana,,Asteraceae,자생식물,3597,5~10월,여름,흔함,1823,1:131/2:0/3:11/4:122/5:249/6:175/7:184/8:251/9:451/10:229/11:20/12:0,GBIF관찰+KPNI정명,,,,,,
,층층나무,층층나무,Cornus controversa,,Cornaceae,자생식물,3593,4~9월,여름,흔함,1536,1:35/2:5/3:22/4:178/5:418/6:249/7:170/8:151/9:177/10:108/11:22/12:1,GBIF관찰+KPNI정명,,,,,,
,담쟁이덩굴,담쟁이덩굴,Parthenocissus tricuspidata,,Vitaceae,자생식물,3562,,,흔함,1726,1:52/2:1/3:14/4:152/5:368/6:298/7:245/8:160/9:240/10:166/11:27/12:3,GBIF관찰+KPNI정명,,,,,,
,노박덩굴,노박덩굴,Celastrus orbiculatus,,Celastraceae,자생식물,3560,5~10월,여름,흔함,1500,1:80/2:2/3:3/4:95/5:343/6:291/7:186/8:138/9:173/10:126/11:50/12:13,GBIF관찰+KPNI정명,,,,,,
35,꽃마리,꽃마리,Trigonotis peduncularis,,Boraginaceae,자생식물,3541,4~5월,봄,흔함,1737,1:16/2:35/3:233/4:666/5:544/6:82/7:30/8:24/9:30/10:42/11:31/12:4,GBIF관찰+KPNI정명,Y,,파랑,길가·잔디밭,상,큰개불알풀
196,미국가막사리,미국가막사리,Bidens frondosa,,Asteraceae,외래식물,3538,9~10월,가을,흔함,1404,1:143/2:0/3:1/4:10/5:37/6:210/7:95/8:74/9:413/10:371/11:50/12:0,GBIF관찰+KPNI정명,Y,,노랑,물가·공터,중,-
46,고들빼기,고들빼기,Crepidiastrum sonchifolium,,Asteraceae,자생식물,3468,4~6월,봄,흔함,1277,1:25/2:0/3:19/4:197/5:500/6:260/7:120/8:56/9:63/10:29/11:7/12:1,GBIF관찰+KPNI정명,Y,,노랑,길가·공터,상,"씀바귀,뽀리뱅이"
,미나리냉이,미나리냉이,Cardamine leucantha,,Brassicaceae,자생식물,3438,4~5월,봄,흔함,1215,1:2/2:2/3:52/4:375/5:504/6:134/7:41/8:29/9:43/10:25/11:7/12:1,GBIF관찰+KPNI정명,,,,,,
,조선현호색,조선현호색,Corydalis turtschaninovii,,Fumariaceae,자생식물,3432,3~4월,봄,흔함,1501,1:1/2:22/3:374/4:871/5:163/6:18/7:15/8:15/9:16/10:0/11:6/12:0,GBIF관찰+KPNI정명,,,,,,
,땅비싸리,땅비싸리,Indigofera kirilowii,,Fabaceae,자생식물,3410,5~6월,여름,흔함,1155,1:35/2:0/3:4/4:78/5:477/6:244/7:96/8:72/9:94/10:53/11:2/12:0,GBIF관찰+KPNI정명,,,,,,
,쇠물푸레나무,쇠물푸레나무,Fraxinus sieboldiana,,Oleaceae,자생식물,3396,,,흔함,428,1:0/2:0/3:7/4:66/5:95/6:74/7:56/8:39/9:50/10:36/11:5/12:0,GBIF관찰+KPNI정명,,,,,,
193,며느리밥풀꽃,꽃며느리밥풀,Melampyrum roseum,,Scrophulariaceae,자생식물,3375,7~9월,여름,흔함,1255,1:121/2:0/3:1/4:7/5:45/6:57/7:158/8:424/9:364/10:64/11:14/12:0,GBIF관찰+KPNI정명,Y,,분홍,산지 숲,중,-
,청가시덩굴,청가시덩굴,Smilax sieboldii,,Liliaceae,자생식물,3371,5~6월,여름,흔함,1724,1:85/2:0/3:7/4:124/5:471/6:272/7:161/8:152/9:288/10:130/11:33/12:1,GBIF관찰+KPNI정명,,,,,,
36,큰개불알풀,큰개불알풀,Veronica persica,,Scrophulariaceae,외래식물,3345,3~5월,봄,흔함,1753,1:37/2:182/3:575/4:492/5:245/6:75/7:28/8:18/9:27/10:26/11:36/12:12,GBIF관찰+KPNI정명,Y,,파랑,길가·밭,중,꽃마리
21,아까시나무,아까시나무,Robinia pseudoacacia,,Fabaceae,재배식물,3318,5~6월,여름,흔함,1672,1:47/2:9/3:23/4:160/5:539/6:276/7:164/8:122/9:183/10:125/11:18/12:6,GBIF관찰+KPNI정명,Y,,흰색,산지·도로변,중,회화나무
45,씀바귀,씀바귀,Ixeridium dentatum,,Asteraceae,자생식물,3272,5~6월,여름,흔함,1020,1:14/2:0/3:10/4:79/5:452/6:286/7:70/8:38/9:43/10:22/11:5/12:1,GBIF관찰+KPNI정명,Y,Ixeris dentata,노랑,길가·들,상,"고들빼기,민들레"
115,달맞이꽃,달맞이꽃,Oenothera biennis,,Onagraceae,외래식물,3251,5~10월,여름,흔함,565,1:2/2:11/3:15/4:36/5:85/6:60/7:55/8:57/9:138/10:82/11:20/12:4,GBIF관찰+KPNI정명,Y,,노랑,하천변·공터,중,낮달맞이꽃
47,뽀리뱅이,뽀리뱅이,Youngia japonica,,Asteraceae,자생식물,3164,4~6월,봄,흔함,1330,1:12/2:4/3:46/4:294/5:587/6:221/7:57/8:35/9:40/10:28/11:6/12:0,GBIF관찰+KPNI정명,Y,,노랑,길가·화단 틈,상,고들빼기
,선밀나물,선밀나물,Smilax nipponica,,Liliaceae,자생식물,3155,5~6월,여름,흔함,1471,1:38/2:0/3:4/4:167/5:547/6:206/7:119/8:108/9:155/10:115/11:12/12:0,GBIF관찰+KPNI정명,,,,,,
,황새냉이,황새냉이,Cardamine flexuosa,,Brassicaceae,자생식물,3142,4~5월,봄,흔함,1071,1:29/2:8/3:65/4:364/5:344/6:74/7:34/8:35/9:51/10:48/11:18/12:1,GBIF관찰+KPNI정명,,,,,,
194,왕고들빼기,왕고들빼기,Lactuca indica,,Asteraceae,자생식물,3128,8~10월,가을,흔함,1760,1:173/2:0/3:4/4:50/5:103/6:192/7:148/8:272/9:571/10:222/11:24/12:1,GBIF관찰+KPNI정명,Y,,노랑,공터·길가,중,고들빼기
90,자귀나무,자귀나무,Albizia julibrissin,,Fabaceae,자생식물,3106,6~9월,여름,흔함,1345,1:46/2:1/3:6/4:37/5:100/6:381/7:308/8:176/9:150/10:115/11:24/12:1,GBIF관찰+KPNI정명,Y,,분홍,공원·도로변,하,-
,오이풀,오이풀,Sanguisorba officinalis,,Rosaceae,자생식물,3075,5~10월,여름,흔함,1325,1:144/2:0/3:6/4:93/5:191/6:124/7:102/8:259/9:284/10:108/11:14/12:0,GBIF관찰+KPNI정명,,,,,,
,큰개별꽃,큰개별꽃,Pseudostellaria palibiniana,,Caryophyllaceae,자생식물,3058,4~5월,봄,흔함,846,1:4/2:0/3:59/4:311/5:234/6:84/7:54/8:34/9:39/10:14/11:12/12:1,GBIF관찰+KPNI정명,,,,,,
,털개머루,털개머루,Ampelopsis glandulosa,,Vitaceae,자생식물,3054,5~9월,여름,흔함,1525,1:76/2:0/3:2/4:47/5:176/6:280/7:356/8:277/9:216/10:71/11:24/12:0,GBIF관찰+KPNI정명,,,,,,
,사스레피나무,사스레피나무,Eurya japonica,,Theaceae,자생식물,3022,,,흔함,880,1:69/2:21/3:121/4:142/5:121/6:100/7:66/8:55/9:69/10:67/11:45/12:4,GBIF관찰+KPNI정명,,,,,,
,단풍나무,단풍나무,Acer palmatum,,Aceraceae,자생식물,3009,,,흔함,985,1:21/2:1/3:7/4:125/5:184/6:119/7:100/8:82/9:105/10:122/11:113/12:6,GBIF관찰+KPNI정명,,,,,,
132,돌나물,돌나물,Sedum sarmentosum,,Crassulaceae,자생식물,3001,4~7월,여름,흔함,1275,1:27/2:6/3:48/4:149/5:330/6:324/7:121/8:84/9:89/10:81/11:14/12:2,GBIF관찰+KPNI정명,Y,,노랑,담장·바위 틈,중,기린초
186,미국쑥부쟁이,미국쑥부쟁이,Symphyotrichum pilosum,,Asteraceae,외래식물,2998,9~10월,가을,흔함,1409,1:127/2:1/3:3/4:33/5:54/6:79/7:100/8:105/9:442/10:411/11:52/12:2,GBIF관찰+KPNI정명,Y,,흰색,공터·도로변,상,"쑥부쟁이,개망초"
,미나리아재비,미나리아재비,Ranunculus japonicus,,Ranunculaceae,자생식물,2967,5월,봄,흔함,548,1:11/2:0/3:3/4:77/5:269/6:92/7:47/8:30/9:14/10:4/11:1/12:0,GBIF관찰+KPNI정명,,,,,,
,단풍잎돼지풀,단풍잎돼지풀,Ambrosia trifida,,Asteraceae,외래식물,2954,5~9월,여름,흔함,2385,1:14/2:1/3:8/4:33/5:228/6:402/7:379/8:424/9:636/10:196/11:63/12:1,GBIF관찰+KPNI정명,,,,,,
,까마중,까마중,Solanum nigrum,,Solanaceae,외래식물,2941,7~10월,가을,흔함,1117,1:106/2:1/3:2/4:12/5:23/6:68/7:138/8:169/9:316/10:212/11:68/12:2,GBIF관찰+KPNI정명,,,,,,
,참싸리,참싸리,Lespedeza cyrtobotrya,,Fabaceae,자생식물,2931,7~9월,여름,흔함,1057,1:88/2:0/3:1/4:10/5:30/6:73/7:221/8:255/9:274/10:93/11:12/12:0,GBIF관찰+KPNI정명,,,,,,
,만첩조팝나무,만첩조팝나무,Spiraea prunifolia,,Rosaceae,재배식물,2923,4~5월,봄,흔함,1176,1:15/2:4/3:74/4:525/5:328/6:78/7:53/8:29/9:20/10:40/11:10/12:0,GBIF관찰+KPNI정명,,,,,,
142,이삭여뀌,이삭여뀌,Persicaria filiformis,,Polygonaceae,자생식물,2907,7~10월,가을,흔함,1413,1:75/2:0/3:1/4:70/5:148/6:100/7:160/8:258/9:416/10:172/11:13/12:0,GBIF관찰+KPNI정명,Y,,붉은색,산지 숲,상,여뀌
,다래,다래,Actinidia arguta,,Actinidiaceae,자생식물,2884,4~9월,여름,흔함,1153,1:16/2:5/3:15/4:106/5:267/6:273/7:150/8:117/9:130/10:71/11:3/12:0,GBIF관찰+KPNI정명,,,,,,
,며느리밑씻개,며느리밑씻개,Persicaria senticosa,,Polygonaceae,자생식물,2883,5~9월,여름,흔함,1459,1:58/2:0/3:1/4:23/5:151/6:239/7:265/8:268/9:388/10:54/11:12/12:0,GBIF관찰+KPNI정명,,,,,,
25,산딸나무,산딸나무,Cornus kousa,,Cornaceae,자생식물,2877,5~6월,여름,흔함,737,1:9/2:3/3:7/4:45/5:207/6:160/7:65/8:96/9:92/10:42/11:11/12:0,GBIF관찰+KPNI정명,Y,,흰색,공원·가로수,하,-
,단풍박쥐나무,단풍박쥐나무,Alangium platanifolium,,Alangiaceae,자생식물,2875,5~7월,여름,흔함,961,1:25/2:1/3:5/4:57/5:285/6:204/7:110/8:90/9:122/10:54/11:7/12:1,GBIF관찰+KPNI정명,,,,,,
190,투구꽃,투구꽃,Aconitum jaluense,,Ranunculaceae,자생식물,2866,9~10월,가을,흔함,639,1:79/2:0/3:18/4:65/5:90/6:44/7:34/8:50/9:169/10:79/11:11/12:0,GBIF관찰+KPNI정명,Y,,보라,산지 숲,중,-
,각시붓꽃,각시붓꽃,Iris rossii,,Iridaceae,자생식물,2865,4~5월,봄,흔함,1126,1:6/2:0/3:12/4:621/5:325/6:79/7:29/8:21/9:17/10:14/11:2/12:0,GBIF관찰+KPNI정명,,,,,,
40,개별꽃,개별꽃,Pseudostellaria heterophylla,,Caryophyllaceae,자생식물,2859,4~5월,봄,흔함,1120,1:2/2:0/3:57/4:532/5:351/6:76/7:29/8:34/9:18/10:20/11:1/12:0,GBIF관찰+KPNI정명,Y,,흰색,산지 숲,상,별꽃
,꽃다지,꽃다지,Draba nemorosa,,Brassicaceae,자생식물,2843,3~5월,봄,흔함,1160,1:5/2:19/3:265/4:568/5:208/6:34/7:23/8:19/9:8/10:4/11:4/12:3,GBIF관찰+KPNI정명,,,,,,
,털별꽃아재비,털별꽃아재비,Galinsoga quadriradiata,,Asteraceae,외래식물,2832,6~10월,여름,흔함,1077,1:44/2:0/3:1/4:4/5:39/6:164/7:138/8:110/9:265/10:253/11:59/12:0,GBIF관찰+KPNI정명,,,,,,
41,광대나물,광대나물,Lamium amplexicaule,,Lamiaceae,자생식물,2829,3~4월,봄,흔함,1729,1:45/2:124/3:494/4:591/5:197/6:55/7:22/8:16/9:27/10:55/11:84/12:19,GBIF관찰+KPNI정명,Y,,분홍,길가·밭,중,자주광대나물
,고깔제비꽃,고깔제비꽃,Viola rossii,,Violaceae,자생식물,2825,4~5월,봄,흔함,1181,1:27/2:0/3:32/4:532/5:251/6:117/7:70/8:48/9:62/10:38/11:4/12:0,GBIF관찰+KPNI정명,,,,,,
,나비나물,나비나물,Vicia unijuga,,Fabaceae,자생식물,2781,5~9월,여름,흔함,1023,1:81/2:0/3:5/4:44/5:123/6:144/7:137/8:125/9:261/10:91/11:12/12:0,GBIF관찰+KPNI정명,,,,,,
,두릅나무,두릅나무,Aralia elata,,Araliaceae,자생식물,2756,,,흔함,1321,1:48/2:6/3:27/4:158/5:252/6:200/7:146/8:157/9:177/10:128/11:22/12:0,GBIF관찰+KPNI정명,,,,,,
,까실쑥부쟁이,까실쑥부쟁이,Aster ageratoides,,Asteraceae,자생식물,2738,9~10월,가을,흔함,1011,1:191/2:0/3:9/4:30/5:21/6:30/7:39/8:105/9:399/10:170/11:17/12:0,GBIF관찰+KPNI정명,,,,,,
38,별꽃,별꽃,Stellaria media,,Caryophyllaceae,외래식물,2711,3~5월,봄,흔함,865,1:26/2:22/3:117/4:269/5:176/6:82/7:50/8:23/9:43/10:41/11:14/12:2,GBIF관찰+KPNI정명,Y,,흰색,길가·밭,상,"쇠별꽃,개별꽃"
,매화말발도리,매화말발도리,Deutzia uniflora,,Saxifragaceae,자생식물,2688,4~5월,봄,흔함,763,1:18/2:2/3:5/4:300/5:210/6:56/7:56/8:29/9:55/10:19/11:12/12:1,GBIF관찰+KPNI정명,,,,,,
,피나무,피나무,Tilia amurensis,,Tiliaceae,자생식물,2664,5~10월,여름,흔함,687,1:17/2:1/3:1/4:29/5:140/6:129/7:105/8:83/9:108/10:63/11:11/12:0,GBIF관찰+KPNI정명,,,,,,
,참회나무,참회나무,Euonymus oxyphyllus,,Celastraceae,자생식물,2650,4~9월,여름,흔함,610,1:32/2:0/3:2/4:57/5:154/6:99/7:70/8:64/9:97/10:28/11:6/12:1,GBIF관찰+KPNI정명,,,,,,
,팥,팥,Vigna angularis,,Fabaceae,재배식물,2644,8~9월,가을,흔함,628,1:22/2:1/3:0/4:2/5:5/6:17/7:43/8:180/9:309/10:49/11:0/12:0,GBIF관찰+KPNI정명,,,,,,
,족제비싸리,족제비싸리,Amorpha fruticosa,,Fabaceae,재배식물,2610,5~9월,여름,흔함,1120,1:31/2:2/3:7/4:64/5:267/6:262/7:148/8:137/9:123/10:65/11:13/12:1,GBIF관찰+KPNI정명,,,,,,
,호랑버들,호랑버들,Salix caprea,,Salicaceae,자생식물,2600,4~5월,봄,흔함,717,1:13/2:1/3:69/4:262/5:157/6:64/7:47/8:39/9:32/10:22/11:11/12:0,GBIF관찰+KPNI정명,,,,,,
,갯버들,갯버들,Salix gracilistyla,,Salicaceae,자생식물,2588,3~5월,봄,흔함,715,1:29/2:22/3:109/4:254/5:100/6:60/7:46/8:40/9:36/10:13/11:6/12:0,GBIF관찰+KPNI정명,,,,,,
,단풍취,단풍취,Ainsliaea acerifolia,,Asteraceae,자생식물,2583,5~10월,여름,흔함,1166,1:74/2:0/3:2/4:38/5:177/6:156/7:141/8:197/9:235/10:131/11:14/12:1,GBIF관찰+KPNI정명,,,,,,
,버드나무,버드나무,Salix pierotii,,Salicaceae,자생식물,2569,4~7월,여름,흔함,1034,1:18/2:5/3:70/4:222/5:152/6:205/7:107/8:55/9:63/10:110/11:25/12:2,GBIF관찰+KPNI정명,,,,,,
,비수리,비수리,Lespedeza cuneata,,Fabaceae,자생식물,2544,6~10월,여름,흔함,1118,1:89/2:0/3:4/4:19/5:56/6:158/7:162/8:209/9:302/10:116/11:3/12:0,GBIF관찰+KPNI정명,,,,,,
192,뚝갈,뚝갈,Patrinia villosa,,Valerianaceae,자생식물,2534,7~9월,여름,흔함,1162,1:126/2:0/3:0/4:12/5:45/6:51/7:160/8:317/9:342/10:105/11:4/12:0,GBIF관찰+KPNI정명,Y,,흰색,산기슭,상,마타리
15,동백꽃,동백나무,Camellia japonica,,Theaceae,자생식물,2529,3~5월,봄,흔함,728,1:60/2:43/3:115/4:171/5:81/6:46/7:53/8:35/9:52/10:38/11:26/12:8,GBIF관찰+KPNI정명,Y,,붉은색,남부 해안·공원,하,애기동백
,붉은병꽃나무,붉은병꽃나무,Weigela florida,,Caprifoliaceae,자생식물,2519,5월,봄,흔함,599,1:15/2:1/3:2/4:95/5:285/6:88/7:34/8:33/9:31/10:12/11:3/12:0,GBIF관찰+KPNI정명,,,,,,
124,익모초,익모초,Leonurus japonicus,,Lamiaceae,자생식물,2508,6~10월,여름,흔함,1372,1:92/2:2/3:9/4:67/5:82/6:131/7:149/8:330/9:363/10:129/11:18/12:0,GBIF관찰+KPNI정명,Y,,분홍,길가·공터,상,-
,미꾸리낚시,미꾸리낚시,Persicaria sagittata,,Polygonaceae,자생식물,2507,9~10월,가을,흔함,940,1:121/2:0/3:0/4:9/5:29/6:87/7:77/8:83/9:330/10:190/11:14/12:0,GBIF관찰+KPNI정명,,,,,,
,말냉이,말냉이,Thlaspi arvense,,Brassicaceae,외래식물,2506,4~5월,봄,흔함,617,1:3/2:2/3:72/4:234/5:183/6:60/7:25/8:21/9:13/10:2/11:1/12:1,GBIF관찰+KPNI정명,,,,,,
,초피나무,초피나무,Zanthoxylum piperitum,,Rutaceae,자생식물,2498,4~9월,여름,흔함,831,1:43/2:2/3:18/4:101/5:206/6:121/7:100/8:89/9:87/10:43/11:21/12:0,GBIF관찰+KPNI정명,,,,,,
,벌등골나물,벌등골나물,Eupatorium japonicum,,Asteraceae,자생식물,2493,7~9월,여름,흔함,1441,1:109/2:0/3:1/4:17/5:70/6:122/7:315/8:371/9:322/10:103/11:11/12:0,GBIF관찰+KPNI정명,,,,,,
,우산나물,우산나물,Syneilesis palmata,,Asteraceae,자생식물,2489,5~10월,여름,흔함,1125,1:61/2:0/3:4/4:79/5:235/6:209/7:180/8:102/9:141/10:105/11:9/12:0,GBIF관찰+KPNI정명,,,,,,
,애기수영,애기수영,Rumex acetosella,,Polygonaceae,외래식물,2465,4~6월,봄,흔함,596,1:3/2:1/3:10/4:70/5:199/6:128/7:68/8:35/9:44/10:21/11:16/12:1,GBIF관찰+KPNI정명,,,,,,
,주름잎,주름잎,Mazus pumilus,,Scrophulariaceae,자생식물,2464,4~6월,봄,흔함,1176,1:46/2:1/3:26/4:209/5:298/6:159/7:65/8:82/9:142/10:114/11:32/12:2,GBIF관찰+KPNI변종정명,,,,,,
,함박꽃나무,함박꽃나무,Magnolia sieboldii,,Magnoliaceae,자생식물,2405,5~7월,여름,흔함,743,1:15/2:0/3:5/4:25/5:190/6:210/7:107/8:70/9:68/10:38/11:15/12:0,GBIF관찰+KPNI정명,,,,,,
63,은방울꽃,은방울꽃,Convallaria keiskei,,Liliaceae,자생식물,2371,4~6월,봄,흔함,842,1:6/2:0/3:3/4:124/5:325/6:143/7:83/8:60/9:79/10:18/11:1/12:0,GBIF관찰+KPNI정명,Y,,흰색,산지 숲,하,-
,개도둑놈의갈고리,개도둑놈의갈고리,Hylodesmum podocarpum,,Fabaceae,자생식물,2369,7~9월,여름,흔함,932,1:48/2:0/3:0/4:13/5:27/6:64/7:116/8:291/9:294/10:72/11:6/12:1,GBIF관찰+KPNI정명,,,,,,
,고추나물,고추나물,Hypericum erectum,,Clusiaceae,자생식물,2364,6~9월,여름,흔함,1004,1:51/2:0/3:3/4:21/5:86/6:90/7:255/8:257/9:159/10:76/11:6/12:0,GBIF관찰+KPNI정명,,,,,,
,비짜루,비짜루,Asparagus schoberioides,,Liliaceae,자생식물,2356,4~7월,여름,흔함,823,1:52/2:0/3:1/4:97/5:230/6:136/7:106/8:65/9:61/10:50/11:25/12:0,GBIF관찰+KPNI정명,,,,,,
,세잎양지꽃,세잎양지꽃,Potentilla freyniana,,Rosaceae,자생식물,2348,4~5월,봄,흔함,1030,1:13/2:0/3:21/4:314/5:320/6:105/7:65/8:43/9:90/10:54/11:5/12:0,GBIF관찰+KPNI정명,,,,,,
,고광나무,고광나무,Philadelphus schrenkii,,Saxifragaceae,자생식물,2337,5~6월,여름,흔함,559,1:8/2:1/3:8/4:33/5:215/6:120/7:71/8:53/9:31/10:17/11:2/12:0,GBIF관찰+KPNI정명,,,,,,
,가는잎할미꽃,가는잎할미꽃,Pulsatilla cernua,,Ranunculaceae,자생식물,2300,4~5월,봄,흔함,724,1:8/2:2/3:103/4:300/5:184/6:50/7:17/8:15/9:27/10:15/11:3/12:0,GBIF관찰+KPNI정명,,,,,,
,풀솜대,풀솜대,Maianthemum japonicum,,Liliaceae,자생식물,2298,4~5월,봄,흔함,555,1:2/2:0/3:3/4:151/5:239/6:66/7:36/8:28/9:17/10:8/11:5/12:0,GBIF관찰+KPNI정명,,,,,,
,고삼,고삼,Sophora flavescens,,Fabaceae,자생식물,2298,5~8월,여름,흔함,1125,1:30/2:0/3:3/4:43/5:150/6:364/7:230/8:149/9:102/10:48/11:6/12:0,GBIF관찰+KPNI정명,,,,,,
,붉은서나물,붉은서나물,Erechtites hieraciifolius,,Asteraceae,외래식물,2286,9~10월,가을,흔함,1014,1:83/2:0/3:0/4:7/5:12/6:27/7:42/8:92/9:467/10:263/11:21/12:0,GBIF관찰+KPNI정명,,,,,,
147,참나리,참나리,Lilium lancifolium,,Liliaceae,자생식물,2265,5~7월,여름,흔함,1078,1:7/2:0/3:12/4:113/5:183/6:201/7:368/8:126/9:48/10:13/11:7/12:0,GBIF관찰+KPNI정명,Y,,주황,산기슭·화단,하,백합
,가막살나무,가막살나무,Viburnum dilatatum,,Caprifoliaceae,자생식물,2252,4~7월,여름,흔함,901,1:32/2:4/3:17/4:102/5:241/6:153/7:91/8:67/9:94/10:88/11:11/12:1,GBIF관찰+KPNI정명,,,,,,
,음나무,음나무,Kalopanax septemlobus,,Araliaceae,자생식물,2239,,,흔함,1014,1:34/2:15/3:10/4:152/5:215/6:180/7:105/8:88/9:97/10:101/11:13/12:4,GBIF관찰+KPNI정명,,,,,,
,매듭풀,매듭풀,Kummerowia striata,,Fabaceae,자생식물,2236,6~9월,여름,흔함,982,1:60/2:0/3:1/4:16/5:29/6:109/7:154/8:245/9:295/10:70/11:3/12:0,GBIF관찰+KPNI정명,,,,,,
,골무꽃,골무꽃,Scutellaria indica,,Lamiaceae,자생식물,2229,5~6월,여름,흔함,606,1:20/2:0/3:4/4:36/5:251/6:142/7:48/8:39/9:18/10:31/11:17/12:0,GBIF관찰+KPNI정명,,,,,,
,은대난초,은대난초,Cephalanthera longibracteata,,Orchidaceae,자생식물,2209,5~6월,여름,흔함,814,1:38/2:0/3:3/4:16/5:313/6:168/7:89/8:75/9:71/10:33/11:8/12:0,GBIF관찰+KPNI정명,,,,,,
,층층잔대,층층잔대,Adenophora triphylla,,Campanulaceae,자생식물,2206,8~9월,가을,흔함,808,1:81/2:0/3:3/4:33/5:59/6:62/7:74/8:247/9:184/10:57/11:8/12:0,GBIF관찰+KPNI정명,,,,,,
,마삭줄,마삭줄,Trachelospermum asiaticum,,Apocynaceae,자생식물,2191,,,흔함,664,1:43/2:4/3:54/4:75/5:126/6:105/7:50/8:50/9:78/10:49/11:28/12:2,GBIF관찰+KPNI정명,,,,,,
,송악,송악,Hedera rhombea,,Araliaceae,자생식물,2181,3~7월,봄,흔함,834,1:56/2:36/3:113/4:144/5:88/6:78/7:61/8:36/9:79/10:57/11:73/12:13,GBIF관찰+KPNI정명,,,,,,
59,노루귀,노루귀,Hepatica asiatica,,Ranunculaceae,자생식물,2165,2~5월,봄,흔함,873,1:16/2:81/3:221/4:210/5:154/6:56/7:40/8:35/9:45/10:15/11:0/12:0,GBIF관찰+KPNI정명,Y,,분홍,산지 숲,중,-
129,물봉선,물봉선,Impatiens textorii,,Balsaminaceae,자생식물,2164,9~10월,가을,흔함,1000,1:1/2:0/3:0/4:16/5:72/6:114/7:60/8:110/9:432/10:183/11:12/12:0,GBIF관찰+KPNI정명,Y,Impatiens textori,분홍,산지 계곡,중,봉선화
,정금나무,정금나무,Vaccinium oldhamii,,Ericaceae,자생식물,2157,4~9월,여름,흔함,502,1:22/2:5/3:13/4:45/5:113/6:106/7:55/8:49/9:55/10:30/11:7/12:2,GBIF관찰+KPNI정명,,,,,,
,용둥굴레,용둥굴레,Polygonatum involucratum,,Liliaceae,자생식물,2138,4~6월,봄,흔함,633,1:10/2:0/3:0/4:109/5:271/6:102/7:50/8:31/9:44/10:12/11:4/12:0,GBIF관찰+KPNI정명,,,,,,
52,붉은토끼풀,붉은토끼풀,Trifolium pratense,,Fabaceae,외래식물,2123,5~9월,여름,흔함,677,1:14/2:0/3:4/4:40/5:156/6:131/7:140/8:68/9:68/10:40/11:16/12:0,GBIF관찰+KPNI정명,Y,,분홍,길가·잔디밭,하,토끼풀
,물레나물,물레나물,Hypericum ascyron,,Clusiaceae,자생식물,2109,6~8월,여름,흔함,915,1:23/2:1/3:1/4:29/5:74/6:152/7:353/8:156/9:92/10:29/11:5/12:0,GBIF관찰+KPNI정명,,,,,,
,사철나무,사철나무,Euonymus japonicus,,Celastraceae,자생식물,2097,4~7월,여름,흔함,613,1:23/2:8/3:27/4:78/5:105/6:103/7:81/8:31/9:66/10:42/11:31/12:18,GBIF관찰+KPNI정명,,,,,,
,지느러미엉겅퀴,지느러미엉겅퀴,Carduus crispus,,Asteraceae,외래식물,2087,5~6월,여름,흔함,520,1:5/2:0/3:3/4:41/5:204/6:163/7:43/8:13/9:16/10:26/11:6/12:0,GBIF관찰+KPNI정명,,,,,,
,벌깨덩굴,벌깨덩굴,Meehania urticifolia,,Lamiaceae,자생식물,2079,4~5월,봄,흔함,838,1:7/2:0/3:15/4:170/5:421/6:87/7:39/8:25/9:48/10:23/11:3/12:0,GBIF관찰+KPNI정명,,,,,,
138,이질풀,이질풀,Geranium thunbergii,,Geraniaceae,자생식물,2062,8~9월,가을,흔함,948,1:79/2:0/3:3/4:45/5:34/6:39/7:84/8:258/9:301/10:92/11:13/12:0,GBIF관찰+KPNI정명,Y,,분홍,산기슭·길가,중,-
,다닥냉이,다닥냉이,Lepidium apetalum,,Brassicaceae,외래식물,2049,5~7월,여름,흔함,452,1:18/2:0/3:5/4:27/5:102/6:146/7:67/8:49/9:29/10:3/11:6/12:0,GBIF관찰+KPNI정명,,,,,,
,선개불알풀,선개불알풀,Veronica arvensis,,Scrophulariaceae,외래식물,2045,4~6월,봄,흔함,691,1:3/2:0/3:15/4:170/5:302/6:160/7:17/8:9/9:13/10:2/11:0/12:0,GBIF관찰+KPNI정명,,,,,,
,물참대,물참대,Deutzia glabrata,,Saxifragaceae,자생식물,2040,5~6월,여름,흔함,387,1:13/2:1/3:1/4:30/5:145/6:83/7:43/8:34/9:25/10:8/11:4/12:0,GBIF관찰+KPNI정명,,,,,,
,산벚나무,산벚나무,Prunus sargentii,,Rosaceae,자생식물,2031,4~6월,봄,흔함,768,1:19/2:2/3:11/4:205/5:212/6:127/7:53/8:53/9:47/10:30/11:9/12:0,GBIF관찰+KPNI정명,,,,,,
,며느리배꼽,며느리배꼽,Persicaria perfoliata,,Polygonaceae,자생식물,2030,6~10월,여름,흔함,1164,1:43/2:1/3:0/4:19/5:94/6:264/7:163/8:145/9:275/10:153/11:7/12:0,GBIF관찰+KPNI정명,,,,,,
,개갓냉이,개갓냉이,Rorippa indica,,Brassicaceae,자생식물,1999,5~6월,여름,흔함,803,1:37/2:0/3:11/4:54/5:253/6:134/7:59/8:51/9:116/10:67/11:21/12:0,GBIF관찰+KPNI정명,,,,,,
,감태나무,감태나무,Lindera glauca,,Lauraceae,자생식물,1988,,,흔함,617,1:43/2:7/3:36/4:53/5:90/6:113/7:75/8:78/9:52/10:53/11:16/12:1,GBIF관찰+KPNI정명,,,,,,
,차풀,차풀,Chamaecrista nomame,,Fabaceae,자생식물,1987,8~10월,가을,흔함,772,1:81/2:0/3:1/4:13/5:13/6:25/7:63/8:244/9:232/10:90/11:10/12:0,GBIF관찰+KPNI정명,,,,,,
,둥근털제비꽃,둥근털제비꽃,Viola collina,,Violaceae,자생식물,1973,3~5월,봄,흔함,721,1:13/2:0/3:119/4:241/5:142/6:70/7:46/8:30/9:27/10:27/11:6/12:0,GBIF관찰+KPNI정명,,,,,,
1,개나리,개나리,Forsythia koreana,,Oleaceae,자생식물,1955,3~4월,봄,흔함,1310,1:23/2:21/3:563/4:403/5:76/6:27/7:18/8:20/9:44/10:48/11:51/12:16,GBIF관찰+KPNI정명,Y,,노랑,담장·공원 울타리,하,산수유
,하늘말나리,하늘말나리,Lilium tsingtauense,,Liliaceae,자생식물,1933,4~7월,여름,흔함,861,1:25/2:0/3:2/4:104/5:143/6:153/7:259/8:80/9:65/10:25/11:5/12:0,GBIF관찰+KPNI정명,,,,,,
,노랑제비꽃,노랑제비꽃,Viola orientalis,,Violaceae,자생식물,1931,4~5월,봄,흔함,569,1:1/2:0/3:26/4:231/5:175/6:48/7:29/8:20/9:23/10:14/11:2/12:0,GBIF관찰+KPNI정명,,,,,,
,쥐오줌풀,쥐오줌풀,Valeriana fauriei,,Valerianaceae,자생식물,1924,5월,봄,흔함,529,1:8/2:0/3:1/4:59/5:285/6:93/7:39/8:29/9:12/10:3/11:0/12:0,GBIF관찰+KPNI정명,,,,,,
,장대나물,장대나물,Turritis glabra,,Brassicaceae,자생식물,1914,5~6월,여름,흔함,638,1:3/2:0/3:9/4:92/5:320/6:148/7:36/8:19/9:10/10:1/11:0/12:0,GBIF관찰+KPNI정명,,,,,,
,개쑥갓,개쑥갓,Senecio vulgaris,,Asteraceae,외래식물,1912,3~7월,봄,흔함,532,1:14/2:18/3:43/4:102/5:67/6:66/7:72/8:31/9:45/10:41/11:30/12:3,GBIF관찰+KPNI정명,,,,,,
,새머루,새머루,Vitis flexuosa,,Vitaceae,자생식물,1905,5~8월,여름,흔함,640,1:31/2:0/3:2/4:21/5:146/6:170/7:94/8:76/9:59/10:33/11:8/12:0,GBIF관찰+KPNI정명,,,,,,
,마디풀,마디풀,Polygonum aviculare,,Polygonaceae,자생식물,1886,6~10월,여름,흔함,685,1:47/2:0/3:2/4:16/5:46/6:129/7:98/8:97/9:152/10:89/11:9/12:0,GBIF관찰+KPNI정명,,,,,,
,젓가락나물,젓가락나물,Ranunculus chinensis,,Ranunculaceae,자생식물,1884,5~7월,여름,흔함,393,1:3/2:0/3:1/4:17/5:120/6:135/7:54/8:22/9:19/10:19/11:3/12:0,GBIF관찰+KPNI정명,,,,,,
,귀룽나무,귀룽나무,Prunus padus,,Rosaceae,자생식물,1880,4~5월,봄,흔함,619,1:2/2:0/3:24/4:246/5:173/6:61/7:33/8:18/9:37/10:20/11:4/12:1,GBIF관찰+KPNI정명,,,,,,
,콩다닥냉이,콩다닥냉이,Lepidium virginicum,,Brassicaceae,외래식물,1861,5~6월,여름,흔함,378,1:2/2:1/3:4/4:26/5:131/6:120/7:43/8:26/9:8/10:14/11:3/12:0,GBIF관찰+KPNI정명,,,,,,
,꽃향유,꽃향유,Elsholtzia splendens,,Lamiaceae,자생식물,1860,9~10월,가을,흔함,859,1:184/2:0/3:1/4:3/5:12/6:14/7:26/8:25/9:205/10:342/11:47/12:0,GBIF관찰+KPNI정명,,,,,,
,들깨풀,들깨풀,Mosla scabra,,Lamiaceae,자생식물,1859,9~10월,가을,흔함,971,1:126/2:0/3:0/4:8/5:14/6:25/7:40/8:78/9:478/10:185/11:17/12:0,GBIF관찰+KPNI정명,,,,,,
,윤노리나무,윤노리나무,Pourthiaea villosa,,Rosaceae,자생식물,1858,4~6월,봄,흔함,387,1:16/2:1/3:3/4:47/5:103/6:85/7:34/8:36/9:32/10:24/11:6/12:0,GBIF관찰+KPNI정명,,,,,,
,보리밥나무,보리밥나무,Elaeagnus macrophylla,,Elaeagnaceae,자생식물,1854,3~7월,봄,흔함,547,1:65/2:12/3:46/4:107/5:69/6:52/7:43/8:26/9:40/10:33/11:51/12:3,GBIF관찰+KPNI정명,,,,,,
,장구채,장구채,Silene firma,,Caryophyllaceae,자생식물,1839,8~10월,가을,흔함,772,1:109/2:0/3:2/4:18/5:49/6:28/7:50/8:128/9:269/10:108/11:11/12:0,GBIF관찰+KPNI정명,,,,,,
,잔털제비꽃,잔털제비꽃,Viola keiskei,,Violaceae,자생식물,1839,4~5월,봄,흔함,536,1:13/2:0/3:31/4:245/5:112/6:42/7:20/8:19/9:32/10:19/11:3/12:0,GBIF관찰+KPNI정명,,,,,,
,거센털꽃마리,거센털꽃마리,Trigonotis radicans,,Boraginaceae,자생식물,1823,4~5월,봄,흔함,485,1:9/2:0/3:8/4:125/5:226/6:47/7:22/8:13/9:19/10:15/11:1/12:0,GBIF관찰+KPNI정명,,,,,,
,도깨비바늘,도깨비바늘,Bidens bipinnata,,Asteraceae,자생식물,1818,9~10월,가을,흔함,919,1:131/2:3/3:1/4:19/5:16/6:34/7:52/8:95/9:385/10:157/11:26/12:0,GBIF관찰+KPNI정명,,,,,,
,복분자딸기,복분자딸기,Rubus coreanus,,Rosaceae,자생식물,1796,4~9월,여름,흔함,600,1:31/2:2/3:14/4:60/5:92/6:128/7:125/8:50/9:46/10:39/11:13/12:0,GBIF관찰+KPNI정명,,,,,,
,사상자,사상자,Torilis japonica,,Apiaceae,자생식물,1781,5~8월,여름,흔함,658,1:25/2:0/3:16/4:35/5:88/6:166/7:169/8:88/9:56/10:11/11:3/12:1,GBIF관찰+KPNI정명,,,,,,
,개다래,개다래,Actinidia polygama,,Actinidiaceae,자생식물,1767,5~7월,여름,흔함,611,1:11/2:0/3:0/4:8/5:78/6:206/7:150/8:65/9:54/10:35/11:4/12:0,GBIF관찰+KPNI정명,,,,,,
98,큰꽃으아리,큰꽃으아리,Clematis patens,,Ranunculaceae,자생식물,1766,5월,봄,흔함,428,1:4/2:0/3:0/4:71/5:212/6:38/7:42/8:20/9:29/10:10/11:2/12:0,GBIF관찰+KPNI정명,Y,,흰색,화단·울타리,중,으아리
195,방가지똥,방가지똥,Sonchus oleraceus,,Asteraceae,외래식물,1743,,,흔함,548,1:26/2:2/3:27/4:75/5:95/6:78/7:54/8:48/9:63/10:61/11:19/12:0,GBIF관찰+KPNI정명,Y,,노랑,길가·화단 틈,상,씀바귀
,단풍마,단풍마,Dioscorea quinquelobata,,Dioscoreaceae,자생식물,1736,5~10월,여름,흔함,785,1:51/2:0/3:1/4:27/5:133/6:134/7:110/8:130/9:112/10:59/11:28/12:0,GBIF관찰+KPNI정명,,,,,,
,맥문동,맥문동,Liriope muscari,,Liliaceae,자생식물,1736,7~10월,가을,흔함,767,1:34/2:4/3:32/4:48/5:84/6:55/7:106/8:162/9:152/10:71/11:17/12:2,GBIF관찰+KPNI정명,,,,,,
,사철쑥,사철쑥,Artemisia capillaris,,Asteraceae,자생식물,1726,5~10월,여름,흔함,519,1:60/2:0/3:5/4:36/5:56/6:43/7:75/8:77/9:118/10:44/11:5/12:0,GBIF관찰+KPNI정명,,,,,,
,후박나무,후박나무,Machilus thunbergii,,Lauraceae,자생식물,1720,4~7월,여름,흔함,529,1:34/2:9/3:37/4:95/5:107/6:78/7:59/8:26/9:52/10:17/11:12/12:3,GBIF관찰+KPNI정명,,,,,,
118,패랭이꽃,패랭이꽃,Dianthus chinensis,,Caryophyllaceae,자생식물,1715,6~9월,여름,흔함,438,1:24/2:0/3:1/4:7/5:24/6:77/7:148/8:83/9:55/10:18/11:1/12:0,GBIF관찰+KPNI정명,Y,,분홍,화단·길가,중,"수염패랭이꽃,술패랭이꽃"
,야광나무,야광나무,Malus baccata,,Rosaceae,자생식물,1709,4~6월,봄,흔함,413,1:7/2:0/3:1/4:108/5:126/6:54/7:38/8:32/9:33/10:9/11:4/12:1,GBIF관찰+KPNI정명,,,,,,
,낚시제비꽃,낚시제비꽃,Viola grypoceras,,Violaceae,자생식물,1685,4~5월,봄,흔함,396,1:11/2:1/3:35/4:143/5:72/6:46/7:44/8:12/9:16/10:10/11:6/12:0,GBIF관찰+KPNI정명,,,,,,
,가시박,가시박,Sicyos angulatus,,Cucurbitaceae,외래식물,1684,8~9월,가을,흔함,1388,1:0/2:3/3:0/4:9/5:25/6:66/7:136/8:227/9:645/10:225/11:47/12:5,GBIF관찰+KPNI정명,,,,,,
,장대여뀌,장대여뀌,Persicaria posumbu,,Polygonaceae,자생식물,1682,9월,가을,흔함,601,1:76/2:0/3:0/4:1/5:14/6:31/7:26/8:66/9:286/10:96/11:5/12:0,GBIF관찰+KPNI정명,,,,,,
,큰방가지똥,큰방가지똥,Sonchus asper,,Asteraceae,외래식물,1672,4~6월,봄,흔함,515,1:33/2:1/3:14/4:59/5:122/6:76/7:38/8:31/9:40/10:74/11:23/12:4,GBIF관찰+KPNI정명,,,,,,
,삿갓나물,삿갓나물,Paris verticillata,,Liliaceae,자생식물,1668,4~6월,봄,흔함,423,1:2/2:0/3:14/4:116/5:138/6:61/7:38/8:30/9:19/10:2/11:3/12:0,GBIF관찰+KPNI정명,,,,,,
,소태나무,소태나무,Picrasma quassioides,,Simaroubaceae,자생식물,1665,5~8월,여름,흔함,520,1:16/2:2/3:5/4:21/5:157/6:124/7:83/8:57/9:29/10:21/11:4/12:1,GBIF관찰+KPNI정명,,,,,,
,떡쑥,떡쑥,Pseudognaphalium affine,,Asteraceae,자생식물,1661,4~6월,봄,흔함,502,1:10/2:2/3:18/4:69/5:191/6:130/7:29/8:21/9:10/10:12/11:10/12:0,GBIF관찰+KPNI정명,,,,,,
,새모래덩굴,새모래덩굴,Menispermum dauricum,,Menispermaceae,자생식물,1647,5~6월,여름,흔함,868,1:9/2:0/3:0/4:74/5:285/6:185/7:77/8:45/9:87/10:88/11:18/12:0,GBIF관찰+KPNI정명,,,,,,
,고욤나무,고욤나무,Diospyros lotus,,Ebenaceae,자생식물,1645,5~10월,여름,흔함,837,1:28/2:3/3:4/4:14/5:156/6:157/7:96/8:72/9:159/10:125/11:22/12:1,GBIF관찰+KPNI정명,,,,,,
,수영,수영,Rumex acetosa,,Polygonaceae,자생식물,1643,4~6월,봄,흔함,615,1:6/2:0/3:17/4:104/5:216/6:147/7:47/8:20/9:33/10:16/11:9/12:0,GBIF관찰+KPNI정명,,,,,,
,알록제비꽃,알록제비꽃,Viola variegata,,Violaceae,자생식물,1634,4~7월,여름,흔함,680,1:18/2:0/3:14/4:188/5:175/6:86/7:72/8:57/9:50/10:16/11:4/12:0,GBIF관찰+KPNI정명,,,,,,
,참반디,참반디,Sanicula chinensis,,Apiaceae,자생식물,1631,6~9월,여름,흔함,527,1:29/2:0/3:0/4:32/5:33/6:85/7:156/8:94/9:70/10:22/11:6/12:0,GBIF관찰+KPNI정명,,,,,,
,벼룩이자리,벼룩이자리,Arenaria serpyllifolia,,Caryophyllaceae,자생식물,1610,4~6월,봄,흔함,605,1:7/2:1/3:15/4:171/5:222/6:114/7:35/8:17/9:17/10:6/11:0/12:0,GBIF관찰+KPNI정명,,,,,,
,미나리,미나리,Oenanthe javanica,,Apiaceae,자생식물,1588,5~10월,여름,흔함,541,1:18/2:0/3:9/4:38/5:47/6:124/7:84/8:81/9:49/10:68/11:23/12:0,GBIF관찰+KPNI정명,,,,,,
,딱지꽃,딱지꽃,Potentilla chinensis,,Rosaceae,자생식물,1585,6~9월,여름,흔함,495,1:37/2:2/3:4/4:34/5:35/6:96/7:137/8:83/9:49/10:15/11:2/12:1,GBIF관찰+KPNI정명,,,,,,
123,배초향,배초향,Agastache rugosa,,Lamiaceae,자생식물,1581,8~10월,가을,흔함,737,1:86/2:0/3:0/4:17/5:17/6:29/7:78/8:148/9:259/10:96/11:7/12:0,GBIF관찰+KPNI정명,Y,,보라,산기슭·밭,중,"꿀풀,층층이꽃"
,넓은잎외잎쑥,넓은잎외잎쑥,Artemisia stolonifera,,Asteraceae,자생식물,1578,5~10월,여름,흔함,705,1:54/2:0/3:2/4:19/5:73/6:99/7:106/8:144/9:145/10:59/11:4/12:0,GBIF관찰+KPNI정명,,,,,,
84,산수국,산수국,Hydrangea serrata,,Saxifragaceae,자생식물,1574,6~7월,여름,흔함,136,1:0/2:0/3:0/4:16/5:9/6:43/7:48/8:8/9:7/10:4/11:1/12:0,GBIF관찰+KPNI정명,Y,,파랑,산지 계곡,중,수국
,벼룩나물,벼룩나물,Stellaria alsine,,Caryophyllaceae,자생식물,1568,4~6월,봄,흔함,669,1:19/2:0/3:22/4:200/5:239/6:85/7:30/8:23/9:14/10:29/11:7/12:1,GBIF관찰+KPNI정명,,,,,,
144,초롱꽃,초롱꽃,Campanula punctata,,Campanulaceae,자생식물,1559,5~7월,여름,흔함,552,1:3/2:0/3:5/4:34/5:118/6:231/7:102/8:30/9:19/10:7/11:3/12:0,GBIF관찰+KPNI정명,Y,,흰색,산기슭·화단,중,섬초롱꽃
,바위채송화,바위채송화,Sedum polytrichoides,,Crassulaceae,자생식물,1554,5~9월,여름,흔함,512,1:19/2:0/3:2/4:24/5:53/6:93/7:151/8:77/9:60/10:16/11:17/12:0,GBIF관찰+KPNI정명,,,,,,
,할미밀망,할미밀망,Clematis trichotoma,,Ranunculaceae,자생식물,1541,5~9월,여름,흔함,432,1:18/2:0/3:2/4:15/5:106/6:77/7:77/8:66/9:56/10:15/11:0/12:0,GBIF관찰+KPNI정명,,,,,,
,속속이풀,속속이풀,Rorippa palustris,,Brassicaceae,자생식물,1536,,,흔함,530,1:26/2:0/3:7/4:54/5:132/6:96/7:60/8:47/9:51/10:56/11:1/12:0,GBIF관찰+KPNI정명,,,,,,
,참오동나무,참오동나무,Paulownia tomentosa,,Scrophulariaceae,재배식물,1532,4~9월,여름,흔함,781,1:32/2:4/3:16/4:86/5:212/6:120/7:81/8:93/9:81/10:46/11:10/12:0,GBIF관찰+KPNI정명,,,,,,
,개맥문동,개맥문동,Liriope spicata,,Liliaceae,자생식물,1531,7~9월,여름,흔함,449,1:29/2:0/3:6/4:30/5:32/6:25/7:106/8:119/9:59/10:40/11:3/12:0,GBIF관찰+KPNI정명,,,,,,
,왕머루,왕머루,Vitis amurensis,,Vitaceae,자생식물,1527,5~9월,여름,흔함,510,1:6/2:0/3:0/4:36/5:125/6:113/7:87/8:59/9:56/10:19/11:9/12:0,GBIF관찰+KPNI정명,,,,,,
,쑥,쑥,Artemisia indica,,Asteraceae,자생식물,1517,9~10월,가을,흔함,666,1:25/2:1/3:51/4:63/5:99/6:66/7:20/8:11/9:139/10:129/11:47/12:15,GBIF관찰+KPNI정명,,,,,,
,향유,향유,Elsholtzia ciliata,,Lamiaceae,자생식물,1517,9~10월,가을,흔함,651,1:155/2:1/3:2/4:13/5:10/6:10/7:14/8:22/9:179/10:222/11:23/12:0,GBIF관찰+KPNI정명,,,,,,
64,붓꽃,붓꽃,Iris sanguinea,,Iridaceae,자생식물,1502,5월,봄,흔함,590,1:2/2:0/3:2/4:44/5:348/6:110/7:37/8:9/9:20/10:14/11:4/12:0,GBIF관찰+KPNI정명,Y,,보라,공원·화단,중,"꽃창포,노랑꽃창포"
,곰딸기,곰딸기,Rubus phoenicolasius,,Rosaceae,자생식물,1500,5~7월,여름,흔함,630,1:16/2:1/3:5/4:41/5:79/6:183/7:176/8:55/9:42/10:23/11:9/12:0,GBIF관찰+KPNI정명,,,,,,
,다릅나무,다릅나무,Maackia amurensis,,Fabaceae,자생식물,1499,4~9월,여름,흔함,661,1:9/2:2/3:7/4:54/5:154/6:126/7:113/8:80/9:73/10:32/11:11/12:0,GBIF관찰+KPNI정명,,,,,,
,윤판나물,윤판나물,Disporum uniflorum,,Liliaceae,자생식물,1487,4~5월,봄,흔함,423,1:9/2:0/3:4/4:129/5:140/6:34/7:33/8:23/9:33/10:17/11:1/12:0,GBIF관찰+KPNI정명,,,,,,
,얇은잎고광나무,얇은잎고광나무,Philadelphus tenuifolius,,Saxifragaceae,자생식물,1482,5~6월,여름,흔함,321,1:1/2:1/3:6/4:26/5:124/6:72/7:41/8:20/9:19/10:8/11:2/12:1,GBIF관찰+KPNI정명,,,,,,
,제비쑥,제비쑥,Artemisia japonica,,Asteraceae,자생식물,1477,6~9월,여름,흔함,589,1:54/2:0/3:0/4:31/5:49/6:58/7:78/8:141/9:122/10:49/11:7/12:0,GBIF관찰+KPNI정명,,,,,,
,솜방망이,솜방망이,Tephroseris kirilowii,,Asteraceae,자생식물,1475,4~5월,봄,흔함,355,1:5/2:0/3:22/4:140/5:158/6:14/7:6/8:1/9:7/10:2/11:0/12:0,GBIF관찰+KPNI정명,,,,,,
,밀나물,밀나물,Smilax riparia,,Liliaceae,자생식물,1474,5~9월,여름,흔함,514,1:21/2:0/3:2/4:35/5:111/6:107/7:90/8:40/9:66/10:31/11:10/12:1,GBIF관찰+KPNI정명,,,,,,
,왜광대수염,왜광대수염,Lamium album,,Lamiaceae,자생식물,1468,4~5월,봄,흔함,504,1:5/2:0/3:6/4:123/5:233/6:64/7:27/8:20/9:19/10:6/11:1/12:0,GBIF관찰+KPNI정명,,,,,,
,점박이천남성,점박이천남성,Arisaema serratum,,Araceae,자생식물,1466,4~7월,여름,흔함,321,1:0/2:0/3:1/4:32/5:78/6:70/7:57/8:17/9:30/10:34/11:2/12:0,GBIF관찰+KPNI정명,,,,,,
,모시대,모시대,Adenophora remotiflora,,Campanulaceae,자생식물,1459,7~9월,여름,흔함,241,1:8/2:0/3:0/4:3/5:13/6:19/7:38/8:103/9:49/10:5/11:3/12:0,GBIF관찰+KPNI정명,,,,,,
,피나물,피나물,Hylomecon vernalis,,Papaveraceae,자생식물,1457,4~5월,봄,흔함,490,1:1/2:0/3:19/4:238/5:192/6:17/7:4/8:9/9:10/10:0/11:0/12:0,GBIF관찰+KPNI정명,,,,,,
,털제비꽃,털제비꽃,Viola phalacrocarpa,,Violaceae,자생식물,1447,4월,봄,흔함,483,1:9/2:0/3:51/4:259/5:69/6:34/7:11/8:5/9:26/10:15/11:4/12:0,GBIF관찰+KPNI정명,,,,,,
,배풍등,배풍등,Solanum lyratum,,Solanaceae,자생식물,1445,,,흔함,814,1:48/2:1/3:2/4:67/5:115/6:111/7:88/8:118/9:127/10:95/11:36/12:6,GBIF관찰+KPNI정명,,,,,,
,갈퀴꼭두서니,갈퀴꼭두서니,Rubia cordifolia,,Rubiaceae,자생식물,1438,4~9월,여름,흔함,654,1:57/2:0/3:2/4:58/5:94/6:91/7:95/8:88/9:121/10:42/11:6/12:0,GBIF관찰+KPNI정명,,,,,,
,갯메꽃,갯메꽃,Calystegia soldanella,,Convolvulaceae,자생식물,1433,5~7월,여름,흔함,484,1:10/2:0/3:1/4:40/5:147/6:117/7:52/8:29/9:47/10:33/11:8/12:0,GBIF관찰+KPNI정명,,,,,,
,금창초,금창초,Ajuga decumbens,,Lamiaceae,자생식물,1426,4~5월,봄,흔함,743,1:9/2:6/3:68/4:329/5:178/6:57/7:30/8:15/9:21/10:20/11:9/12:1,GBIF관찰+KPNI정명,,,,,,
113,메꽃,메꽃,Calystegia pubescens,,Convolvulaceae,자생식물,1417,5~9월,여름,흔함,654,1:8/2:0/3:0/4:25/5:89/6:171/7:149/8:121/9:68/10:21/11:2/12:0,GBIF관찰+KPNI정명,Y,,분홍,길가·논둑,중,나팔꽃
,큰구슬붕이,큰구슬붕이,Gentiana zollingeri,,Gentianaceae,자생식물,1416,4~5월,봄,흔함,502,1:3/2:6/3:27/4:258/5:172/6:12/7:4/8:10/9:5/10:5/11:0/12:0,GBIF관찰+KPNI정명,,,,,,
,산사나무,산사나무,Crataegus pinnatifida,,Rosaceae,자생식물,1411,4~6월,봄,흔함,499,1:14/2:0/3:3/4:69/5:142/6:77/7:44/8:41/9:76/10:27/11:4/12:2,GBIF관찰+KPNI정명,,,,,,
,큰애기나리,큰애기나리,Disporum viridescens,,Liliaceae,자생식물,1409,5~6월,여름,흔함,417,1:19/2:0/3:3/4:46/5:144/6:65/7:35/8:26/9:48/10:26/11:5/12:0,GBIF관찰+KPNI정명,,,,,,
,큰뱀무,큰뱀무,Geum aleppicum,,Rosaceae,자생식물,1405,6~9월,여름,흔함,601,1:12/2:0/3:7/4:29/5:46/6:161/7:165/8:92/9:61/10:23/11:5/12:0,GBIF관찰+KPNI정명,,,,,,
,광나무,광나무,Ligustrum japonicum,,Oleaceae,자생식물,1405,,,흔함,372,1:27/2:5/3:26/4:36/5:47/6:71/7:39/8:33/9:29/10:22/11:33/12:4,GBIF관찰+KPNI정명,,,,,,
,죽대,죽대,Polygonatum lasianthum,,Liliaceae,자생식물,1404,5~6월,여름,흔함,434,1:15/2:0/3:3/4:28/5:177/6:88/7:43/8:34/9:31/10:12/11:3/12:0,GBIF관찰+KPNI정명,,,,,,
,나도송이풀,나도송이풀,Phtheirospermum japonicum,,Scrophulariaceae,자생식물,1394,9~10월,가을,흔함,606,1:123/2:0/3:0/4:3/5:8/6:6/7:26/8:40/9:276/10:122/11:2/12:0,GBIF관찰+KPNI정명,,,,,,
104,큰금계국,큰금계국,Coreopsis lanceolata,,Asteraceae,재배식물,1392,5~7월,여름,흔함,973,1:5/2:0/3:3/4:37/5:199/6:340/7:169/8:95/9:73/10:44/11:8/12:0,GBIF관찰+KPNI정명,Y,,노랑,도로변·하천,중,"금계국,기생초"
,참식나무,참식나무,Neolitsea sericea,,Lauraceae,자생식물,1392,3~7월,봄,흔함,388,1:32/2:2/3:29/4:65/5:56/6:44/7:48/8:22/9:44/10:27/11:14/12:5,GBIF관찰+KPNI정명,,,,,,
,긴잎여로,긴잎여로,Veratrum maackii,,Liliaceae,자생식물,1390,5~9월,여름,흔함,459,1:17/2:0/3:1/4:24/5:50/6:50/7:110/8:126/9:70/10:11/11:0/12:0,GBIF관찰+KPNI정명,,,,,,
,오미자,오미자,Schisandra chinensis,,Schisandraceae,자생식물,1381,5~7월,여름,흔함,432,1:11/2:0/3:1/4:27/5:126/6:68/7:67/8:36/9:64/10:26/11:6/12:0,GBIF관찰+KPNI정명,,,,,,
37,봄맞이꽃,봄맞이,Androsace umbellata,,Primulaceae,자생식물,1377,4월,봄,흔함,415,1:0/2:1/3:32/4:285/5:80/6:7/7:5/8:1/9:2/10:1/11:1/12:0,GBIF관찰+KPNI정명,Y,,흰색,길가·논둑,상,별꽃
,올괴불나무,올괴불나무,Lonicera praeflorens,,Caprifoliaceae,자생식물,1376,3~5월,봄,흔함,569,1:4/2:2/3:70/4:183/5:157/6:50/7:35/8:14/9:30/10:20/11:4/12:0,GBIF관찰+KPNI정명,,,,,,
50,유채꽃,유채,Brassica napus,,Brassicaceae,재배식물,1371,4~5월,봄,흔함,222,1:4/2:7/3:20/4:80/5:45/6:17/7:19/8:5/9:16/10:5/11:2/12:2,GBIF관찰+KPNI정명,Y,,노랑,강변·경관 밭,중,-
,얼레지,얼레지,Erythronium japonicum,,Liliaceae,자생식물,1371,3~5월,봄,흔함,488,1:0/2:5/3:160/4:188/5:98/6:15/7:11/8:2/9:5/10:0/11:4/12:0,GBIF관찰+KPNI정명,,,,,,
181,감국,감국,Chrysanthemum indicum,,Asteraceae,자생식물,1360,9~11월,가을,흔함,293,1:56/2:1/3:3/4:15/5:20/6:16/7:17/8:5/9:34/10:83/11:41/12:2,GBIF관찰+KPNI정명,Y,,노랑,산기슭·해안,상,산국
189,용담,용담,Gentiana scabra,,Gentianaceae,자생식물,1358,10월,가을,흔함,374,1:102/2:0/3:1/4:2/5:22/6:18/7:16/8:21/9:44/10:132/11:15/12:1,GBIF관찰+KPNI정명,Y,,파랑,산지 풀밭,중,-
,말발도리,말발도리,Deutzia parviflora,,Saxifragaceae,자생식물,1347,5~7월,여름,흔함,154,1:0/2:0/3:0/4:9/5:54/6:38/7:25/8:11/9:11/10:6/11:0/12:0,GBIF관찰+KPNI정명,,,,,,
20,이팝나무,이팝나무,Chionanthus retusus,,Oleaceae,자생식물,1339,4~5월,봄,흔함,783,1:5/2:6/3:45/4:265/5:271/6:56/7:29/8:14/9:29/10:23/11:39/12:1,GBIF관찰+KPNI정명,Y,,흰색,가로수,중,쥐똥나무
,분꽃나무,분꽃나무,Viburnum carlesii,,Caprifoliaceae,자생식물,1339,4~6월,봄,흔함,367,1:15/2:0/3:8/4:120/5:101/6:53/7:25/8:17/9:15/10:5/11:8/12:0,GBIF관찰+KPNI정명,,,,,,
,더덕,더덕,Codonopsis lanceolata,,Campanulaceae,자생식물,1330,4~9월,여름,흔함,457,1:14/2:0/3:3/4:73/5:104/6:75/7:42/8:75/9:52/10:17/11:2/12:0,GBIF관찰+KPNI변종정명,,,,,,
,털중나리,털중나리,Lilium amabile,,Liliaceae,자생식물,1326,6~7월,여름,흔함,558,1:20/2:0/3:1/4:25/5:59/6:248/7:90/8:61/9:43/10:10/11:1/12:0,GBIF관찰+KPNI정명,,,,,,
,네마름,네마름,Trapa natans,,Trapaceae,자생식물,1322,5~10월,여름,흔함,274,1:19/2:1/3:3/4:6/5:35/6:41/7:50/8:52/9:39/10:23/11:5/12:0,GBIF관찰+KPNI정명,,,,,,
,자금우,자금우,Ardisia japonica,,Myrsinaceae,자생식물,1318,,,흔함,373,1:28/2:9/3:32/4:59/5:39/6:49/7:51/8:26/9:31/10:21/11:23/12:5,GBIF관찰+KPNI정명,,,,,,
53,살갈퀴,살갈퀴,Vicia sativa,,Fabaceae,자생식물,1306,4~5월,봄,흔함,369,1:0/2:2/3:16/4:136/5:145/6:36/7:14/8:8/9:5/10:6/11:1/12:0,GBIF관찰+KPNI정명,Y,Vicia angustifolia,보라,길가·논둑,상,-
,신감채,신감채,Ostericum grosseserratum,,Apiaceae,자생식물,1303,8~9월,가을,흔함,445,1:58/2:0/3:0/4:4/5:6/6:11/7:48/8:124/9:138/10:44/11:12/12:0,GBIF관찰+KPNI정명,,,,,,
,참마,참마,Dioscorea japonica,,Dioscoreaceae,자생식물,1293,6~10월,여름,흔함,507,1:20/2:1/3:1/4:29/5:31/6:83/7:98/8:104/9:91/10:45/11:4/12:0,GBIF관찰+KPNI정명,,,,,,
,개당주나무,개당주나무,Ribes fasciculatum,,Saxifragaceae,자생식물,1288,3~6월,봄,흔함,486,1:14/2:5/3:48/4:122/5:86/6:44/7:28/8:33/9:55/10:28/11:22/12:1,GBIF관찰+KPNI정명,,,,,,
,하늘타리,하늘타리,Trichosanthes kirilowii,,Cucurbitaceae,자생식물,1285,6~10월,여름,흔함,559,1:24/2:4/3:6/4:17/5:23/6:78/7:121/8:122/9:85/10:51/11:25/12:3,GBIF관찰+KPNI정명,,,,,,
149,원추리,원추리,Hemerocallis fulva,,Liliaceae,재배식물,1269,7~8월,여름,흔함,728,1:14/2:0/3:19/4:82/5:104/6:79/7:239/8:121/9:54/10:11/11:5/12:0,GBIF관찰+KPNI정명,Y,,주황,도로변·공원,중,"노랑원추리,참나리"
,산달래,산달래,Allium macrostemon,,Liliaceae,자생식물,1267,5~6월,여름,흔함,368,1:10/2:0/3:8/4:43/5:103/6:136/7:19/8:16/9:22/10:6/11:5/12:0,GBIF관찰+KPNI정명,,,,,,
,퉁둥굴레,퉁둥굴레,Polygonatum inflatum,,Liliaceae,자생식물,1265,5~6월,여름,흔함,314,1:3/2:0/3:3/4:38/5:124/6:70/7:26/8:22/9:21/10:7/11:0/12:0,GBIF관찰+KPNI정명,,,,,,
,좁쌀냉이,좁쌀냉이,Cardamine fallax,,Brassicaceae,자생식물,1263,4~5월,봄,흔함,446,1:3/2:3/3:30/4:234/5:124/6:12/7:8/8:6/9:8/10:16/11:2/12:0,GBIF관찰+KPNI정명,,,,,,
,백선,백선,Dictamnus dasycarpus,,Rutaceae,자생식물,1263,5~6월,여름,흔함,533,1:12/2:0/3:1/4:55/5:238/6:105/7:53/8:31/9:19/10:17/11:2/12:0,GBIF관찰+KPNI정명,,,,,,
,쇠비름,쇠비름,Portulaca oleracea,,Portulacaceae,자생식물,1263,6~10월,여름,흔함,690,1:38/2:0/3:0/4:13/5:16/6:102/7:134/8:146/9:166/10:70/11:5/12:0,GBIF관찰+KPNI정명,,,,,,
,골등골나물,골등골나물,Eupatorium lindleyanum,,Asteraceae,자생식물,1262,7~10월,가을,흔함,389,1:22/2:0/3:0/4:13/5:24/6:28/7:55/8:84/9:95/10:63/11:5/12:0,GBIF관찰+KPNI정명,,,,,,
,개구리자리,개구리자리,Ranunculus sceleratus,,Ranunculaceae,자생식물,1259,4~6월,봄,흔함,319,1:1/2:1/3:16/4:71/5:126/6:59/7:8/8:14/9:5/10:8/11:6/12:4,GBIF관찰+KPNI정명,,,,,,
,참빗살나무,참빗살나무,Euonymus hamiltonianus,,Celastraceae,자생식물,1257,5~9월,여름,흔함,329,1:23/2:0/3:1/4:23/5:79/6:65/7:33/8:37/9:33/10:22/11:11/12:2,GBIF관찰+KPNI정명,,,,,,
,멸가치,멸가치,Adenocaulon himalaicum,,Asteraceae,자생식물,1253,4~9월,여름,흔함,533,1:13/2:0/3:19/4:70/5:71/6:41/7:60/8:117/9:100/10:37/11:5/12:0,GBIF관찰+KPNI정명,,,,,,
,검노린재나무,검노린재나무,Symplocos tanakana,,Symplocaceae,자생식물,1242,5~6월,여름,흔함,241,1:0/2:0/3:1/4:22/5:77/6:49/7:13/8:13/9:19/10:34/11:13/12:0,GBIF관찰+KPNI정명,,,,,,
,까마귀머루,까마귀머루,Vitis ficifolia,,Vitaceae,자생식물,1235,5~10월,여름,흔함,433,1:29/2:0/3:2/4:15/5:52/6:82/7:75/8:70/9:67/10:37/11:4/12:0,GBIF관찰+KPNI정명,,,,,,
,수리딸기,수리딸기,Rubus corchorifolius,,Rosaceae,자생식물,1234,4~6월,봄,흔함,637,1:19/2:4/3:49/4:189/5:148/6:92/7:22/8:33/9:26/10:34/11:18/12:3,GBIF관찰+KPNI변종정명,,,,,,
,상산,상산,Orixa japonica,,Rutaceae,자생식물,1231,4~6월,봄,흔함,404,1:10/2:17/3:26/4:113/5:55/6:67/7:34/8:26/9:34/10:10/11:11/12:1,GBIF관찰+KPNI정명,,,,,,
,송이풀,송이풀,Pedicularis resupinata,,Scrophulariaceae,자생식물,1223,7~9월,여름,흔함,227,1:16/2:0/3:0/4:8/5:11/6:13/7:27/8:75/9:67/10:7/11:3/12:0,GBIF관찰+KPNI정명,,,,,,
,쉽싸리,쉽싸리,Lycopus lucidus,,Lamiaceae,자생식물,1212,5~10월,여름,흔함,659,1:35/2:0/3:0/4:20/5:64/6:84/7:144/8:136/9:101/10:68/11:7/12:0,GBIF관찰+KPNI정명,,,,,,
,돈나무,돈나무,Pittosporum tobira,,Pittosporaceae,자생식물,1211,4~7월,여름,흔함,526,1:42/2:30/3:29/4:59/5:115/6:44/7:51/8:20/9:46/10:32/11:51/12:7,GBIF관찰+KPNI정명,,,,,,
,자주괴불주머니,자주괴불주머니,Corydalis incisa,,Fumariaceae,자생식물,1204,4~5월,봄,흔함,632,1:2/2:0/3:51/4:382/5:143/6:19/7:10/8:5/9:13/10:3/11:3/12:1,GBIF관찰+KPNI정명,,,,,,
,싸리냉이,싸리냉이,Cardamine impatiens,,Brassicaceae,자생식물,1201,4~5월,봄,흔함,403,1:3/2:0/3:11/4:126/5:186/6:40/7:10/8:11/9:10/10:6/11:0/12:0,GBIF관찰+KPNI정명,,,,,,
13,산수유,산수유,Cornus officinalis,,Cornaceae,재배식물,1201,3~4월,봄,흔함,531,1:30/2:17/3:162/4:82/5:34/6:28/7:30/8:32/9:32/10:57/11:19/12:8,GBIF관찰+KPNI정명,Y,,노랑,공원·가로수,중,"개나리,생강나무"
,진득찰,진득찰,Sigesbeckia glabrescens,,Asteraceae,자생식물,1190,9~10월,가을,흔함,590,1:85/2:0/3:0/4:5/5:4/6:17/7:17/8:41/9:290/10:118/11:12/12:1,GBIF관찰+KPNI정명,,,,,,
,흰민들레,흰민들레,Taraxacum coreanum,,Asteraceae,자생식물,1189,4~5월,봄,흔함,613,1:6/2:0/3:41/4:359/5:148/6:18/7:13/8:6/9:14/10:8/11:0/12:0,GBIF관찰+KPNI정명,,,,,,
,큰낭아초,큰낭아초,Indigofera bungeana,,Fabaceae,재배식물,1184,6~10월,여름,흔함,552,1:15/2:3/3:2/4:10/5:34/6:107/7:85/8:92/9:121/10:77/11:6/12:0,GBIF관찰+KPNI정명,,,,,,
,회나무,회나무,Euonymus sachalinensis,,Celastraceae,자생식물,1183,5~7월,여름,흔함,262,1:2/2:0/3:0/4:30/5:90/6:34/7:38/8:24/9:26/10:16/11:2/12:0,GBIF관찰+KPNI정명,,,,,,
,꿩의바람꽃,꿩의바람꽃,Anemone raddeana,,Ranunculaceae,자생식물,1182,3~4월,봄,흔함,514,1:1/2:10/3:223/4:226/5:44/6:2/7:1/8:1/9:4/10:2/11:0/12:0,GBIF관찰+KPNI정명,,,,,,
,백운산원추리,백운산원추리,Hemerocallis hakuunensis,,Liliaceae,자생식물,1182,6~8월,여름,흔함,480,1:0/2:0/3:6/4:41/5:57/6:72/7:175/8:85/9:31/10:12/11:1/12:0,GBIF관찰+KPNI정명,,,,,,
,산조팝나무,산조팝나무,Spiraea blumei,,Rosaceae,자생식물,1182,5~7월,여름,흔함,233,1:10/2:0/3:0/4:19/5:67/6:45/7:43/8:22/9:21/10:5/11:1/12:0,GBIF관찰+KPNI정명,,,,,,
,큰피막이,큰피막이,Hydrocotyle ramiflora,,Apiaceae,자생식물,1181,5~9월,여름,흔함,296,1:6/2:0/3:3/4:13/5:40/6:70/7:55/8:37/9:52/10:17/11:3/12:0,GBIF관찰+KPNI정명,,,,,,
,개구리발톱,개구리발톱,Semiaquilegia adoxoides,,Ranunculaceae,자생식물,1180,3~5월,봄,흔함,547,1:16/2:15/3:126/4:219/5:83/6:17/7:10/8:4/9:11/10:17/11:21/12:8,GBIF관찰+KPNI정명,,,,,,
,나도밤나무,나도밤나무,Meliosma myriantha,,Sabiaceae,자생식물,1176,4~7월,여름,흔함,278,1:14/2:4/3:2/4:28/5:63/6:66/7:38/8:23/9:20/10:12/11:8/12:0,GBIF관찰+KPNI정명,,,,,,
,대팻집나무,대팻집나무,Ilex macropoda,,Aquifoliaceae,자생식물,1169,4~9월,여름,흔함,339,1:14/2:3/3:5/4:39/5:63/6:51/7:40/8:53/9:35/10:22/11:12/12:2,GBIF관찰+KPNI정명,,,,,,
,유럽점나도나물,유럽점나도나물,Cerastium glomeratum,,Caryophyllaceae,외래식물,1165,4~5월,봄,흔함,287,1:1/2:6/3:20/4:135/5:65/6:33/7:9/8:5/9:2/10:5/11:6/12:0,GBIF관찰+KPNI정명,,,,,,
,주홍서나물,주홍서나물,Crassocephalum crepidioides,,Asteraceae,외래식물,1162,7~11월,가을,흔함,498,1:55/2:0/3:0/4:8/5:9/6:17/7:49/8:92/9:130/10:92/11:46/12:0,GBIF관찰+KPNI정명,,,,,,
,애기괭이눈,애기괭이눈,Chrysosplenium flagelliferum,,Saxifragaceae,자생식물,1157,3~5월,봄,흔함,345,1:1/2:2/3:67/4:160/5:60/6:25/7:10/8:10/9:7/10:3/11:0/12:0,GBIF관찰+KPNI정명,,,,,,
,사마귀풀,사마귀풀,Murdannia keisak,,Commelinaceae,자생식물,1156,9월,가을,흔함,312,1:8/2:0/3:1/4:2/5:15/6:69/7:49/8:35/9:111/10:20/11:2/12:0,GBIF관찰+KPNI정명,,,,,,
,머위,머위,Petasites japonicus,,Asteraceae,자생식물,1150,4~5월,봄,흔함,618,1:10/2:4/3:73/4:219/5:96/6:58/7:37/8:26/9:43/10:44/11:8/12:0,GBIF관찰+KPNI정명,,,,,,
197,서양등골나물,서양등골나물,Ageratina altissima,,Asteraceae,외래식물,1139,9~10월,가을,흔함,911,1:21/2:1/3:0/4:14/5:130/6:76/7:37/8:18/9:243/10:316/11:55/12:0,GBIF관찰+KPNI정명,Y,,흰색,산기슭·도심 숲,중,-
,오갈피나무,오갈피나무,Eleutherococcus sessiliflorus,,Araliaceae,자생식물,1138,4~7월,여름,흔함,508,1:7/2:0/3:1/4:80/5:127/6:75/7:62/8:31/9:57/10:58/11:10/12:0,GBIF관찰+KPNI정명,,,,,,
88,무궁화,무궁화,Hibiscus syriacus,,Malvaceae,재배식물,1138,7~9월,여름,흔함,449,1:8/2:2/3:4/4:11/5:17/6:36/7:116/8:142/9:82/10:26/11:4/12:1,GBIF관찰+KPNI정명,Y,,분홍,공원·학교·관공서,중,"부용,접시꽃"
,큰천남성,큰천남성,Arisaema ringens,,Araceae,자생식물,1128,4~7월,여름,흔함,477,1:3/2:0/3:1/4:79/5:129/6:85/7:63/8:41/9:36/10:26/11:13/12:1,GBIF관찰+KPNI정명,,,,,,
,벌씀바귀,벌씀바귀,Ixeris polycephala,,Asteraceae,자생식물,1120,4~5월,봄,흔함,424,1:4/2:0/3:8/4:107/5:240/6:42/7:8/8:6/9:4/10:4/11:1/12:0,GBIF관찰+KPNI정명,,,,,,
30,마가목,마가목,Sorbus commixta,,Rosaceae,자생식물,1119,,,흔함,213,1:5/2:2/3:5/4:26/5:37/6:32/7:29/8:28/9:28/10:14/11:6/12:1,GBIF관찰+KPNI정명,Y,,흰색,공원·산지,상,-
,쥐손이풀,쥐손이풀,Geranium sibiricum,,Geraniaceae,자생식물,1112,7~9월,여름,흔함,542,1:21/2:0/3:3/4:34/5:33/6:31/7:72/8:128/9:177/10:37/11:6/12:0,GBIF관찰+KPNI정명,,,,,,
,가막사리,가막사리,Bidens tripartita,,Asteraceae,자생식물,1107,9~10월,가을,흔함,291,1:68/2:0/3:2/4:11/5:10/6:14/7:27/8:25/9:86/10:42/11:6/12:0,GBIF관찰+KPNI정명,,,,,,
,오리방풀,오리방풀,Isodon excisus,,Lamiaceae,자생식물,1105,5~10월,여름,흔함,466,1:15/2:0/3:0/4:5/5:48/6:52/7:71/8:91/9:121/10:63/11:0/12:0,GBIF관찰+KPNI정명,,,,,,
,애기장구채,애기장구채,Silene aprica,,Caryophyllaceae,자생식물,1099,4~7월,여름,흔함,244,1:6/2:0/3:1/4:36/5:68/6:57/7:31/8:21/9:13/10:7/11:3/12:1,GBIF관찰+KPNI정명,,,,,,
,부채마,부채마,Dioscorea nipponica,,Dioscoreaceae,자생식물,1097,5~9월,여름,흔함,463,1:22/2:1/3:0/4:26/5:84/6:57/7:115/8:73/9:60/10:24/11:1/12:0,GBIF관찰+KPNI정명,,,,,,
,장구밥나무,장구밥나무,Grewia biloba,,Tiliaceae,자생식물,1090,6~10월,여름,흔함,242,1:7/2:4/3:4/4:4/5:17/6:45/7:51/8:33/9:25/10:35/11:14/12:3,GBIF관찰+KPNI정명,,,,,,
,돌양지꽃,돌양지꽃,Potentilla dickinsii,,Rosaceae,자생식물,1089,4~9월,여름,흔함,281,1:10/2:0/3:1/4:24/5:41/6:56/7:63/8:47/9:24/10:11/11:4/12:0,GBIF관찰+KPNI정명,,,,,,
,영아자,영아자,Asyneuma japonicum,,Campanulaceae,자생식물,1088,7~9월,여름,흔함,449,1:15/2:0/3:0/4:14/5:9/6:9/7:112/8:171/9:91/10:25/11:3/12:0,GBIF관찰+KPNI정명,,,,,,
,애기풀,애기풀,Polygala japonica,,Polygalaceae,자생식물,1086,4~6월,봄,흔함,358,1:10/2:0/3:2/4:94/5:140/6:49/7:21/8:17/9:13/10:12/11:0/12:0,GBIF관찰+KPNI정명,,,,,,
,닭의덩굴,닭의덩굴,Fallopia dumetorum,,Polygonaceae,자생식물,1072,6~9월,여름,흔함,565,1:53/2:0/3:0/4:14/5:35/6:72/7:90/8:99/9:140/10:46/11:16/12:0,GBIF관찰+KPNI정명,,,,,,
,개갈퀴,개갈퀴,Galium maximowiczii,,Rubiaceae,자생식물,1069,7~8월,여름,흔함,381,1:33/2:0/3:1/4:4/5:28/6:36/7:129/8:86/9:38/10:26/11:0/12:0,GBIF관찰+KPNI정명,,,,,,
,가시여뀌,가시여뀌,Persicaria dissitiflora,,Polygonaceae,자생식물,1069,6~9월,여름,흔함,393,1:29/2:0/3:0/4:2/5:12/6:43/7:75/8:82/9:112/10:37/11:1/12:0,GBIF관찰+KPNI정명,,,,,,
,연리갈퀴,연리갈퀴,Vicia venosa,,Fabaceae,자생식물,1069,5~9월,여름,흔함,336,1:17/2:0/3:0/4:17/5:38/6:46/7:63/8:59/9:75/10:20/11:1/12:0,GBIF관찰+KPNI정명,,,,,,
,마,마,Dioscorea polystachya,,Dioscoreaceae,자생식물,1065,5~6월,여름,흔함,660,1:0/2:0/3:1/4:5/5:129/6:188/7:59/8:29/9:157/10:86/11:6/12:0,GBIF관찰+KPNI정명,,,,,,
,딱총나무,딱총나무,Sambucus williamsii,,Caprifoliaceae,자생식물,1065,4~6월,봄,흔함,383,1:1/2:1/3:25/4:105/5:105/6:52/7:22/8:14/9:42/10:11/11:5/12:0,GBIF관찰+KPNI정명,,,,,,
,해국,해국,Aster spathulifolius,,Asteraceae,자생식물,1064,8~11월,가을,흔함,259,1:31/2:2/3:10/4:24/5:25/6:16/7:18/8:27/9:24/10:55/11:26/12:1,GBIF관찰+KPNI정명,,,,,,
,참조팝나무,참조팝나무,Spiraea fritschiana,,Rosaceae,자생식물,1053,5~9월,여름,흔함,129,1:1/2:0/3:0/4:9/5:17/6:40/7:31/8:15/9:14/10:1/11:1/12:0,GBIF관찰+KPNI정명,,,,,,
198,산부추,산부추,Allium thunbergii,,Liliaceae,자생식물,1046,9~10월,가을,흔함,456,1:86/2:0/3:8/4:16/5:38/6:35/7:14/8:29/9:97/10:121/11:12/12:0,GBIF관찰+KPNI정명,Y,,보라,산지·바위,중,부추꽃
,찰피나무,찰피나무,Tilia mandshurica,,Tiliaceae,자생식물,1035,5~9월,여름,흔함,168,1:2/2:0/3:3/4:8/5:41/6:38/7:26/8:26/9:15/10:7/11:0/12:2,GBIF관찰+KPNI정명,,,,,,
,가시상추,가시상추,Lactuca serriola,,Asteraceae,외래식물,1033,5~8월,여름,흔함,689,1:3/2:1/3:3/4:32/5:123/6:218/7:165/8:97/9:31/10:10/11:6/12:0,GBIF관찰+KPNI정명,,,,,,
,짝자래나무,짝자래나무,Rhamnus yoshinoi,,Rhamnaceae,자생식물,1030,5~8월,여름,흔함,358,1:21/2:2/3:0/4:22/5:100/6:73/7:59/8:35/9:34/10:9/11:3/12:0,GBIF관찰+KPNI정명,,,,,,
,순비기나무,순비기나무,Vitex rotundifolia,,Verbenaceae,자생식물,1029,5~10월,여름,흔함,336,1:15/2:1/3:1/4:20/5:39/6:40/7:68/8:40/9:68/10:30/11:13/12:1,GBIF관찰+KPNI변종정명,,,,,,
,갯까치수염,갯까치수염,Lysimachia mauritiana,,Primulaceae,자생식물,1027,5~7월,여름,흔함,256,1:16/2:4/3:3/4:17/5:47/6:58/7:38/8:18/9:23/10:21/11:11/12:0,GBIF관찰+KPNI정명,,,,,,
,쥐깨풀,쥐깨풀,Mosla dianthera,,Lamiaceae,자생식물,1027,9월,가을,흔함,505,1:84/2:0/3:1/4:6/5:10/6:15/7:15/8:40/9:238/10:79/11:17/12:0,GBIF관찰+KPNI정명,,,,,,
,갈퀴나물,갈퀴나물,Vicia amoena,,Fabaceae,자생식물,1018,5~9월,여름,흔함,398,1:9/2:0/3:5/4:25/5:59/6:49/7:87/8:88/9:54/10:17/11:5/12:0,GBIF관찰+KPNI정명,,,,,,
,조개나물,조개나물,Ajuga multiflora,,Lamiaceae,자생식물,1014,4~5월,봄,흔함,296,1:1/2:0/3:9/4:129/5:128/6:12/7:3/8:6/9:3/10:1/11:4/12:0,GBIF관찰+KPNI정명,,,,,,
,큰꼭두서니,큰꼭두서니,Rubia chinensis,,Rubiaceae,자생식물,1010,5~9월,여름,흔함,227,1:3/2:0/3:0/4:18/5:52/6:56/7:34/8:32/9:23/10:7/11:2/12:0,GBIF관찰+KPNI정명,,,,,,
,둥근잎나팔꽃,둥근잎나팔꽃,Ipomoea purpurea,,Convolvulaceae,외래식물,1009,8~10월,가을,흔함,425,1:31/2:0/3:0/4:4/5:2/6:15/7:33/8:61/9:127/10:137/11:15/12:0,GBIF관찰+KPNI정명,,,,,,
,산여뀌,산여뀌,Persicaria nepalensis,,Polygonaceae,자생식물,1008,8~9월,가을,흔함,394,1:32/2:0/3:0/4:3/5:11/6:15/7:43/8:76/9:179/10:33/11:2/12:0,GBIF관찰+KPNI정명,,,,,,
,괴불나무,괴불나무,Lonicera maackii,,Caprifoliaceae,자생식물,996,5월,봄,흔함,269,1:12/2:0/3:2/4:35/5:113/6:21/7:16/8:14/9:30/10:19/11:7/12:0,GBIF관찰+KPNI정명,,,,,,
,큰괭이밥,큰괭이밥,Oxalis obtriangulata,,Oxalidaceae,자생식물,990,4~5월,봄,흔함,379,1:2/2:0/3:32/4:154/5:103/6:42/7:16/8:20/9:5/10:5/11:0/12:0,GBIF관찰+KPNI정명,,,,,,
120,술패랭이꽃,술패랭이꽃,Dianthus longicalyx,,Caryophyllaceae,자생식물,987,7~8월,여름,흔함,221,1:17/2:0/3:0/4:10/5:11/6:13/7:63/8:67/9:20/10:12/11:8/12:0,GBIF관찰+KPNI정명,Y,,분홍,산지·풀밭,중,패랭이꽃
,타래난초,타래난초,Spiranthes sinensis,,Orchidaceae,자생식물,986,7월,여름,흔함,340,1:3/2:0/3:1/4:9/5:19/6:63/7:193/8:29/9:17/10:5/11:1/12:0,GBIF관찰+KPNI정명,,,,,,
82,해당화,해당화,Rosa rugosa,,Rosaceae,자생식물,984,5~8월,여름,흔함,378,1:13/2:1/3:7/4:32/5:101/6:55/7:57/8:46/9:31/10:26/11:8/12:1,GBIF관찰+KPNI정명,Y,,분홍,해안·공원,중,"장미,찔레꽃"
,배암차즈기,배암차즈기,Salvia plebeia,,Lamiaceae,자생식물,979,4~6월,봄,흔함,425,1:16/2:10/3:30/4:45/5:107/6:106/7:28/8:17/9:20/10:32/11:12/12:2,GBIF관찰+KPNI정명,,,,,,
,가는장구채,가는장구채,Silene yanoei,,Caryophyllaceae,자생식물,975,7~9월,여름,흔함,300,1:13/2:0/3:1/4:1/5:15/6:23/7:101/8:86/9:50/10:9/11:1/12:0,GBIF관찰+KPNI정명,,,,,,
,산검양옻나무,산검양옻나무,Toxicodendron sylvestre,,Anacardiaceae,자생식물,972,5~10월,여름,흔함,343,1:19/2:1/3:3/4:24/5:67/6:79/7:41/8:42/9:30/10:31/11:6/12:0,GBIF관찰+KPNI정명,,,,,,
,노루삼,노루삼,Actaea asiatica,,Ranunculaceae,자생식물,971,4~7월,여름,흔함,300,1:3/2:0/3:3/4:46/5:96/6:49/7:35/8:30/9:27/10:7/11:4/12:0,GBIF관찰+KPNI정명,,,,,,
,탑꽃,탑꽃,Clinopodium multicaule,,Lamiaceae,자생식물,957,8~10월,가을,흔함,513,1:34/2:0/3:0/4:15/5:30/6:42/7:43/8:86/9:149/10:107/11:7/12:0,GBIF관찰+KPNI정명,,,,,,
152,비비추,비비추,Hosta longipes,,Liliaceae,재배식물,955,5~9월,여름,흔함,329,1:8/2:2/3:2/4:17/5:63/6:37/7:79/8:54/9:48/10:18/11:1/12:0,GBIF관찰+KPNI정명,Y,,보라,화단·공원 그늘,중,옥잠화
,큰산꿩의다리,큰산꿩의다리,Thalictrum filamentosum,,Ranunculaceae,자생식물,955,6~9월,여름,흔함,296,1:11/2:0/3:0/4:14/5:19/6:70/7:71/8:64/9:35/10:11/11:1/12:0,GBIF관찰+KPNI정명,,,,,,
,어수리,어수리,Heracleum moellendorffii,,Apiaceae,자생식물,951,5~9월,여름,흔함,368,1:14/2:0/3:4/4:30/5:45/6:37/7:68/8:103/9:55/10:9/11:2/12:1,GBIF관찰+KPNI정명,,,,,,
,돌소리쟁이,돌소리쟁이,Rumex obtusifolius,,Polygonaceae,외래식물,950,5~7월,여름,흔함,340,1:5/2:1/3:9/4:28/5:83/6:68/7:37/8:14/9:39/10:50/11:6/12:0,GBIF관찰+KPNI정명,,,,,,
,풀싸리,풀싸리,Lespedeza thunbergii,,Fabaceae,자생식물,948,8~10월,가을,흔함,128,1:7/2:0/3:1/4:1/5:6/6:7/7:14/8:20/9:44/10:28/11:0/12:0,GBIF관찰+KPNI정명,,,,,,
,좀가지풀,좀가지풀,Lysimachia japonica,,Primulaceae,자생식물,946,5~6월,여름,흔함,395,1:2/2:0/3:4/4:25/5:146/6:123/7:33/8:24/9:14/10:20/11:4/12:0,GBIF관찰+KPNI정명,,,,,,
56,금낭화,금낭화,Lamprocapnos spectabilis,,Papaveraceae,자생식물,944,4~5월,봄,흔함,387,1:1/2:0/3:16/4:180/5:138/6:34/7:12/8:0/9:4/10:2/11:0/12:0,GBIF관찰+KPNI정명,Y,,분홍,화단·산지,하,-
,터리풀,터리풀,Filipendula glaberrima,,Rosaceae,자생식물,942,4~8월,여름,흔함,243,1:2/2:0/3:0/4:25/5:34/6:59/7:50/8:49/9:17/10:4/11:3/12:0,GBIF관찰+KPNI정명,,,,,,
24,황매화,황매화,Kerria japonica,,Rosaceae,재배식물,935,4월,봄,흔함,383,1:2/2:0/3:14/4:186/5:65/6:15/7:33/8:24/9:33/10:8/11:3/12:0,GBIF관찰+KPNI정명,Y,,노랑,공원·화단,중,-
,갯완두,갯완두,Lathyrus japonicus,,Fabaceae,자생식물,929,5~6월,여름,흔함,227,1:5/2:0/3:2/4:21/5:89/6:43/7:20/8:8/9:22/10:11/11:6/12:0,GBIF관찰+KPNI정명,,,,,,
,뫼제비꽃,뫼제비꽃,Viola selkirkii,,Violaceae,자생식물,928,4~5월,봄,흔함,239,1:12/2:0/3:6/4:73/5:63/6:19/7:19/8:17/9:21/10:8/11:1/12:0,GBIF관찰+KPNI정명,,,,,,
,벗풀,벗풀,Sagittaria trifolia,,Alismataceae,자생식물,925,7~9월,여름,흔함,113,1:1/2:0/3:0/4:4/5:2/6:2/7:27/8:34/9:35/10:8/11:0/12:0,GBIF관찰+KPNI정명,,,,,,
,호제비꽃,호제비꽃,Viola philippica,,Violaceae,자생식물,925,4월,봄,흔함,433,1:6/2:0/3:66/4:235/5:48/6:15/7:11/8:13/9:19/10:7/11:13/12:0,GBIF관찰+KPNI정명,,,,,,
,가죽나무,가죽나무,Ailanthus altissima,,Simaroubaceae,재배식물,922,5~10월,여름,흔함,461,1:2/2:3/3:5/4:25/5:48/6:86/7:87/8:69/9:63/10:59/11:8/12:6,GBIF관찰+KPNI정명,,,,,,
,흰젖제비꽃,흰젖제비꽃,Viola lactiflora,,Violaceae,자생식물,921,4월,봄,흔함,284,1:4/2:0/3:8/4:165/5:44/6:17/7:5/8:8/9:11/10:14/11:8/12:0,GBIF관찰+KPNI정명,,,,,,
,얼치기완두,얼치기완두,Vicia tetrasperma,,Fabaceae,자생식물,917,4~5월,봄,흔함,350,1:2/2:0/3:12/4:100/5:160/6:32/7:13/8:9/9:8/10:6/11:8/12:0,GBIF관찰+KPNI정명,,,,,,
,뱀무,뱀무,Geum japonicum,,Rosaceae,자생식물,912,6~8월,여름,흔함,297,1:3/2:0/3:2/4:15/5:26/6:57/7:93/8:57/9:31/10:11/11:2/12:0,GBIF관찰+KPNI정명,,,,,,
,서양금혼초,서양금혼초,Hypochaeris radicata,,Asteraceae,외래식물,911,4~7월,여름,흔함,315,1:6/2:0/3:6/4:51/5:49/6:73/7:33/8:19/9:35/10:19/11:21/12:3,GBIF관찰+KPNI정명,,,,,,
,큰개현삼,큰개현삼,Scrophularia kakudensis,,Scrophulariaceae,자생식물,910,7~9월,여름,흔함,237,1:17/2:0/3:0/4:5/5:22/6:15/7:53/8:65/9:47/10:6/11:7/12:0,GBIF관찰+KPNI정명,,,,,,
,갓,갓,Brassica juncea,,Brassicaceae,재배식물,907,4~5월,봄,흔함,320,1:10/2:1/3:17/4:115/5:85/6:31/7:14/8:11/9:9/10:14/11:11/12:2,GBIF관찰+KPNI정명,,,,,,
,왕버들,왕버들,Salix chaenomeloides,,Salicaceae,자생식물,907,4~5월,봄,흔함,235,1:8/2:2/3:7/4:39/5:78/6:25/7:20/8:23/9:10/10:19/11:4/12:0,GBIF관찰+KPNI정명,,,,,,
,미국나팔꽃,미국나팔꽃,Ipomoea hederacea,,Convolvulaceae,외래식물,906,8~10월,가을,흔함,393,1:27/2:2/3:0/4:0/5:0/6:9/7:24/8:80/9:144/10:99/11:8/12:0,GBIF관찰+KPNI정명,,,,,,
,멀구슬나무,멀구슬나무,Melia azedarach,,Meliaceae,재배식물,903,,,흔함,421,1:22/2:13/3:9/4:38/5:79/6:57/7:52/8:31/9:51/10:40/11:23/12:6,GBIF관찰+KPNI정명,,,,,,
185,개미취,개미취,Aster tataricus,,Asteraceae,자생식물,898,8~9월,가을,흔함,385,1:54/2:0/3:0/4:9/5:27/6:25/7:35/8:65/9:129/10:40/11:1/12:0,기존200종(관찰기록없음),Y,,보라,산지·화단,상,벌개미취
,긴사상자,긴사상자,Osmorhiza aristata,,Apiaceae,자생식물,897,4~7월,여름,흔함,208,1:3/2:0/3:1/4:33/5:69/6:41/7:31/8:14/9:13/10:3/11:0/12:0,GBIF관찰+KPNI정명,,,,,,
,조밥나물,조밥나물,Hieracium umbellatum,,Asteraceae,자생식물,896,7~9월,여름,흔함,346,1:44/2:0/3:0/4:8/5:20/6:15/7:42/8:90/9:105/10:20/11:2/12:0,GBIF관찰+KPNI정명,,,,,,
,수염가래꽃,수염가래꽃,Lobelia chinensis,,Campanulaceae,자생식물,892,5~10월,여름,흔함,236,1:17/2:0/3:0/4:7/5:19/6:43/7:45/8:31/9:54/10:19/11:1/12:0,GBIF관찰+KPNI정명,,,,,,
,아그배나무,아그배나무,Malus toringo,,Rosaceae,자생식물,882,4~9월,여름,흔함,155,1:7/2:0/3:8/4:33/5:38/6:15/7:16/8:14/9:14/10:9/11:1/12:0,GBIF관찰+KPNI정명,,,,,,
,활량나물,활량나물,Lathyrus davidii,,Fabaceae,자생식물,881,6~8월,여름,흔함,330,1:11/2:0/3:0/4:17/5:35/6:44/7:113/8:68/9:36/10:6/11:0/12:0,GBIF관찰+KPNI정명,,,,,,
,외대으아리,외대으아리,Clematis brachyura,,Ranunculaceae,자생식물,880,5~6월,여름,흔함,193,1:4/2:0/3:1/4:6/5:54/6:57/7:16/8:21/9:22/10:10/11:2/12:0,GBIF관찰+KPNI정명,,,,,,
,키버들,키버들,Salix koriyanagi,,Salicaceae,자생식물,877,4~5월,봄,흔함,341,1:14/2:1/3:27/4:110/5:55/6:33/7:40/8:34/9:22/10:4/11:1/12:0,GBIF관찰+KPNI정명,,,,,,
,시닥나무,시닥나무,Acer komarovii,,Aceraceae,자생식물,876,5~7월,여름,흔함,131,1:1/2:0/3:0/4:10/5:46/6:21/7:21/8:10/9:16/10:6/11:0/12:0,GBIF관찰+KPNI정명,,,,,,
,상동나무,상동나무,Sageretia thea,,Rhamnaceae,자생식물,876,,,흔함,197,1:19/2:2/3:1/4:31/5:26/6:21/7:21/8:12/9:30/10:16/11:18/12:0,GBIF관찰+KPNI정명,,,,,,
,궁궁이,궁궁이,Angelica polymorpha,,Apiaceae,자생식물,871,8~9월,가을,흔함,326,1:31/2:0/3:3/4:20/5:24/6:13/7:28/8:59/9:109/10:31/11:8/12:0,GBIF관찰+KPNI정명,,,,,,
,말채나무,말채나무,Cornus walteri,,Cornaceae,자생식물,862,5~9월,여름,흔함,241,1:9/2:3/3:3/4:10/5:44/6:56/7:44/8:30/9:20/10:17/11:5/12:0,GBIF관찰+KPNI정명,,,,,,
,층꽃나무,층꽃나무,Caryopteris incana,,Verbenaceae,자생식물,853,9~10월,가을,흔함,391,1:51/2:3/3:4/4:19/5:27/6:36/7:18/8:21/9:123/10:68/11:18/12:3,GBIF관찰+KPNI정명,,,,,,
,울산도깨비바늘,울산도깨비바늘,Bidens pilosa,,Asteraceae,외래식물,852,9~11월,가을,흔함,323,1:12/2:0/3:0/4:4/5:9/6:19/7:24/8:21/9:92/10:92/11:49/12:1,GBIF관찰+KPNI정명,,,,,,
,털괭이눈,털괭이눈,Chrysosplenium pilosum,,Saxifragaceae,자생식물,852,3~5월,봄,흔함,290,1:0/2:1/3:45/4:124/5:69/6:28/7:7/8:5/9:7/10:3/11:1/12:0,GBIF관찰+KPNI정명,,,,,,
,큰도꼬마리,큰도꼬마리,Xanthium orientale,,Asteraceae,외래식물,851,9~10월,가을,흔함,238,1:15/2:1/3:1/4:18/5:2/6:10/7:25/8:19/9:64/10:71/11:10/12:2,GBIF관찰+KPNI정명,,,,,,
,돌단풍,돌단풍,Mukdenia rossii,,Saxifragaceae,자생식물,849,4~5월,봄,흔함,280,1:2/2:0/3:24/4:113/5:51/6:31/7:24/8:16/9:13/10:6/11:0/12:0,GBIF관찰+KPNI정명,,,,,,
,긴담배풀,긴담배풀,Carpesium divaricatum,,Asteraceae,자생식물,848,7~9월,여름,흔함,313,1:16/2:0/3:1/4:5/5:16/6:12/7:38/8:103/9:86/10:34/11:2/12:0,GBIF관찰+KPNI정명,,,,,,
,큰앵초,큰앵초,Primula jesoana,,Primulaceae,자생식물,848,5~6월,여름,흔함,119,1:1/2:0/3:0/4:6/5:65/6:33/7:5/8:6/9:3/10:0/11:0/12:0,GBIF관찰+KPNI정명,,,,,,
,금강애기나리,금강애기나리,Streptopus ovalis,,Liliaceae,자생식물,846,5~6월,여름,흔함,87,1:1/2:0/3:0/4:3/5:34/6:24/7:9/8:10/9:6/10:0/11:0/12:0,GBIF관찰+KPNI정명,,,,,,
,복자기,복자기,Acer triflorum,,Aceraceae,자생식물,845,,,흔함,336,1:8/2:2/3:5/4:41/5:56/6:41/7:45/8:31/9:45/10:51/11:10/12:1,GBIF관찰+KPNI정명,,,,,,
,고려엉겅퀴,고려엉겅퀴,Cirsium setidens,,Asteraceae,자생식물,844,8~9월,가을,흔함,329,1:56/2:0/3:0/4:2/5:12/6:13/7:21/8:46/9:127/10:44/11:8/12:0,GBIF관찰+KPNI정명,,,,,,
,뚱딴지,뚱딴지,Helianthus tuberosus,,Asteraceae,재배식물,844,9~10월,가을,흔함,469,1:46/2:0/3:1/4:5/5:54/6:82/7:28/8:23/9:135/10:84/11:10/12:1,GBIF관찰+KPNI정명,,,,,,
,매화노루발,매화노루발,Chimaphila japonica,,Pyrolaceae,자생식물,840,5~6월,여름,흔함,282,1:10/2:3/3:18/4:28/5:49/6:98/7:34/8:24/9:9/10:6/11:3/12:0,GBIF관찰+KPNI정명,,,,,,
,나도냉이,나도냉이,Barbarea orthoceras,,Brassicaceae,자생식물,838,4~5월,봄,흔함,246,1:0/2:0/3:2/4:58/5:110/6:38/7:13/8:14/9:7/10:3/11:1/12:0,GBIF관찰+KPNI정명,,,,,,
,담배풀,담배풀,Carpesium abrotanoides,,Asteraceae,자생식물,834,8~10월,가을,흔함,411,1:34/2:0/3:4/4:35/5:43/6:30/7:30/8:83/9:100/10:46/11:6/12:0,GBIF관찰+KPNI정명,,,,,,
,매발톱나무,매발톱나무,Berberis amurensis,,Berberidaceae,자생식물,833,5~9월,여름,흔함,58,1:4/2:0/3:1/4:5/5:15/6:7/7:9/8:7/9:7/10:2/11:1/12:0,GBIF관찰+KPNI정명,,,,,,
,산씀바귀,산씀바귀,Lactuca raddeana,,Asteraceae,자생식물,832,7~9월,여름,흔함,319,1:14/2:0/3:3/4:7/5:28/6:23/7:60/8:104/9:74/10:5/11:1/12:0,GBIF관찰+KPNI정명,,,,,,
,곰의말채나무,곰의말채나무,Cornus macrophylla,,Cornaceae,자생식물,821,4~9월,여름,흔함,233,1:3/2:1/3:3/4:20/5:42/6:51/7:30/8:43/9:23/10:15/11:2/12:0,GBIF관찰+KPNI정명,,,,,,
,들정향나무,들정향나무,Syringa reticulata,,Oleaceae,재배식물,819,5~7월,여름,흔함,100,1:2/2:0/3:0/4:3/5:18/6:38/7:22/8:6/9:7/10:2/11:2/12:0,GBIF관찰+KPNI정명,,,,,,
,수리취,수리취,Synurus deltoides,,Asteraceae,자생식물,814,7~10월,가을,흔함,316,1:44/2:0/3:1/4:14/5:34/6:25/7:33/8:57/9:75/10:32/11:1/12:0,GBIF관찰+KPNI정명,,,,,,
135,까치수염,까치수염,Lysimachia barystachys,,Primulaceae,자생식물,813,5~8월,여름,흔함,256,1:6/2:0/3:0/4:12/5:51/6:78/7:57/8:33/9:14/10:4/11:1/12:0,GBIF관찰+KPNI정명,Y,,흰색,풀밭,상,큰까치수염
,산가막살나무,산가막살나무,Viburnum wrightii,,Caprifoliaceae,자생식물,811,5~6월,여름,흔함,166,1:12/2:0/3:0/4:10/5:60/6:28/7:15/8:11/9:18/10:12/11:0/12:0,GBIF관찰+KPNI정명,,,,,,
,돌채송화,돌채송화,Sedum japonicum,,Crassulaceae,자생식물,808,4~7월,여름,흔함,186,1:2/2:3/3:7/4:16/5:44/6:44/7:30/8:8/9:16/10:11/11:4/12:1,GBIF관찰+KPNI정명,,,,,,
,수양버들,수양버들,Salix babylonica,,Salicaceae,재배식물,807,,,흔함,118,1:3/2:1/3:8/4:21/5:10/6:21/7:8/8:10/9:11/10:19/11:6/12:0,GBIF관찰+KPNI정명,,,,,,
,까치고들빼기,까치고들빼기,Crepidiastrum chelidoniifolium,,Asteraceae,자생식물,803,7~9월,여름,흔함,266,1:26/2:0/3:0/4:7/5:26/6:18/7:37/8:50/9:87/10:13/11:2/12:0,GBIF관찰+KPNI정명,,,,,,
,미국까마중,미국까마중,Solanum americanum,,Solanaceae,외래식물,801,9~10월,가을,흔함,236,1:15/2:2/3:0/4:3/5:5/6:11/7:13/8:15/9:60/10:94/11:18/12:0,GBIF관찰+KPNI정명,,,,,,
,묏미나리,묏미나리,Ostericum sieboldii,,Apiaceae,자생식물,797,9월,가을,흔함,224,1:24/2:0/3:1/4:5/5:11/6:20/7:11/8:22/9:96/10:29/11:5/12:0,GBIF관찰+KPNI정명,,,,,,
110,코스모스,코스모스,Cosmos bipinnatus,,Asteraceae,재배식물,796,9~10월,가을,흔함,495,1:35/2:1/3:3/4:7/5:18/6:38/7:56/8:46/9:118/10:138/11:33/12:2,GBIF관찰+KPNI정명,Y,,분홍,하천변·길가,하,노랑코스모스
,꼬리조팝나무,꼬리조팝나무,Spiraea salicifolia,,Rosaceae,자생식물,795,7~9월,여름,흔함,305,1:5/2:0/3:0/4:9/5:15/6:38/7:119/8:60/9:43/10:13/11:3/12:0,GBIF관찰+KPNI정명,,,,,,
,꽃받이,꽃받이,Bothriospermum zeylanicum,,Boraginaceae,자생식물,793,4~5월,봄,흔함,406,1:0/2:0/3:27/4:190/5:108/6:54/7:6/8:3/9:3/10:8/11:7/12:0,GBIF관찰+KPNI정명,,,,,,
,까마귀베개,까마귀베개,Rhamnella franguloides,,Rhamnaceae,자생식물,793,5~9월,여름,흔함,232,1:4/2:0/3:1/4:8/5:24/6:60/7:43/8:47/9:32/10:12/11:1/12:0,GBIF관찰+KPNI정명,,,,,,
,애기고추나물,애기고추나물,Hypericum japonicum,,Clusiaceae,자생식물,785,7~10월,가을,흔함,260,1:20/2:0/3:1/4:4/5:3/6:23/7:57/8:78/9:44/10:28/11:2/12:0,GBIF관찰+KPNI정명,,,,,,
,은분취,은분취,Saussurea gracilis,,Asteraceae,자생식물,782,5~10월,여름,흔함,188,1:23/2:0/3:1/4:7/5:16/6:19/7:31/8:29/9:44/10:18/11:0/12:0,GBIF관찰+KPNI정명,,,,,,
,중대가리풀,중대가리풀,Centipeda minima,,Asteraceae,자생식물,779,7~10월,가을,흔함,373,1:38/2:0/3:1/4:11/5:7/6:28/7:68/8:74/9:102/10:39/11:5/12:0,GBIF관찰+KPNI정명,,,,,,
,동의나물,동의나물,Caltha palustris,,Ranunculaceae,자생식물,769,4~5월,봄,흔함,181,1:0/2:0/3:3/4:65/5:72/6:20/7:7/8:6/9:4/10:4/11:0/12:0,GBIF관찰+KPNI정명,,,,,,
,자귀풀,자귀풀,Aeschynomene indica,,Fabaceae,자생식물,764,7~10월,가을,흔함,351,1:29/2:0/3:0/4:4/5:8/6:22/7:58/8:94/9:94/10:40/11:2/12:0,GBIF관찰+KPNI정명,,,,,,
,좀사철나무,좀사철나무,Euonymus fortunei,,Celastraceae,자생식물,764,,,흔함,260,1:9/2:5/3:22/4:53/5:33/6:34/7:19/8:21/9:21/10:18/11:23/12:2,GBIF관찰+KPNI정명,,,,,,
,개미자리,개미자리,Sagina japonica,,Caryophyllaceae,자생식물,763,4~7월,여름,흔함,250,1:3/2:3/3:7/4:45/5:60/6:59/7:37/8:10/9:14/10:5/11:7/12:0,GBIF관찰+KPNI정명,,,,,,
,검종덩굴,검종덩굴,Clematis fusca,,Ranunculaceae,자생식물,761,5~8월,여름,흔함,178,1:4/2:0/3:1/4:13/5:38/6:47/7:42/8:22/9:7/10:4/11:0/12:0,GBIF관찰+KPNI정명,,,,,,
,보춘화,보춘화,Cymbidium goeringii,,Orchidaceae,자생식물,756,3~5월,봄,흔함,347,1:18/2:6/3:85/4:116/5:55/6:19/7:5/8:11/9:10/10:12/11:9/12:1,GBIF관찰+KPNI변종정명,,,,,,
,물머위,물머위,Adenostemma lavenia,,Asteraceae,자생식물,755,,,흔함,11,1:0/2:0/3:0/4:0/5:0/6:2/7:1/8:5/9:3/10:0/11:0/12:0,GBIF관찰+KPNI정명,,,,,,
,개불알풀,개불알풀,Veronica polita,,Scrophulariaceae,외래식물,755,3~5월,봄,흔함,254,1:8/2:8/3:75/4:81/5:42/6:16/7:3/8:6/9:8/10:5/11:1/12:1,GBIF관찰+KPNI정명,,,,,,
,꽝꽝나무,꽝꽝나무,Ilex crenata,,Aquifoliaceae,자생식물,753,,,흔함,293,1:21/2:14/3:33/4:31/5:36/6:37/7:22/8:15/9:22/10:24/11:32/12:6,GBIF관찰+KPNI정명,,,,,,
,전동싸리,전동싸리,Melilotus suaveolens,,Fabaceae,외래식물,745,5~9월,여름,흔함,152,1:5/2:0/3:0/4:9/5:22/6:26/7:30/8:29/9:21/10:10/11:0/12:0,GBIF관찰+KPNI정명,,,,,,
,옥잠난초,옥잠난초,Liparis kumokiri,,Orchidaceae,자생식물,743,6~8월,여름,흔함,374,1:11/2:0/3:0/4:6/5:22/6:128/7:114/8:49/9:35/10:9/11:0/12:0,GBIF관찰+KPNI정명,,,,,,
,세잎종덩굴,세잎종덩굴,Clematis koreana,,Ranunculaceae,자생식물,742,6~9월,여름,흔함,81,1:2/2:0/3:0/4:1/5:8/6:25/7:22/8:12/9:10/10:1/11:0/12:0,GBIF관찰+KPNI정명,,,,,,
22,등나무,등,Wisteria floribunda,,Fabaceae,자생식물,742,4~6월,봄,흔함,280,1:8/2:0/3:3/4:56/5:79/6:36/7:18/8:24/9:27/10:23/11:5/12:1,GBIF관찰+KPNI정명,Y,,보라,공원 그늘막·정자,하,칡꽃
,톱풀,톱풀,Achillea alpina,,Asteraceae,자생식물,741,6~9월,여름,흔함,141,1:10/2:0/3:1/4:4/5:9/6:15/7:34/8:32/9:26/10:8/11:2/12:0,GBIF관찰+KPNI정명,,,,,,
,갯기름나물,갯기름나물,Peucedanum japonicum,,Apiaceae,자생식물,741,4~7월,여름,흔함,201,1:2/2:2/3:2/4:19/5:20/6:42/7:37/8:7/9:17/10:27/11:26/12:0,GBIF관찰+KPNI정명,,,,,,
,새삼,새삼,Cuscuta japonica,,Convolvulaceae,자생식물,740,7~9월,여름,흔함,349,1:47/2:0/3:3/4:4/5:5/6:15/7:48/8:84/9:108/10:33/11:2/12:0,GBIF관찰+KPNI정명,,,,,,
,염주괴불주머니,염주괴불주머니,Corydalis heterocarpa,,Fumariaceae,자생식물,736,4~6월,봄,흔함,222,1:0/2:0/3:1/4:41/5:99/6:43/7:15/8:6/9:11/10:4/11:1/12:1,GBIF관찰+KPNI정명,,,,,,
,나래회나무,나래회나무,Euonymus macropterus,,Celastraceae,자생식물,736,5~7월,여름,흔함,138,1:5/2:0/3:0/4:11/5:42/6:22/7:26/8:8/9:19/10:4/11:1/12:0,GBIF관찰+KPNI정명,,,,,,
,은난초,은난초,Cephalanthera erecta,,Orchidaceae,자생식물,735,5월,봄,흔함,265,1:5/2:0/3:0/4:19/5:151/6:39/7:19/8:10/9:11/10:11/11:0/12:0,GBIF관찰+KPNI정명,,,,,,
,장딸기,장딸기,Rubus hirsutus,,Rosaceae,자생식물,727,4~5월,봄,흔함,237,1:7/2:3/3:13/4:69/5:67/6:24/7:10/8:8/9:15/10:7/11:14/12:0,GBIF관찰+KPNI정명,,,,,,
60,복수초,복수초,Adonis amurensis,,Ranunculaceae,자생식물,720,3~5월,봄,흔함,150,1:0/2:9/3:47/4:65/5:27/6:0/7:1/8:1/9:0/10:0/11:0/12:0,GBIF관찰+KPNI정명,Y,,노랑,산지 숲,중,-
,금붓꽃,금붓꽃,Iris minutoaurea,,Iridaceae,자생식물,720,4월,봄,흔함,177,1:0/2:0/3:1/4:135/5:25/6:8/7:3/8:2/9:3/10:0/11:0/12:0,GBIF관찰+KPNI정명,,,,,,
103,실망초,실망초,Erigeron bonariensis,,Asteraceae,외래식물,718,6~10월,여름,흔함,190,1:25/2:0/3:1/4:4/5:11/6:20/7:20/8:32/9:50/10:22/11:5/12:0,GBIF관찰+KPNI정명,Y,Conyza bonariensis,흰색,공터,상,망초
,말똥비름,말똥비름,Sedum bulbiferum,,Crassulaceae,자생식물,718,5~6월,여름,흔함,264,1:3/2:0/3:13/4:20/5:89/6:89/7:15/8:6/9:9/10:13/11:7/12:0,GBIF관찰+KPNI정명,,,,,,
,애기메꽃,애기메꽃,Calystegia hederacea,,Convolvulaceae,자생식물,716,5~8월,여름,흔함,248,1:3/2:0/3:0/4:8/5:64/6:72/7:42/8:27/9:21/10:11/11:0/12:0,GBIF관찰+KPNI정명,,,,,,
,구슬붕이,구슬붕이,Gentiana squarrosa,,Gentianaceae,자생식물,716,4~5월,봄,흔함,164,1:0/2:2/3:2/4:46/5:74/6:23/7:6/8:7/9:4/10:0/11:0/12:0,GBIF관찰+KPNI정명,,,,,,
,털이슬,털이슬,Circaea mollis,,Onagraceae,자생식물,706,8~9월,가을,흔함,295,1:13/2:0/3:1/4:5/5:4/6:14/7:40/8:125/9:77/10:14/11:2/12:0,GBIF관찰+KPNI정명,,,,,,
,송장풀,송장풀,Leonurus macranthus,,Lamiaceae,자생식물,706,8~9월,가을,흔함,227,1:9/2:0/3:0/4:0/5:6/6:9/7:23/8:103/9:63/10:13/11:1/12:0,GBIF관찰+KPNI정명,,,,,,
,만수국아재비,만수국아재비,Tagetes minuta,,Asteraceae,외래식물,703,10~11월,가을,흔함,253,1:45/2:1/3:1/4:11/5:3/6:12/7:8/8:10/9:25/10:87/11:48/12:2,GBIF관찰+KPNI정명,,,,,,
,털부처꽃,털부처꽃,Lythrum salicaria,,Lythraceae,자생식물,699,7~9월,여름,흔함,288,1:13/2:0/3:0/4:4/5:7/6:26/7:101/8:86/9:42/10:8/11:1/12:0,GBIF관찰+KPNI정명,,,,,,
,감자난초,감자난초,Oreorchis patens,,Orchidaceae,자생식물,698,5월,봄,흔함,196,1:1/2:0/3:3/4:29/5:111/6:35/7:2/8:2/9:9/10:4/11:0/12:0,GBIF관찰+KPNI정명,,,,,,
,북방산비장이,북방산비장이,Serratula coronata,,Asteraceae,자생식물,694,8~10월,가을,흔함,279,1:43/2:0/3:0/4:9/5:9/6:18/7:15/8:72/9:77/10:34/11:2/12:0,GBIF관찰+KPNI정명,,,,,,
,좀작살나무,좀작살나무,Callicarpa dichotoma,,Verbenaceae,자생식물,691,6~10월,여름,흔함,340,1:18/2:2/3:0/4:8/5:25/6:60/7:44/8:33/9:73/10:66/11:8/12:3,GBIF관찰+KPNI정명,,,,,,
,구릿대,구릿대,Angelica dahurica,,Apiaceae,자생식물,690,7~9월,여름,흔함,253,1:5/2:0/3:5/4:22/5:15/6:25/7:46/8:80/9:41/10:10/11:4/12:0,GBIF관찰+KPNI변종정명,,,,,,
,눈빛승마,눈빛승마,Actaea dahurica,,Ranunculaceae,자생식물,689,4~9월,여름,흔함,349,1:7/2:0/3:3/4:32/5:44/6:33/7:50/8:68/9:86/10:25/11:1/12:0,GBIF관찰+KPNI정명,,,,,,
,금마타리,금마타리,Patrinia saniculifolia,,Valerianaceae,자생식물,689,4~9월,여름,흔함,110,1:0/2:0/3:0/4:9/5:18/6:25/7:18/8:19/9:21/10:0/11:0/12:0,GBIF관찰+KPNI정명,,,,,,
,자주개자리,자주개자리,Medicago sativa,,Fabaceae,외래식물,686,5~8월,여름,흔함,208,1:3/2:0/3:0/4:11/5:28/6:66/7:38/8:26/9:15/10:21/11:0/12:0,GBIF관찰+KPNI정명,,,,,,
,둥근잎유홍초,둥근잎유홍초,Ipomoea coccinea,,Convolvulaceae,외래식물,685,9~10월,가을,흔함,265,1:18/2:0/3:0/4:1/5:0/6:6/7:16/8:36/9:117/10:64/11:7/12:0,GBIF관찰+KPNI정명,,,,,,
,벌완두,벌완두,Vicia amurensis,,Fabaceae,자생식물,683,6~9월,여름,흔함,263,1:14/2:0/3:0/4:12/5:14/6:35/7:59/8:52/9:72/10:5/11:0/12:0,GBIF관찰+KPNI정명,,,,,,
,털장대,털장대,Arabis hirsuta,,Brassicaceae,자생식물,680,5~6월,여름,흔함,110,1:0/2:0/3:1/4:11/5:59/6:25/7:8/8:3/9:1/10:1/11:1/12:0,GBIF관찰+KPNI정명,,,,,,
,회리바람꽃,회리바람꽃,Anemone reflexa,,Ranunculaceae,자생식물,679,4~5월,봄,흔함,219,1:0/2:0/3:4/4:117/5:89/6:4/7:0/8:3/9:0/10:2/11:0/12:0,GBIF관찰+KPNI정명,,,,,,
,각시둥굴레,각시둥굴레,Polygonatum humile,,Liliaceae,자생식물,677,4~5월,봄,흔함,154,1:6/2:0/3:1/4:34/5:61/6:21/7:12/8:9/9:2/10:8/11:0/12:0,GBIF관찰+KPNI정명,,,,,,
,사데풀,사데풀,Sonchus brachyotus,,Asteraceae,자생식물,677,8~10월,가을,흔함,318,1:22/2:0/3:0/4:10/5:8/6:12/7:27/8:52/9:96/10:81/11:9/12:1,GBIF관찰+KPNI정명,,,,,,
,뻐꾹나리,뻐꾹나리,Tricyrtis macropoda,,Liliaceae,자생식물,676,5~9월,여름,흔함,286,1:14/2:0/3:0/4:13/5:38/6:39/7:26/8:73/9:55/10:24/11:4/12:0,GBIF관찰+KPNI정명,,,,,,
,구기자나무,구기자나무,Lycium chinense,,Solanaceae,재배식물,672,,,흔함,258,1:19/2:0/3:2/4:23/5:22/6:24/7:18/8:30/9:51/10:50/11:16/12:3,GBIF관찰+KPNI정명,,,,,,
,도꼬마리,도꼬마리,Xanthium strumarium,,Asteraceae,외래식물,672,9~10월,가을,흔함,207,1:23/2:1/3:3/4:5/5:8/6:19/7:13/8:24/9:70/10:29/11:11/12:1,GBIF관찰+KPNI정명,,,,,,
,굴거리나무,굴거리나무,Daphniphyllum macropodum,,Daphniphyllaceae,자생식물,671,,,흔함,221,1:16/2:7/3:20/4:41/5:22/6:25/7:19/8:29/9:16/10:11/11:9/12:6,GBIF관찰+KPNI정명,,,,,,
143,도라지,도라지,Platycodon grandiflorus,,Campanulaceae,자생식물,671,7~8월,여름,흔함,128,1:0/2:0/3:0/4:0/5:4/6:11/7:57/8:32/9:18/10:6/11:0/12:0,GBIF관찰+KPNI정명,Y,,보라,밭·화단,하,-
,푼지나무,푼지나무,Celastrus flagellaris,,Celastraceae,자생식물,669,4~7월,여름,흔함,274,1:10/2:1/3:2/4:48/5:84/6:41/7:30/8:12/9:16/10:23/11:7/12:0,GBIF관찰+KPNI정명,,,,,,
,보풀,보풀,Sagittaria aginashi,,Alismataceae,자생식물,667,7~9월,여름,흔함,97,1:4/2:0/3:0/4:2/5:3/6:1/7:18/8:30/9:35/10:4/11:0/12:0,GBIF관찰+KPNI정명,,,,,,
,곰취,곰취,Ligularia fischeri,,Asteraceae,자생식물,666,5~9월,여름,흔함,219,1:9/2:0/3:0/4:17/5:28/6:24/7:33/8:56/9:33/10:18/11:1/12:0,GBIF관찰+KPNI정명,,,,,,
,우묵사스레피,우묵사스레피,Eurya emarginata,,Theaceae,자생식물,665,4~7월,여름,흔함,130,1:22/2:2/3:5/4:23/5:11/6:12/7:16/8:6/9:17/10:4/11:6/12:6,GBIF관찰+KPNI정명,,,,,,
,여우팥,여우팥,Dunbaria villosa,,Fabaceae,자생식물,662,7~9월,여름,흔함,233,1:10/2:0/3:0/4:9/5:3/6:15/7:32/8:88/9:59/10:13/11:3/12:1,GBIF관찰+KPNI정명,,,,,,
,갯질경,갯질경,Limonium tetragonum,,Plumbaginaceae,자생식물,661,,,흔함,116,1:1/2:0/3:5/4:8/5:18/6:14/7:14/8:11/9:20/10:15/11:10/12:0,GBIF관찰+KPNI정명,,,,,,
,번행초,번행초,Tetragonia tetragonoides,,Aizoaceae,자생식물,661,,,흔함,222,1:24/2:1/3:0/4:17/5:20/6:38/7:36/8:16/9:30/10:26/11:13/12:1,GBIF관찰+KPNI정명,,,,,,
,털개구리미나리,털개구리미나리,Ranunculus cantoniensis,,Ranunculaceae,자생식물,658,5~6월,여름,흔함,212,1:3/2:0/3:5/4:11/5:61/6:75/7:22/8:11/9:9/10:8/11:7/12:0,GBIF관찰+KPNI정명,,,,,,
,돌외,돌외,Gynostemma pentaphyllum,,Cucurbitaceae,자생식물,655,,,흔함,289,1:15/2:0/3:4/4:42/5:42/6:40/7:43/8:28/9:42/10:26/11:7/12:0,GBIF관찰+KPNI정명,,,,,,
,고추,고추,Capsicum annuum,,Solanaceae,재배식물,654,,,흔함,13,1:0/2:0/3:0/4:0/5:0/6:3/7:0/8:1/9:4/10:5/11:0/12:0,GBIF관찰+KPNI정명,,,,,,
,전호,전호,Anthriscus sylvestris,,Apiaceae,자생식물,652,4~6월,봄,흔함,216,1:5/2:1/3:2/4:30/5:72/6:44/7:20/8:11/9:16/10:9/11:5/12:1,GBIF관찰+KPNI정명,,,,,,
,미국실새삼,미국실새삼,Cuscuta campestris,,Convolvulaceae,외래식물,650,6~10월,여름,흔함,89,1:0/2:0/3:0/4:0/5:0/6:16/7:22/8:15/9:17/10:12/11:7/12:0,GBIF관찰+KPNI정명,,,,,,
,큰망초,큰망초,Erigeron sumatrensis,,Asteraceae,외래식물,649,7~9월,여름,흔함,129,1:9/2:0/3:9/4:10/5:8/6:8/7:13/8:34/9:32/10:6/11:0/12:0,GBIF관찰+KPNI정명,,,,,,
,진범,진범,Aconitum pseudolaeve,,Ranunculaceae,자생식물,648,8~9월,가을,흔함,162,1:7/2:0/3:0/4:20/5:13/6:14/7:4/8:35/9:54/10:14/11:1/12:0,GBIF관찰+KPNI정명,,,,,,
,선괭이밥,선괭이밥,Oxalis stricta,,Oxalidaceae,자생식물,648,5~9월,여름,흔함,339,1:12/2:0/3:1/4:15/5:70/6:67/7:75/8:39/9:47/10:11/11:2/12:0,GBIF관찰+KPNI정명,,,,,,
,가는기린초,가는기린초,Phedimus aizoon,,Crassulaceae,자생식물,647,5~8월,여름,흔함,138,1:4/2:0/3:0/4:1/5:18/6:49/7:34/8:19/9:13/10:0/11:0/12:0,GBIF관찰+KPNI정명,,,,,,
,큰엉겅퀴,큰엉겅퀴,Cirsium pendulum,,Asteraceae,자생식물,646,8~10월,가을,흔함,354,1:24/2:0/3:1/4:10/5:26/6:50/7:31/8:43/9:105/10:55/11:9/12:0,GBIF관찰+KPNI정명,,,,,,
,물양지꽃,물양지꽃,Potentilla cryptotaeniae,,Rosaceae,자생식물,645,7~9월,여름,흔함,239,1:16/2:0/3:0/4:2/5:15/6:20/7:84/8:55/9:39/10:8/11:0/12:0,GBIF관찰+KPNI정명,,,,,,
,왜현호색,왜현호색,Corydalis ambigua,,Fumariaceae,자생식물,643,4월,봄,흔함,142,1:0/2:1/3:26/4:83/5:24/6:1/7:3/8:0/9:2/10:2/11:0/12:0,GBIF관찰+KPNI정명,,,,,,
,도깨비가지,도깨비가지,Solanum carolinense,,Solanaceae,외래식물,641,6~9월,여름,흔함,454,1:2/2:1/3:4/4:3/5:36/6:100/7:120/8:69/9:71/10:37/11:9/12:2,GBIF관찰+KPNI정명,,,,,,
,눈괴불주머니,눈괴불주머니,Corydalis ochotensis,,Fumariaceae,자생식물,639,8~9월,가을,흔함,243,1:18/2:0/3:0/4:8/5:32/6:16/7:17/8:42/9:86/10:12/11:12/12:0,GBIF관찰+KPNI정명,,,,,,
,마디꽃,마디꽃,Rotala indica,,Lythraceae,자생식물,638,9~10월,가을,흔함,50,1:3/2:0/3:0/4:0/5:0/6:1/7:3/8:8/9:25/10:10/11:0/12:0,GBIF관찰+KPNI정명,,,,,,
,잔개자리,잔개자리,Medicago lupulina,,Fabaceae,외래식물,634,5~7월,여름,흔함,190,1:2/2:0/3:0/4:19/5:58/6:52/7:37/8:12/9:8/10:2/11:0/12:0,GBIF관찰+KPNI정명,,,,,,
,애기며느리밥풀,애기며느리밥풀,Melampyrum setaceum,,Scrophulariaceae,자생식물,633,8~9월,가을,흔함,145,1:21/2:0/3:0/4:6/5:1/6:9/7:15/8:38/9:43/10:11/11:1/12:0,GBIF관찰+KPNI정명,,,,,,
,새비나무,새비나무,Callicarpa mollis,,Verbenaceae,자생식물,632,5~6월,여름,흔함,197,1:7/2:0/3:0/4:12/5:27/6:69/7:21/8:19/9:14/10:18/11:9/12:1,GBIF관찰+KPNI정명,,,,,,
,청괴불나무,청괴불나무,Lonicera subsessilis,,Caprifoliaceae,자생식물,630,5~9월,여름,흔함,163,1:5/2:0/3:0/4:7/5:41/6:42/7:24/8:20/9:19/10:5/11:0/12:0,GBIF관찰+KPNI정명,,,,,,
,북점나도나물,북점나도나물,Cerastium holosteoides,,Caryophyllaceae,자생식물,629,4~5월,봄,흔함,183,1:0/2:1/3:21/4:52/5:95/6:7/7:2/8:0/9:1/10:2/11:2/12:0,GBIF관찰+KPNI정명,,,,,,
,좀싸리,좀싸리,Lespedeza virgata,,Fabaceae,자생식물,629,7~9월,여름,흔함,176,1:10/2:0/3:0/4:1/5:6/6:9/7:34/8:57/9:45/10:12/11:2/12:0,GBIF관찰+KPNI정명,,,,,,
,쥐다래,쥐다래,Actinidia kolomikta,,Actinidiaceae,자생식물,628,5~9월,여름,흔함,176,1:7/2:0/3:1/4:5/5:33/6:49/7:38/8:20/9:18/10:1/11:4/12:0,GBIF관찰+KPNI정명,,,,,,
,개싸리,개싸리,Lespedeza tomentosa,,Fabaceae,자생식물,626,8~9월,가을,흔함,193,1:11/2:0/3:4/4:1/5:6/6:9/7:23/8:41/9:72/10:25/11:1/12:0,GBIF관찰+KPNI정명,,,,,,
,풀솜나물,풀솜나물,Euchiton japonicus,,Asteraceae,자생식물,624,4~7월,여름,흔함,188,1:6/2:0/3:4/4:19/5:52/6:28/7:23/8:11/9:17/10:25/11:3/12:0,GBIF관찰+KPNI정명,,,,,,
,참소리쟁이,참소리쟁이,Rumex japonicus,,Polygonaceae,자생식물,623,5~7월,여름,흔함,167,1:5/2:0/3:2/4:8/5:25/6:61/7:28/8:19/9:16/10:1/11:2/12:0,GBIF관찰+KPNI정명,,,,,,
,청시닥나무,청시닥나무,Acer barbinerve,,Aceraceae,자생식물,621,4~7월,여름,흔함,89,1:2/2:0/3:0/4:10/5:25/6:14/7:20/8:7/9:7/10:3/11:1/12:0,GBIF관찰+KPNI정명,,,,,,
,노랑갈퀴,노랑갈퀴,Vicia chosenensis,,Fabaceae,자생식물,621,5~7월,여름,흔함,221,1:13/2:0/3:1/4:4/5:60/6:48/7:34/8:20/9:29/10:12/11:0/12:0,GBIF관찰+KPNI정명,,,,,,
,물매화,물매화,Parnassia palustris,,Saxifragaceae,자생식물,620,8~10월,가을,흔함,154,1:31/2:0/3:0/4:5/5:2/6:2/7:7/8:24/9:37/10:43/11:3/12:0,GBIF관찰+KPNI정명,,,,,,
,카나다엉겅퀴,카나다엉겅퀴,Cirsium arvense,,Asteraceae,외래식물,615,,,흔함,20,1:0/2:0/3:0/4:0/5:6/6:3/7:2/8:3/9:1/10:4/11:1/12:0,GBIF관찰+KPNI정명,,,,,,
,까치밥나무,까치밥나무,Ribes mandshuricum,,Saxifragaceae,자생식물,611,4~7월,여름,흔함,141,1:1/2:0/3:2/4:18/5:37/6:27/7:13/8:11/9:29/10:2/11:1/12:0,GBIF관찰+KPNI정명,,,,,,
,양미역취,양미역취,Solidago altissima,,Asteraceae,외래식물,610,10월,가을,흔함,455,1:6/2:9/3:3/4:13/5:57/6:74/7:58/8:21/9:27/10:128/11:43/12:16,GBIF관찰+KPNI정명,,,,,,
,비짜루국화,비짜루국화,Symphyotrichum subulatum,,Asteraceae,외래식물,610,8~10월,가을,흔함,106,1:23/2:0/3:0/4:1/5:1/6:3/7:4/8:18/9:33/10:20/11:3/12:0,GBIF관찰+KPNI정명,,,,,,
,머루,머루,Vitis coignetiae,,Vitaceae,자생식물,608,5~9월,여름,흔함,222,1:8/2:0/3:0/4:14/5:30/6:40/7:43/8:36/9:34/10:11/11:6/12:0,GBIF관찰+KPNI정명,,,,,,
,선괴불주머니,선괴불주머니,Corydalis pauciovulata,,Fumariaceae,자생식물,606,9~10월,가을,흔함,371,1:37/2:0/3:0/4:12/5:13/6:30/7:26/8:47/9:151/10:53/11:2/12:0,GBIF관찰+KPNI정명,,,,,,
,들깨,들깨,Perilla frutescens,,Lamiaceae,재배식물,606,9~10월,가을,흔함,313,1:12/2:0/3:0/4:2/5:7/6:28/7:20/8:23/9:140/10:75/11:5/12:1,GBIF관찰+KPNI정명,,,,,,
87,배롱나무,배롱나무,Lagerstroemia indica,,Lythraceae,재배식물,605,7~9월,여름,흔함,292,1:5/2:3/3:0/4:9/5:9/6:25/7:64/8:104/9:47/10:21/11:4/12:1,GBIF관찰+KPNI정명,Y,,분홍,공원·가로수,중,-
,감탕나무,감탕나무,Ilex integra,,Aquifoliaceae,자생식물,603,4~6월,봄,흔함,81,1:16/2:0/3:3/4:18/5:7/6:7/7:4/8:6/9:2/10:11/11:6/12:1,GBIF관찰+KPNI정명,,,,,,
,어리연꽃,어리연꽃,Nymphoides indica,,Menyanthaceae,자생식물,603,6~10월,여름,흔함,51,1:1/2:0/3:0/4:0/5:2/6:8/7:9/8:13/9:9/10:8/11:1/12:0,GBIF관찰+KPNI정명,,,,,,
,금불초,금불초,Inula japonica,,Asteraceae,자생식물,602,7~10월,가을,흔함,183,1:13/2:0/3:0/4:3/5:2/6:9/7:39/8:47/9:50/10:20/11:0/12:0,GBIF관찰+KPNI정명,,,,,,
,금난초,금난초,Cephalanthera falcata,,Orchidaceae,자생식물,601,5월,봄,흔함,185,1:1/2:0/3:0/4:26/5:129/6:12/7:9/8:3/9:2/10:3/11:0/12:0,GBIF관찰+KPNI정명,,,,,,
,여뀌바늘,여뀌바늘,Ludwigia epilobioides,,Onagraceae,자생식물,601,8~10월,가을,흔함,368,1:44/2:0/3:0/4:7/5:0/6:7/7:25/8:62/9:129/10:88/11:6/12:0,GBIF관찰+KPNI정명,,,,,,
,아구장나무,아구장나무,Spiraea ouensanensis,,Rosaceae,자생식물,596,5~6월,여름,흔함,56,1:0/2:0/3:0/4:7/5:26/6:10/7:3/8:4/9:6/10:0/11:0/12:0,GBIF관찰+KPNI정명,,,,,,
114,애기나팔꽃,애기나팔꽃,Ipomoea lacunosa,,Convolvulaceae,외래식물,593,9~10월,가을,흔함,260,1:5/2:0/3:0/4:0/5:0/6:1/7:7/8:22/9:164/10:58/11:3/12:0,GBIF관찰+KPNI정명,Y,,흰색,공터·하천,상,나팔꽃
,뺑쑥,뺑쑥,Artemisia lancea,,Asteraceae,자생식물,592,7~10월,가을,흔함,191,1:13/2:2/3:0/4:2/5:6/6:15/7:27/8:29/9:70/10:27/11:0/12:0,GBIF관찰+KPNI정명,,,,,,
,황벽나무,황벽나무,Phellodendron amurense,,Rutaceae,자생식물,591,5~9월,여름,흔함,120,1:8/2:0/3:2/4:4/5:13/6:31/7:22/8:11/9:18/10:9/11:2/12:0,GBIF관찰+KPNI정명,,,,,,
,어저귀,어저귀,Abutilon theophrasti,,Malvaceae,외래식물,590,7~10월,가을,흔함,184,1:15/2:2/3:1/4:4/5:2/6:9/7:41/8:41/9:41/10:22/11:6/12:0,GBIF관찰+KPNI정명,,,,,,
,남오미자,남오미자,Kadsura japonica,,Schisandraceae,자생식물,588,6~10월,여름,흔함,209,1:19/2:3/3:12/4:24/5:11/6:22/7:34/8:20/9:38/10:14/11:12/12:0,GBIF관찰+KPNI정명,,,,,,
,털머위,털머위,Farfugium japonicum,,Asteraceae,자생식물,587,9~11월,가을,흔함,253,1:18/2:2/3:17/4:27/5:19/6:13/7:28/8:11/9:30/10:32/11:45/12:11,GBIF관찰+KPNI정명,,,,,,
,큰도둑놈의갈고리,큰도둑놈의갈고리,Hylodesmum oldhamii,,Fabaceae,자생식물,587,7~9월,여름,흔함,222,1:8/2:0/3:0/4:2/5:4/6:11/7:35/8:86/9:64/10:11/11:1/12:0,GBIF관찰+KPNI정명,,,,,,
,헛개나무,헛개나무,Hovenia dulcis,,Rhamnaceae,자생식물,580,6~8월,여름,흔함,171,1:7/2:1/3:1/4:12/5:11/6:60/7:28/8:27/9:8/10:9/11:5/12:2,GBIF관찰+KPNI정명,,,,,,
,옥녀꽃대,옥녀꽃대,Chloranthus fortunei,,Chloranthaceae,자생식물,578,4~5월,봄,흔함,250,1:1/2:0/3:9/4:89/5:92/6:27/7:8/8:3/9:9/10:5/11:7/12:0,GBIF관찰+KPNI정명,,,,,,
,방울비짜루,방울비짜루,Asparagus oligoclonos,,Liliaceae,자생식물,575,5~6월,여름,흔함,225,1:12/2:0/3:0/4:13/5:92/6:39/7:15/8:14/9:32/10:8/11:0/12:0,GBIF관찰+KPNI정명,,,,,,
,괭이싸리,괭이싸리,Lespedeza pilosa,,Fabaceae,자생식물,575,5~10월,여름,흔함,226,1:19/2:0/3:0/4:7/5:25/6:40/7:31/8:34/9:39/10:31/11:0/12:0,GBIF관찰+KPNI정명,,,,,,
,대나물,대나물,Gypsophila oldhamiana,,Caryophyllaceae,자생식물,572,6~9월,여름,흔함,158,1:11/2:0/3:0/4:11/5:11/6:20/7:23/8:43/9:29/10:8/11:2/12:0,GBIF관찰+KPNI정명,,,,,,
,연복초,연복초,Adoxa moschatellina,,Adoxaceae,자생식물,569,4월,봄,흔함,257,1:1/2:1/3:26/4:169/5:55/6:0/7:1/8:3/9:0/10:1/11:0/12:0,GBIF관찰+KPNI정명,,,,,,
,벋음씀바귀,벋음씀바귀,Ixeris japonica,,Asteraceae,자생식물,564,4~5월,봄,흔함,141,1:6/2:0/3:0/4:31/5:64/6:19/7:4/8:4/9:7/10:3/11:3/12:0,GBIF관찰+KPNI변종정명,,,,,,
,멀꿀,멀꿀,Stauntonia hexaphylla,,Lardizabalaceae,자생식물,564,4~9월,여름,흔함,205,1:16/2:2/3:9/4:39/5:34/6:26/7:16/8:15/9:17/10:12/11:15/12:4,GBIF관찰+KPNI정명,,,,,,
,파드득나물,파드득나물,Cryptotaenia japonica,,Apiaceae,자생식물,563,5~10월,여름,흔함,226,1:6/2:0/3:1/4:15/5:23/6:44/7:48/8:44/9:22/10:20/11:3/12:0,GBIF관찰+KPNI정명,,,,,,
,매자나무,매자나무,Berberis koreana,,Berberidaceae,자생식물,562,5월,봄,흔함,50,1:9/2:0/3:0/4:3/5:15/6:1/7:10/8:3/9:6/10:3/11:0/12:0,GBIF관찰+KPNI정명,,,,,,
,도깨비부채,도깨비부채,Rodgersia podophylla,,Saxifragaceae,자생식물,558,4~8월,여름,흔함,263,1:2/2:0/3:1/4:59/5:69/6:46/7:35/8:30/9:18/10:2/11:1/12:0,GBIF관찰+KPNI정명,,,,,,
,새완두,새완두,Vicia hirsuta,,Fabaceae,자생식물,558,4~5월,봄,흔함,188,1:0/2:0/3:4/4:78/5:79/6:15/7:4/8:2/9:4/10:2/11:0/12:0,GBIF관찰+KPNI정명,,,,,,
,흰진범,흰진범,Aconitum longecassidatum,,Ranunculaceae,자생식물,557,8~9월,가을,흔함,214,1:9/2:0/3:4/4:33/5:21/6:7/7:11/8:56/9:62/10:10/11:1/12:0,GBIF관찰+KPNI정명,,,,,,
,갯사상자,갯사상자,Cnidium japonicum,,Apiaceae,자생식물,552,6~10월,여름,흔함,101,1:8/2:0/3:0/4:4/5:7/6:13/7:18/8:9/9:23/10:17/11:2/12:0,GBIF관찰+KPNI정명,,,,,,
112,나팔꽃,나팔꽃,Ipomoea nil,,Convolvulaceae,외래식물,550,7~10월,가을,흔함,196,1:11/2:0/3:0/4:3/5:2/6:8/7:26/8:45/9:68/10:29/11:4/12:0,GBIF관찰+KPNI정명,Y,,보라,담장·울타리,중,"메꽃,애기나팔꽃"
183,벌개미취,벌개미취,Aster koraiensis,,Asteraceae,자생식물,546,7~9월,여름,흔함,257,1:13/2:0/3:0/4:13/5:22/6:11/7:32/8:54/9:88/10:22/11:2/12:0,GBIF관찰+KPNI정명,Y,,보라,도로변·공원,상,"쑥부쟁이,개미취"
,일본목련,일본목련,Magnolia obovata,,Magnoliaceae,재배식물,545,4~6월,봄,흔함,420,1:4/2:3/3:5/4:48/5:110/6:47/7:26/8:15/9:80/10:65/11:15/12:2,GBIF관찰+KPNI정명,,,,,,
,여우콩,여우콩,Rhynchosia volubilis,,Fabaceae,자생식물,544,5~10월,여름,흔함,193,1:23/2:5/3:1/4:10/5:15/6:19/7:19/8:41/9:31/10:20/11:9/12:0,GBIF관찰+KPNI정명,,,,,,
,개산초,개산초,Zanthoxylum armatum,,Rutaceae,자생식물,544,,,흔함,123,1:3/2:9/3:8/4:16/5:19/6:18/7:8/8:11/9:7/10:13/11:9/12:2,GBIF관찰+KPNI정명,,,,,,
,는쟁이냉이,는쟁이냉이,Cardamine komarovii,,Brassicaceae,자생식물,543,4~5월,봄,흔함,115,1:5/2:0/3:5/4:45/5:38/6:9/7:6/8:0/9:2/10:5/11:0/12:0,GBIF관찰+KPNI정명,,,,,,
,당개지치,당개지치,Brachybotrys paridiformis,,Boraginaceae,자생식물,542,5월,봄,흔함,155,1:1/2:0/3:0/4:25/5:79/6:17/7:16/8:11/9:3/10:2/11:1/12:0,GBIF관찰+KPNI정명,,,,,,
,등수국,등수국,Hydrangea petiolaris,,Saxifragaceae,자생식물,542,4~9월,여름,흔함,87,1:1/2:0/3:1/4:17/5:12/6:16/7:13/8:15/9:8/10:4/11:0/12:0,GBIF관찰+KPNI정명,,,,,,
,메밀,메밀,Fagopyrum esculentum,,Polygonaceae,재배식물,540,6~10월,여름,흔함,114,1:7/2:0/3:0/4:3/5:8/6:18/7:24/8:22/9:20/10:9/11:3/12:0,GBIF관찰+KPNI정명,,,,,,
,산짚신나물,산짚신나물,Agrimonia coreana,,Rosaceae,자생식물,534,7~9월,여름,흔함,163,1:10/2:0/3:0/4:2/5:4/6:7/7:34/8:61/9:30/10:15/11:0/12:0,GBIF관찰+KPNI정명,,,,,,
,홀아비바람꽃,홀아비바람꽃,Anemone koraiensis,,Ranunculaceae,자생식물,533,4~5월,봄,흔함,117,1:0/2:0/3:0/4:59/5:50/6:4/7:0/8:1/9:3/10:0/11:0/12:0,GBIF관찰+KPNI정명,,,,,,
,들메나무,들메나무,Fraxinus mandshurica,,Oleaceae,자생식물,533,5~9월,여름,흔함,105,1:0/2:1/3:1/4:2/5:24/6:25/7:22/8:14/9:11/10:4/11:1/12:0,GBIF관찰+KPNI정명,,,,,,
,감나무,감나무,Diospyros kaki,,Ebenaceae,재배식물,531,5~9월,여름,흔함,200,1:14/2:0/3:2/4:14/5:29/6:44/7:27/8:26/9:28/10:13/11:3/12:0,GBIF관찰+KPNI정명,,,,,,
,모새나무,모새나무,Vaccinium bracteatum,,Ericaceae,자생식물,530,5~6월,여름,흔함,90,1:3/2:1/3:7/4:6/5:10/6:24/7:8/8:6/9:2/10:14/11:8/12:1,GBIF관찰+KPNI정명,,,,,,
,좀비비추,좀비비추,Hosta minor,,Liliaceae,자생식물,529,5~10월,여름,흔함,121,1:6/2:0/3:0/4:7/5:17/6:19/7:27/8:17/9:15/10:11/11:1/12:1,GBIF관찰+KPNI정명,,,,,,
,붉나무,붉나무,Rhus chinensis,,Anacardiaceae,자생식물,529,5~10월,여름,흔함,226,1:4/2:2/3:4/4:8/5:46/6:35/7:40/8:36/9:23/10:24/11:4/12:0,GBIF관찰+KPNI정명,,,,,,
42,자주광대나물,자주광대나물,Lamium purpureum,,Lamiaceae,외래식물,528,3~4월,봄,흔함,292,1:3/2:12/3:98/4:150/5:17/6:1/7:1/8:0/9:1/10:1/11:5/12:3,GBIF관찰+KPNI정명,Y,,보라,길가·공터,상,광대나물
,갈매나무,갈매나무,Rhamnus davurica,,Rhamnaceae,자생식물,528,,,흔함,6,1:0/2:0/3:0/4:0/5:0/6:2/7:0/8:3/9:1/10:0/11:0/12:0,GBIF관찰+KPNI정명,,,,,,
,부게꽃나무,부게꽃나무,Acer ukurunduense,,Aceraceae,자생식물,526,4~9월,여름,흔함,59,1:0/2:0/3:0/4:6/5:9/6:16/7:12/8:9/9:6/10:1/11:0/12:0,GBIF관찰+KPNI정명,,,,,,
,박태기나무,박태기나무,Cercis chinensis,,Fabaceae,재배식물,523,4월,봄,흔함,111,1:1/2:1/3:7/4:38/5:8/6:15/7:10/8:6/9:5/10:15/11:5/12:0,GBIF관찰+KPNI정명,,,,,,
66,노랑꽃창포,노랑꽃창포,Iris pseudacorus,,Iridaceae,재배식물,522,5월,봄,흔함,307,1:1/2:0/3:1/4:12/5:184/6:57/7:9/8:5/9:13/10:24/11:1/12:0,GBIF관찰+KPNI정명,Y,,노랑,물가·수변공원,중,꽃창포
,자주쓴풀,자주쓴풀,Swertia pseudochinensis,,Gentianaceae,자생식물,521,9~10월,가을,흔함,167,1:38/2:0/3:0/4:2/5:1/6:3/7:5/8:8/9:29/10:73/11:8/12:0,GBIF관찰+KPNI정명,,,,,,
,벳지,벳지,Vicia villosa,,Fabaceae,외래식물,520,5월,봄,흔함,182,1:1/2:0/3:4/4:17/5:93/6:30/7:13/8:9/9:6/10:5/11:4/12:0,GBIF관찰+KPNI정명,,,,,,
,붉은정향나무,붉은정향나무,Syringa villosa,,Oleaceae,자생식물,519,4~7월,여름,흔함,77,1:0/2:0/3:0/4:16/5:20/6:20/7:12/8:3/9:6/10:0/11:0/12:0,GBIF관찰+KPNI정명,,,,,,
54,자운영,자운영,Astragalus sinicus,,Fabaceae,재배식물,516,4~5월,봄,흔함,155,1:0/2:0/3:9/4:62/5:65/6:8/7:2/8:3/9:4/10:2/11:0/12:0,GBIF관찰+KPNI정명,Y,,분홍,논·밭 (남부),중,붉은토끼풀
,민둥갈퀴,민둥갈퀴,Galium kinuta,,Rubiaceae,자생식물,515,6~9월,여름,흔함,101,1:4/2:0/3:1/4:3/5:7/6:21/7:23/8:21/9:14/10:7/11:0/12:0,GBIF관찰+KPNI정명,,,,,,
,한련초,한련초,Eclipta thermalis,,Asteraceae,외래식물,512,,,흔함,0,,GBIF관찰+KPNI정명,,,,,,
62,앵초,앵초,Primula sieboldii,,Primulaceae,자생식물,512,4~5월,봄,흔함,189,1:1/2:0/3:7/4:103/5:54/6:16/7:4/8:2/9:1/10:1/11:0/12:0,GBIF관찰+KPNI정명,Y,,분홍,산지 습지,중,-
,대추나무,대추나무,Ziziphus jujuba,,Rhamnaceae,재배식물,512,5~10월,여름,흔함,155,1:1/2:0/3:0/4:6/5:17/6:42/7:16/8:26/9:29/10:15/11:3/12:0,GBIF관찰+KPNI정명,,,,,,
,좀담배풀,좀담배풀,Carpesium cernuum,,Asteraceae,자생식물,510,8~9월,가을,흔함,196,1:11/2:0/3:0/4:11/5:7/6:11/7:18/8:63/9:64/10:11/11:0/12:0,GBIF관찰+KPNI정명,,,,,,
,생달나무,생달나무,Cinnamomum chekiangense,,Lauraceae,자생식물,510,,,흔함,19,1:0/2:2/3:0/4:3/5:12/6:1/7:0/8:0/9:1/10:0/11:0/12:0,GBIF관찰+KPNI정명,,,,,,
,병아리난초,병아리난초,Hemipilia gracilis,,Orchidaceae,자생식물,509,6~7월,여름,흔함,170,1:7/2:0/3:0/4:3/5:6/6:69/7:50/8:18/9:12/10:4/11:1/12:0,GBIF관찰+KPNI정명,,,,,,
,솜양지꽃,솜양지꽃,Potentilla discolor,,Rosaceae,자생식물,509,4~6월,봄,흔함,138,1:0/2:0/3:3/4:31/5:61/6:28/7:11/8:3/9:1/10:0/11:0/12:0,GBIF관찰+KPNI정명,,,,,,
,개발나물,개발나물,Sium suave,,Apiaceae,자생식물,509,5~10월,여름,흔함,154,1:19/2:0/3:0/4:6/5:11/6:26/7:23/8:26/9:31/10:12/11:0/12:0,GBIF관찰+KPNI정명,,,,,,
,개사상자,개사상자,Torilis scabra,,Apiaceae,자생식물,507,5~7월,여름,흔함,91,1:0/2:0/3:1/4:5/5:16/6:24/7:25/8:4/9:11/10:5/11:0/12:0,GBIF관찰+KPNI정명,,,,,,
,참골무꽃,참골무꽃,Scutellaria strigillosa,,Lamiaceae,자생식물,505,6~9월,여름,흔함,130,1:5/2:0/3:0/4:3/5:12/6:38/7:29/8:19/9:15/10:9/11:0/12:0,GBIF관찰+KPNI정명,,,,,,
6,매화,매실나무,Prunus mume,,Rosaceae,재배식물,503,3월,봄,흔함,258,1:14/2:28/3:106/4:31/5:30/6:22/7:9/8:2/9:8/10:8/11:0/12:0,GBIF관찰+KPNI정명,Y,,흰색,공원·정원,상,"벚꽃,살구꽃"
,애기달맞이꽃,애기달맞이꽃,Oenothera laciniata,,Onagraceae,외래식물,499,11월,가을,흔함,138,1:9/2:0/3:0/4:15/5:16/6:21/7:25/8:4/9:9/10:10/11:29/12:0,GBIF관찰+KPNI정명,,,,,,
,너도바람꽃,너도바람꽃,Eranthis stellata,,Ranunculaceae,자생식물,496,3~5월,봄,흔함,228,1:0/2:9/3:63/4:104/5:45/6:3/7:0/8:2/9:2/10:0/11:0/12:0,GBIF관찰+KPNI정명,,,,,,
,말나리,말나리,Lilium distichum,,Liliaceae,자생식물,496,7~8월,여름,흔함,115,1:0/2:0/3:0/4:11/5:18/6:7/7:53/8:19/9:3/10:4/11:0/12:0,GBIF관찰+KPNI정명,,,,,,
,해변싸리,해변싸리,Lespedeza maritima,,Fabaceae,자생식물,494,9월,가을,흔함,166,1:23/2:0/3:0/4:4/5:26/6:22/7:24/8:13/9:43/10:5/11:6/12:0,GBIF관찰+KPNI정명,,,,,,
,좀땅비싸리,좀땅비싸리,Indigofera koreana,,Fabaceae,자생식물,492,4~6월,봄,흔함,68,1:0/2:0/3:0/4:14/5:29/6:13/7:1/8:2/9:2/10:7/11:0/12:0,GBIF관찰+KPNI정명,,,,,,
,흰여뀌,흰여뀌,Persicaria lapathifolia,,Polygonaceae,자생식물,491,8~9월,가을,흔함,35,1:0/2:0/3:0/4:0/5:0/6:0/7:1/8:12/9:17/10:5/11:0/12:0,GBIF관찰+KPNI정명,,,,,,
,복장나무,복장나무,Acer mandshuricum,,Aceraceae,자생식물,490,5~9월,여름,흔함,92,1:1/2:0/3:0/4:5/5:25/6:14/7:16/8:12/9:12/10:6/11:1/12:0,GBIF관찰+KPNI정명,,,,,,
,달래,달래,Allium monanthum,,Liliaceae,자생식물,488,4월,봄,흔함,184,1:10/2:1/3:23/4:99/5:30/6:11/7:1/8:2/9:5/10:2/11:0/12:0,GBIF관찰+KPNI정명,,,,,,
,덩굴개별꽃,덩굴개별꽃,Pseudostellaria davidii,,Caryophyllaceae,자생식물,488,4~5월,봄,흔함,112,1:5/2:0/3:0/4:20/5:43/6:13/7:9/8:9/9:13/10:0/11:0/12:0,GBIF관찰+KPNI정명,,,,,,
,좀씀바귀,좀씀바귀,Ixeris stolonifera,,Asteraceae,자생식물,487,4~5월,봄,흔함,179,1:5/2:1/3:2/4:33/5:62/6:16/7:17/8:6/9:19/10:12/11:6/12:0,GBIF관찰+KPNI정명,,,,,,
,천문동,천문동,Asparagus cochinchinensis,,Liliaceae,자생식물,486,5~7월,여름,흔함,157,1:15/2:0/3:0/4:8/5:41/6:31/7:18/8:12/9:14/10:8/11:6/12:4,GBIF관찰+KPNI정명,,,,,,
,금강제비꽃,금강제비꽃,Viola diamantiaca,,Violaceae,자생식물,486,4~8월,여름,흔함,146,1:5/2:0/3:0/4:29/5:41/6:18/7:19/8:17/9:13/10:3/11:1/12:0,GBIF관찰+KPNI정명,,,,,,
,북범꼬리,북범꼬리,Bistorta manshuriensis,,Polygonaceae,자생식물,483,6~7월,여름,흔함,84,1:0/2:0/3:0/4:3/5:3/6:26/7:33/8:11/9:3/10:4/11:1/12:0,GBIF관찰+KPNI정명,,,,,,
,털댕강나무,털댕강나무,Zabelia biflora,,Caprifoliaceae,자생식물,480,4~7월,여름,흔함,73,1:1/2:0/3:1/4:8/5:22/6:11/7:10/8:7/9:8/10:5/11:0/12:0,GBIF관찰+KPNI정명,,,,,,
,끈끈이여뀌,끈끈이여뀌,Persicaria viscofera,,Polygonaceae,자생식물,479,8~9월,가을,흔함,146,1:16/2:0/3:0/4:0/5:0/6:1/7:15/8:45/9:61/10:8/11:0/12:0,GBIF관찰+KPNI정명,,,,,,
,두메고들빼기,두메고들빼기,Lactuca triangulata,,Asteraceae,자생식물,478,7~9월,여름,흔함,156,1:10/2:0/3:0/4:0/5:12/6:7/7:43/8:43/9:35/10:6/11:0/12:0,GBIF관찰+KPNI정명,,,,,,
,당잔대,당잔대,Adenophora stricta,,Campanulaceae,자생식물,476,1월,겨울,흔함,152,1:54/2:0/3:0/4:6/5:3/6:4/7:5/8:15/9:42/10:23/11:0/12:0,GBIF관찰+KPNI정명,,,,,,
,서덜취,서덜취,Saussurea grandifolia,,Asteraceae,자생식물,476,6~10월,여름,흔함,137,1:13/2:0/3:1/4:8/5:2/6:17/7:17/8:26/9:38/10:14/11:1/12:0,GBIF관찰+KPNI정명,,,,,,
,왕백량금,왕백량금,Ardisia crenata,,Myrsinaceae,자생식물,475,,,흔함,133,1:11/2:9/3:23/4:19/5:16/6:12/7:15/8:5/9:5/10:9/11:6/12:3,GBIF관찰+KPNI정명,,,,,,
96,모감주나무,모감주나무,Koelreuteria paniculata,,Sapindaceae,자생식물,474,6~8월,여름,흔함,195,1:6/2:2/3:7/4:9/5:13/6:50/7:57/8:22/9:15/10:11/11:3/12:0,GBIF관찰+KPNI정명,Y,,노랑,공원·해안,중,-
,서울제비꽃,서울제비꽃,Viola seoulensis,,Violaceae,자생식물,474,4~5월,봄,흔함,196,1:6/2:0/3:12/4:91/5:34/6:10/7:11/8:6/9:23/10:3/11:0/12:0,GBIF관찰+KPNI정명,,,,,,
,자리공,자리공,Phytolacca acinosa,,Phytolaccaceae,외래식물,471,5~7월,여름,흔함,60,1:3/2:0/3:0/4:1/5:14/6:16/7:10/8:5/9:8/10:0/11:3/12:0,GBIF관찰+KPNI정명,,,,,,
,꿩의다리아재비,꿩의다리아재비,Caulophyllum robustum,,Berberidaceae,자생식물,469,5~8월,여름,흔함,145,1:1/2:0/3:0/4:14/5:50/6:24/7:18/8:19/9:16/10:3/11:0/12:0,GBIF관찰+KPNI정명,,,,,,
,보리장나무,보리장나무,Elaeagnus glabra,,Elaeagnaceae,자생식물,469,4~5월,봄,흔함,79,1:4/2:0/3:3/4:14/5:27/6:6/7:6/8:7/9:7/10:1/11:4/12:0,GBIF관찰+KPNI정명,,,,,,
,두루미천남성,두루미천남성,Arisaema heterophyllum,,Araceae,자생식물,468,5~6월,여름,흔함,168,1:1/2:0/3:0/4:5/5:57/6:50/7:15/8:8/9:22/10:10/11:0/12:0,GBIF관찰+KPNI정명,,,,,,
,큰두루미꽃,큰두루미꽃,Maianthemum dilatatum,,Liliaceae,자생식물,467,5~8월,여름,흔함,30,1:1/2:0/3:0/4:2/5:7/6:5/7:4/8:6/9:2/10:3/11:0/12:0,GBIF관찰+KPNI정명,,,,,,
,병아리꽃나무,병아리꽃나무,Rhodotypos scandens,,Rosaceae,자생식물,467,4~7월,여름,흔함,194,1:2/2:0/3:1/4:49/5:43/6:36/7:27/8:8/9:16/10:6/11:4/12:2,GBIF관찰+KPNI정명,,,,,,
,덩굴닭의장풀,덩굴닭의장풀,Streptolirion volubile,,Commelinaceae,자생식물,466,7~9월,여름,흔함,210,1:13/2:0/3:0/4:0/5:5/6:13/7:43/8:58/9:64/10:13/11:1/12:0,GBIF관찰+KPNI정명,,,,,,
,넓은잔대,넓은잔대,Adenophora divaricata,,Campanulaceae,자생식물,465,8~9월,가을,흔함,97,1:6/2:0/3:0/4:0/5:1/6:2/7:12/8:54/9:21/10:1/11:0/12:0,GBIF관찰+KPNI정명,,,,,,
,용가시나무,용가시나무,Rosa maximowicziana,,Rosaceae,자생식물,465,5~7월,여름,흔함,106,1:14/2:0/3:0/4:8/5:15/6:28/7:19/8:6/9:11/10:4/11:1/12:0,GBIF관찰+KPNI정명,,,,,,
,승마,승마,Actaea heracleifolia,,Ranunculaceae,자생식물,464,4~5월,봄,흔함,214,1:8/2:0/3:1/4:49/5:54/6:18/7:21/8:26/9:24/10:10/11:3/12:0,GBIF관찰+KPNI정명,,,,,,
,소엽맥문동,소엽맥문동,Ophiopogon japonicus,,Liliaceae,자생식물,463,4~9월,여름,흔함,213,1:13/2:3/3:10/4:22/5:21/6:21/7:41/8:37/9:28/10:11/11:6/12:0,GBIF관찰+KPNI정명,,,,,,
,개시호,개시호,Bupleurum longeradiatum,,Apiaceae,자생식물,462,,,흔함,8,1:0/2:0/3:0/4:0/5:3/6:2/7:1/8:0/9:2/10:0/11:0/12:0,GBIF관찰+KPNI정명,,,,,,
,옻나무,옻나무,Toxicodendron vernicifluum,,Anacardiaceae,재배식물,462,5~9월,여름,흔함,140,1:3/2:0/3:3/4:10/5:27/6:35/7:23/8:15/9:14/10:6/11:3/12:1,GBIF관찰+KPNI정명,,,,,,
,흰제비꽃,흰제비꽃,Viola patrinii,,Violaceae,자생식물,462,4~5월,봄,흔함,229,1:4/2:0/3:6/4:114/5:70/6:12/7:8/8:7/9:5/10:3/11:0/12:0,GBIF관찰+KPNI정명,,,,,,
,호장근,호장근,Reynoutria japonica,,Polygonaceae,자생식물,461,5~7월,여름,흔함,143,1:7/2:0/3:0/4:8/5:42/6:17/7:27/8:13/9:20/10:9/11:0/12:0,GBIF관찰+KPNI정명,,,,,,
,세잎쥐손이,세잎쥐손이,Geranium wilfordii,,Geraniaceae,자생식물,459,8~9월,가을,흔함,178,1:16/2:0/3:0/4:1/5:2/6:13/7:19/8:57/9:54/10:16/11:0/12:0,GBIF관찰+KPNI정명,,,,,,
,산꿩의다리,산꿩의다리,Thalictrum tuberiferum,,Ranunculaceae,자생식물,459,,,흔함,18,1:0/2:0/3:0/4:6/5:2/6:3/7:2/8:0/9:5/10:0/11:0/12:0,GBIF관찰+KPNI정명,,,,,,
,흰털제비꽃,흰털제비꽃,Viola hirtipes,,Violaceae,자생식물,457,4~5월,봄,흔함,118,1:0/2:0/3:1/4:68/5:36/6:9/7:3/8:0/9:0/10:0/11:1/12:0,GBIF관찰+KPNI정명,,,,,,
,수잔루드베키아,수잔루드베키아,Rudbeckia hirta,,Asteraceae,재배식물,456,6~9월,여름,흔함,170,1:6/2:0/3:0/4:0/5:10/6:47/7:41/8:35/9:17/10:13/11:1/12:0,GBIF관찰+KPNI정명,,,,,,
,눈개승마,눈개승마,Aruncus dioicus,,Rosaceae,자생식물,454,5~8월,여름,흔함,158,1:2/2:0/3:0/4:9/5:43/6:48/7:20/8:19/9:11/10:6/11:0/12:0,GBIF관찰+KPNI정명,,,,,,
,둥근매듭풀,둥근매듭풀,Kummerowia stipulacea,,Fabaceae,자생식물,454,7~9월,여름,흔함,137,1:9/2:0/3:0/4:4/5:7/6:13/7:26/8:35/9:39/10:4/11:0/12:0,GBIF관찰+KPNI정명,,,,,,
,산쑥,산쑥,Artemisia montana,,Asteraceae,자생식물,451,7~9월,여름,흔함,185,1:31/2:0/3:0/4:4/5:9/6:18/7:23/8:28/9:53/10:17/11:2/12:0,GBIF관찰+KPNI정명,,,,,,
,선갈퀴,선갈퀴,Galium odoratum,,Rubiaceae,자생식물,450,5~7월,여름,흔함,92,1:2/2:0/3:0/4:10/5:29/6:14/7:11/8:5/9:13/10:6/11:1/12:1,GBIF관찰+KPNI정명,,,,,,
,개자리,개자리,Medicago polymorpha,,Fabaceae,외래식물,449,4~7월,여름,흔함,103,1:1/2:0/3:5/4:25/5:30/6:22/7:13/8:1/9:3/10:2/11:1/12:0,GBIF관찰+KPNI정명,,,,,,
,머귀나무,머귀나무,Zanthoxylum ailanthoides,,Rutaceae,자생식물,448,,,흔함,92,1:6/2:2/3:1/4:15/5:13/6:15/7:9/8:7/9:10/10:6/11:8/12:0,GBIF관찰+KPNI정명,,,,,,
,꼬리진달래,꼬리진달래,Rhododendron micranthum,,Ericaceae,자생식물,444,3~8월,여름,흔함,102,1:3/2:1/3:8/4:12/5:17/6:20/7:21/8:12/9:4/10:4/11:0/12:0,GBIF관찰+KPNI정명,,,,,,
,산오이풀,산오이풀,Sanguisorba hakusanensis,,Rosaceae,자생식물,442,7~8월,여름,흔함,102,1:1/2:0/3:0/4:1/5:5/6:4/7:20/8:55/9:14/10:2/11:0/12:0,GBIF관찰+KPNI정명,,,,,,
,흰여로,흰여로,Veratrum versicolor,,Liliaceae,자생식물,441,7~8월,여름,흔함,190,1:5/2:0/3:0/4:5/5:10/6:16/7:87/8:53/9:14/10:0/11:0/12:0,GBIF관찰+KPNI정명,,,,,,
,별꽃아재비,별꽃아재비,Galinsoga parviflora,,Asteraceae,외래식물,439,6~10월,여름,흔함,121,1:18/2:0/3:0/4:1/5:1/6:15/7:24/8:29/9:20/10:13/11:0/12:0,GBIF관찰+KPNI정명,,,,,,
,괭이눈,괭이눈,Chrysosplenium grayanum,,Saxifragaceae,자생식물,436,4~5월,봄,흔함,123,1:1/2:0/3:4/4:64/5:31/6:6/7:8/8:1/9:3/10:2/11:3/12:0,GBIF관찰+KPNI정명,,,,,,
,처녀바디,처녀바디,Angelica cartilaginomarginata,,Apiaceae,자생식물,435,8~9월,가을,흔함,137,1:22/2:0/3:0/4:3/5:7/6:10/7:5/8:41/9:41/10:8/11:0/12:0,GBIF관찰+KPNI정명,,,,,,
,봄여뀌,봄여뀌,Persicaria maculosa,,Polygonaceae,자생식물,434,9월,가을,흔함,120,1:12/2:0/3:1/4:4/5:7/6:21/7:13/8:9/9:43/10:10/11:0/12:0,GBIF관찰+KPNI정명,,,,,,
11,목련,목련,Magnolia kobus,,Magnoliaceae,자생식물,432,3~6월,봄,흔함,179,1:2/2:2/3:25/4:40/5:30/6:18/7:12/8:9/9:25/10:12/11:3/12:1,GBIF관찰+KPNI정명,Y,,흰색,공원·산지,중,백목련
,당키버들,당키버들,Salix miyabeana,,Salicaceae,자생식물,432,,,흔함,10,1:0/2:0/3:2/4:6/5:0/6:2/7:0/8:0/9:0/10:0/11:0/12:0,GBIF관찰+KPNI정명,,,,,,
,둥근이질풀,둥근이질풀,Geranium koreanum,,Geraniaceae,자생식물,427,7~9월,여름,흔함,150,1:6/2:0/3:0/4:6/5:2/6:2/7:32/8:68/9:32/10:1/11:1/12:0,GBIF관찰+KPNI정명,,,,,,
,활나물,활나물,Crotalaria sessiliflora,,Fabaceae,자생식물,426,8~9월,가을,흔함,80,1:6/2:0/3:0/4:0/5:4/6:0/7:4/8:15/9:36/10:9/11:6/12:0,GBIF관찰+KPNI정명,,,,,,
,좀딱취,좀딱취,Ainsliaea apiculata,,Asteraceae,자생식물,425,,,흔함,103,1:3/2:0/3:3/4:14/5:14/6:16/7:15/8:8/9:12/10:17/11:1/12:0,GBIF관찰+KPNI정명,,,,,,
,노랑물봉선,노랑물봉선,Impatiens noli-tangere,,Balsaminaceae,자생식물,424,6~8월,여름,흔함,90,1:0/2:0/3:0/4:4/5:8/6:14/7:34/8:17/9:9/10:4/11:0/12:0,GBIF관찰+KPNI정명,,,,,,
,털여뀌,털여뀌,Persicaria orientalis,,Polygonaceae,외래식물,424,6~9월,여름,흔함,101,1:7/2:0/3:0/4:1/5:2/6:25/7:10/8:24/9:23/10:8/11:1/12:0,GBIF관찰+KPNI정명,,,,,,
,큰조롱,큰조롱,Cynanchum wilfordii,,Apocynaceae,자생식물,422,6~9월,여름,흔함,190,1:8/2:0/3:0/4:6/5:10/6:50/7:53/8:33/9:19/10:4/11:7/12:0,GBIF관찰+KPNI이명해소,,,,,,
,큰닭의덩굴,큰닭의덩굴,Fallopia dentatoalata,,Polygonaceae,자생식물,422,8~10월,가을,흔함,149,1:22/2:0/3:0/4:0/5:4/6:13/7:10/8:24/9:51/10:23/11:2/12:0,GBIF관찰+KPNI정명,,,,,,
,털갈매나무,털갈매나무,Rhamnus koraiensis,,Rhamnaceae,자생식물,422,5월,봄,흔함,44,1:0/2:0/3:1/4:2/5:15/6:4/7:7/8:4/9:4/10:3/11:4/12:0,GBIF관찰+KPNI정명,,,,,,
,쉬나무,쉬나무,Tetradium daniellii,,Rutaceae,자생식물,421,6~9월,여름,흔함,90,1:4/2:0/3:0/4:3/5:4/6:22/7:29/8:16/9:12/10:0/11:0/12:0,GBIF관찰+KPNI정명,,,,,,
,호랑가시나무,호랑가시나무,Ilex cornuta,,Aquifoliaceae,자생식물,420,3~5월,봄,흔함,95,1:9/2:5/3:11/4:28/5:12/6:6/7:5/8:4/9:4/10:6/11:4/12:1,GBIF관찰+KPNI정명,,,,,,
,하수오,하수오,Reynoutria multiflora,,Polygonaceae,재배식물,420,8~10월,가을,흔함,52,1:4/2:0/3:1/4:0/5:2/6:5/7:4/8:8/9:11/10:15/11:1/12:1,GBIF관찰+KPNI정명,,,,,,
,덩굴꽃마리,덩굴꽃마리,Trigonotis icumae,,Boraginaceae,자생식물,420,4~5월,봄,흔함,98,1:0/2:0/3:2/4:24/5:63/6:4/7:1/8:1/9:2/10:1/11:0/12:0,GBIF관찰+KPNI정명,,,,,,
154,연꽃,연꽃,Nelumbo nucifera,,Nelumbonaceae,재배식물,417,6~9월,여름,흔함,290,1:3/2:6/3:3/4:3/5:8/6:50/7:88/8:66/9:34/10:23/11:6/12:0,GBIF관찰+KPNI정명,Y,,분홍,연못·수생공원,하,수련
,큰황새냉이,큰황새냉이,Cardamine scutata,,Brassicaceae,자생식물,415,4~5월,봄,흔함,45,1:2/2:0/3:1/4:14/5:16/6:1/7:2/8:2/9:6/10:1/11:0/12:0,GBIF관찰+KPNI정명,,,,,,
,참당귀,참당귀,Angelica gigas,,Apiaceae,자생식물,413,5~10월,여름,흔함,126,1:0/2:0/3:0/4:7/5:18/6:28/7:10/8:19/9:24/10:19/11:1/12:0,GBIF관찰+KPNI정명,,,,,,
,각시취,각시취,Saussurea pulchella,,Asteraceae,자생식물,413,9월,가을,흔함,129,1:16/2:0/3:0/4:4/5:2/6:3/7:12/8:19/9:61/10:11/11:1/12:0,GBIF관찰+KPNI정명,,,,,,
,중국단풍,중국단풍,Acer buergerianum,,Aceraceae,재배식물,412,4~7월,여름,흔함,139,1:5/2:1/3:2/4:13/5:30/6:21/7:19/8:8/9:12/10:21/11:6/12:1,GBIF관찰+KPNI정명,,,,,,
,각시마,각시마,Dioscorea tenuipes,,Dioscoreaceae,자생식물,410,5~10월,여름,흔함,173,1:11/2:0/3:0/4:6/5:16/6:24/7:34/8:34/9:33/10:14/11:1/12:0,GBIF관찰+KPNI정명,,,,,,
,바위솔,바위솔,Orostachys japonica,,Crassulaceae,자생식물,409,1월,겨울,흔함,136,1:34/2:0/3:2/4:8/5:6/6:9/7:9/8:15/9:23/10:20/11:8/12:2,GBIF관찰+KPNI정명,,,,,,
,조록나무,조록나무,Distylium racemosum,,Hamamelidaceae,자생식물,405,,,흔함,64,1:1/2:2/3:6/4:10/5:7/6:9/7:8/8:4/9:5/10:4/11:7/12:1,GBIF관찰+KPNI정명,,,,,,
,솔체꽃,솔체꽃,Scabiosa comosa,,Dipsacaceae,자생식물,405,8~9월,가을,흔함,85,1:12/2:0/3:0/4:3/5:1/6:3/7:11/8:16/9:37/10:2/11:0/12:0,GBIF관찰+KPNI정명,,,,,,
,감자개발나물,감자개발나물,Sium ninsi,,Apiaceae,자생식물,404,8~10월,가을,흔함,143,1:10/2:0/3:0/4:2/5:9/6:19/7:12/8:23/9:36/10:29/11:3/12:0,GBIF관찰+KPNI정명,,,,,,
,산겨릅나무,산겨릅나무,Acer tegmentosum,,Aceraceae,자생식물,400,4~5월,봄,흔함,113,1:1/2:0/3:0/4:26/5:47/6:8/7:8/8:12/9:5/10:6/11:0/12:0,GBIF관찰+KPNI정명,,,,,,
,개복수초,개복수초,Adonis pseudoamurensis,,Ranunculaceae,자생식물,400,2~4월,봄,흔함,102,1:3/2:22/3:53/4:22/5:2/6:0/7:0/8:0/9:0/10:0/11:0/12:0,GBIF관찰+KPNI정명,,,,,,
,나도옥잠화,나도옥잠화,Clintonia udensis,,Liliaceae,자생식물,400,,,흔함,18,1:0/2:0/3:0/4:2/5:4/6:3/7:2/8:0/9:5/10:2/11:0/12:0,GBIF관찰+KPNI정명,,,,,,
,재쑥,재쑥,Descurainia sophia,,Brassicaceae,외래식물,400,4~5월,봄,흔함,97,1:2/2:0/3:7/4:33/5:35/6:6/7:6/8:3/9:2/10:3/11:0/12:0,GBIF관찰+KPNI정명,,,,,,
,뻐꾹채,뻐꾹채,Leuzea uniflora,,Asteraceae,자생식물,399,5~6월,여름,흔함,104,1:0/2:0/3:0/4:10/5:42/6:26/7:9/8:5/9:8/10:3/11:1/12:0,GBIF관찰+KPNI정명,,,,,,
,누린내풀,누린내풀,Tripora divaricata,,Verbenaceae,자생식물,398,8~9월,가을,흔함,142,1:6/2:0/3:0/4:2/5:5/6:1/7:12/8:41/9:63/10:12/11:0/12:0,GBIF관찰+KPNI정명,,,,,,
,만주고로쇠,만주고로쇠,Acer truncatum,,Aceraceae,자생식물,393,,,흔함,106,1:11/2:0/3:0/4:8/5:16/6:19/7:18/8:8/9:15/10:10/11:1/12:0,GBIF관찰+KPNI정명,,,,,,
,팔손이,팔손이,Fatsia japonica,,Araliaceae,자생식물,393,,,흔함,213,1:18/2:14/3:26/4:34/5:21/6:14/7:19/8:10/9:16/10:11/11:23/12:7,GBIF관찰+KPNI정명,,,,,,
,만병초,만병초,Rhododendron brachycarpum,,Ericaceae,자생식물,391,,,흔함,25,1:1/2:0/3:0/4:6/5:3/6:3/7:2/8:3/9:4/10:3/11:0/12:0,GBIF관찰+KPNI정명,,,,,,
,섬벚나무,섬벚나무,Prunus takesimensis,,Rosaceae,자생식물,390,,,흔함,14,1:1/2:0/3:0/4:4/5:0/6:0/7:5/8:1/9:3/10:0/11:0/12:0,GBIF관찰+KPNI정명,,,,,,
,주걱개망초,주걱개망초,Erigeron strigosus,,Asteraceae,외래식물,389,5월,봄,흔함,54,1:0/2:0/3:2/4:0/5:33/6:10/7:4/8:0/9:4/10:0/11:1/12:0,GBIF관찰+KPNI정명,,,,,,
,두메담배풀,두메담배풀,Carpesium triste,,Asteraceae,자생식물,387,8~9월,가을,흔함,89,1:5/2:0/3:0/4:2/5:1/6:1/7:11/8:28/9:38/10:3/11:0/12:0,GBIF관찰+KPNI정명,,,,,,
,백합나무,백합나무,Liriodendron tulipifera,,Magnoliaceae,재배식물,384,5~7월,여름,흔함,150,1:4/2:1/3:4/4:9/5:36/6:36/7:16/8:10/9:16/10:13/11:5/12:0,GBIF관찰+KPNI정명,,,,,,
,문모초,문모초,Veronica peregrina,,Scrophulariaceae,외래식물,384,4~5월,봄,흔함,72,1:0/2:0/3:0/4:21/5:36/6:8/7:2/8:2/9:3/10:0/11:0/12:0,GBIF관찰+KPNI정명,,,,,,
,식나무,식나무,Aucuba japonica,,Cornaceae,자생식물,383,4월,봄,흔함,102,1:10/2:6/3:5/4:43/5:6/6:8/7:1/8:3/9:7/10:6/11:4/12:3,GBIF관찰+KPNI정명,,,,,,
,애기고광나무,애기고광나무,Philadelphus pekinensis,,Saxifragaceae,재배식물,383,5~8월,여름,흔함,30,1:2/2:0/3:0/4:0/5:9/6:5/7:5/8:6/9:3/10:0/11:0/12:0,GBIF관찰+KPNI정명,,,,,,
,쇠털이슬,쇠털이슬,Circaea cordata,,Onagraceae,자생식물,382,7~9월,여름,흔함,102,1:4/2:0/3:0/4:2/5:1/6:1/7:38/8:38/9:15/10:3/11:0/12:0,GBIF관찰+KPNI정명,,,,,,
65,꽃창포,꽃창포,Iris ensata,,Iridaceae,자생식물,382,5~7월,여름,흔함,134,1:0/2:0/3:0/4:6/5:21/6:48/7:38/8:9/9:7/10:4/11:1/12:0,GBIF관찰+KPNI정명,Y,,보라,물가·습지,상,붓꽃
,흰전동싸리,흰전동싸리,Melilotus albus,,Fabaceae,외래식물,380,6~7월,여름,흔함,104,1:1/2:0/3:0/4:2/5:3/6:50/7:33/8:8/9:5/10:2/11:0/12:0,GBIF관찰+KPNI정명,,,,,,
,새덕이,새덕이,Neolitsea aciculata,,Lauraceae,자생식물,379,3~4월,봄,흔함,76,1:9/2:2/3:7/4:19/5:6/6:8/7:11/8:4/9:4/10:6/11:0/12:0,GBIF관찰+KPNI정명,,,,,,
,병풀,병풀,Centella asiatica,,Apiaceae,자생식물,378,4~7월,여름,흔함,114,1:4/2:0/3:0/4:11/5:11/6:12/7:26/8:7/9:26/10:12/11:5/12:0,GBIF관찰+KPNI정명,,,,,,
,차나무,차나무,Camellia sinensis,,Theaceae,재배식물,377,7~11월,가을,흔함,76,1:7/2:1/3:4/4:10/5:4/6:4/7:7/8:6/9:7/10:16/11:8/12:2,GBIF관찰+KPNI정명,,,,,,
,실새삼,실새삼,Cuscuta australis,,Convolvulaceae,자생식물,377,7~9월,여름,흔함,188,1:22/2:0/3:0/4:0/5:3/6:16/7:43/8:42/9:48/10:12/11:2/12:0,GBIF관찰+KPNI정명,,,,,,
,육박나무,육박나무,Litsea coreana,,Lauraceae,자생식물,376,1월,겨울,보통,59,1:10/2:1/3:3/4:6/5:6/6:5/7:7/8:4/9:5/10:6/11:6/12:0,GBIF관찰+KPNI정명,,,,,,
,산작약,산작약,Paeonia obovata,,Ranunculaceae,자생식물,375,4~5월,봄,보통,103,1:1/2:0/3:1/4:27/5:45/6:4/7:6/8:9/9:7/10:3/11:0/12:0,GBIF관찰+KPNI정명,,,,,,
,당조팝나무,당조팝나무,Spiraea chinensis,,Rosaceae,자생식물,374,5~6월,여름,보통,111,1:0/2:0/3:0/4:10/5:52/6:23/7:12/8:9/9:2/10:3/11:0/12:0,GBIF관찰+KPNI정명,,,,,,
,박새,박새,Veratrum oxysepalum,,Liliaceae,자생식물,370,4~8월,여름,보통,218,1:0/2:0/3:4/4:48/5:47/6:51/7:34/8:20/9:10/10:3/11:1/12:0,GBIF관찰+KPNI정명,,,,,,
,두메층층이,두메층층이,Clinopodium micranthum,,Lamiaceae,자생식물,366,8~9월,가을,보통,160,1:14/2:0/3:0/4:1/5:0/6:2/7:20/8:53/9:61/10:9/11:0/12:0,GBIF관찰+KPNI정명,,,,,,
,바늘꽃,바늘꽃,Epilobium pyrricholophum,,Onagraceae,자생식물,366,7~9월,여름,보통,100,1:8/2:0/3:0/4:2/5:6/6:4/7:16/8:43/9:20/10:1/11:0/12:0,GBIF관찰+KPNI정명,,,,,,
,섬노루귀,섬노루귀,Hepatica maxima,,Ranunculaceae,자생식물,366,,,보통,31,1:1/2:0/3:2/4:5/5:4/6:4/7:4/8:4/9:4/10:3/11:0/12:0,GBIF관찰+KPNI정명,,,,,,
,큰물칭개나물,큰물칭개나물,Veronica anagallis-aquatica,,Scrophulariaceae,외래식물,366,4~6월,봄,보통,180,1:0/2:0/3:10/4:44/5:72/6:31/7:5/8:2/9:1/10:11/11:1/12:3,GBIF관찰+KPNI정명,,,,,,
,노랑어리연꽃,노랑어리연꽃,Nymphoides peltata,,Menyanthaceae,자생식물,365,5~7월,여름,보통,161,1:3/2:0/3:1/4:4/5:18/6:38/7:26/8:11/9:27/10:30/11:3/12:0,GBIF관찰+KPNI정명,,,,,,
,닭의난초,닭의난초,Epipactis thunbergii,,Orchidaceae,자생식물,361,5~7월,여름,보통,91,1:4/2:0/3:0/4:1/5:14/6:35/7:23/8:6/9:3/10:5/11:0/12:0,GBIF관찰+KPNI정명,,,,,,
,금강초롱꽃,금강초롱꽃,Hanabusaya asiatica,,Campanulaceae,자생식물,361,8~9월,가을,보통,81,1:1/2:0/3:0/4:10/5:6/6:14/7:4/8:21/9:24/10:1/11:0/12:0,GBIF관찰+KPNI정명,,,,,,
,애기원추리,애기원추리,Hemerocallis minor,,Liliaceae,자생식물,360,7~8월,여름,보통,75,1:2/2:0/3:0/4:2/5:3/6:7/7:37/8:14/9:9/10:1/11:0/12:0,GBIF관찰+KPNI정명,,,,,,
,앵도나무,앵도나무,Prunus tomentosa,,Rosaceae,재배식물,357,4~6월,봄,보통,161,1:1/2:0/3:11/4:64/5:25/6:38/7:9/8:1/9:5/10:7/11:0/12:0,GBIF관찰+KPNI정명,,,,,,
,산괭이눈,산괭이눈,Chrysosplenium japonicum,,Saxifragaceae,자생식물,354,4~5월,봄,보통,138,1:0/2:1/3:9/4:71/5:44/6:7/7:1/8:1/9:3/10:1/11:0/12:0,GBIF관찰+KPNI정명,,,,,,
,복주머니란,복주머니란,Cypripedium macranthos,,Orchidaceae,자생식물,352,,,보통,9,1:0/2:0/3:0/4:0/5:4/6:2/7:0/8:3/9:0/10:0/11:0/12:0,GBIF관찰+KPNI정명,,,,,,
,두루미꽃,두루미꽃,Maianthemum bifolium,,Liliaceae,자생식물,352,5~6월,여름,보통,47,1:0/2:0/3:0/4:3/5:19/6:10/7:6/8:4/9:5/10:0/11:0/12:0,GBIF관찰+KPNI정명,,,,,,
,산개벚지나무,산개벚지나무,Prunus maximowiczii,,Rosaceae,자생식물,350,4~7월,여름,보통,33,1:0/2:0/3:0/4:6/5:9/6:6/7:4/8:3/9:5/10:0/11:0/12:0,GBIF관찰+KPNI정명,,,,,,
,털오갈피나무,털오갈피나무,Eleutherococcus divaricatus,,Araliaceae,자생식물,349,,,보통,6,1:0/2:0/3:0/4:1/5:1/6:0/7:2/8:1/9:1/10:0/11:0/12:0,GBIF관찰+KPNI정명,,,,,,
,약모밀,약모밀,Houttuynia cordata,,Saururaceae,자생식물,348,5~6월,여름,보통,163,1:1/2:0/3:2/4:13/5:35/6:61/7:21/8:4/9:4/10:20/11:2/12:0,GBIF관찰+KPNI정명,,,,,,
,섬쥐똥나무,섬쥐똥나무,Ligustrum foliosum,,Oleaceae,자생식물,347,8월,여름,보통,36,1:1/2:0/3:0/4:2/5:1/6:4/7:6/8:19/9:0/10:3/11:0/12:0,GBIF관찰+KPNI정명,,,,,,
,갯부추,갯부추,Allium pseudojaponicum,,Liliaceae,자생식물,346,,,보통,2,1:0/2:0/3:0/4:0/5:0/6:0/7:0/8:0/9:0/10:2/11:0/12:0,GBIF관찰+KPNI정명,,,,,,
,넓은잎미꾸리낚시,넓은잎미꾸리낚시,Persicaria muricata,,Polygonaceae,자생식물,346,6월,여름,보통,172,1:6/2:0/3:0/4:3/5:10/6:56/7:17/8:10/9:33/10:35/11:2/12:0,GBIF관찰+KPNI정명,,,,,,
,개구리미나리,개구리미나리,Ranunculus tachiroei,,Ranunculaceae,자생식물,345,,,보통,2,1:0/2:0/3:0/4:0/5:1/6:0/7:0/8:1/9:0/10:0/11:0/12:0,GBIF관찰+KPNI정명,,,,,,
,남천,남천,Nandina domestica,,Berberidaceae,재배식물,344,5~7월,여름,보통,230,1:12/2:9/3:11/4:12/5:20/6:42/7:18/8:11/9:19/10:37/11:25/12:14,GBIF관찰+KPNI정명,,,,,,
,애기참반디,애기참반디,Sanicula tuberculata,,Apiaceae,자생식물,344,4~8월,여름,보통,67,1:2/2:0/3:1/4:17/5:17/6:7/7:10/8:7/9:2/10:2/11:2/12:0,GBIF관찰+KPNI정명,,,,,,
,섬곽향,섬곽향,Teucrium viscidum,,Lamiaceae,자생식물,342,7~10월,가을,보통,143,1:13/2:0/3:0/4:3/5:3/6:9/7:42/8:37/9:18/10:18/11:0/12:0,GBIF관찰+KPNI정명,,,,,,
,미국쥐손이,미국쥐손이,Geranium carolinianum,,Geraniaceae,외래식물,339,5~6월,여름,보통,125,1:1/2:0/3:4/4:17/5:61/6:25/7:3/8:8/9:4/10:2/11:0/12:0,GBIF관찰+KPNI정명,,,,,,
,진황정,진황정,Polygonatum falcatum,,Liliaceae,자생식물,337,5~6월,여름,보통,91,1:2/2:0/3:0/4:12/5:35/6:16/7:10/8:5/9:6/10:3/11:2/12:0,GBIF관찰+KPNI정명,,,,,,
,비쑥,비쑥,Artemisia scoparia,,Asteraceae,자생식물,336,5월,봄,보통,89,1:16/2:0/3:0/4:3/5:18/6:6/7:9/8:15/9:14/10:5/11:3/12:0,GBIF관찰+KPNI정명,,,,,,
,갯방풍,갯방풍,Glehnia littoralis,,Apiaceae,자생식물,334,5~7월,여름,보통,108,1:3/2:0/3:0/4:5/5:22/6:41/7:16/8:3/9:11/10:4/11:3/12:0,GBIF관찰+KPNI정명,,,,,,
156,부추꽃,부추,Allium tuberosum,,Liliaceae,재배식물,333,8~10월,가을,보통,168,1:6/2:0/3:1/4:4/5:3/6:8/7:8/8:38/9:72/10:26/11:2/12:0,GBIF관찰+KPNI정명,Y,,흰색,밭·화단,중,산부추
,절국대,절국대,Siphonostegia chinensis,,Scrophulariaceae,자생식물,333,7~9월,여름,보통,85,1:7/2:0/3:0/4:1/5:1/6:3/7:13/8:35/9:18/10:7/11:0/12:0,GBIF관찰+KPNI정명,,,,,,
,자주꿩의다리,자주꿩의다리,Thalictrum uchiyamae,,Ranunculaceae,자생식물,331,6~9월,여름,보통,91,1:15/2:0/3:0/4:0/5:2/6:11/7:22/8:23/9:11/10:7/11:0/12:0,GBIF관찰+KPNI정명,,,,,,
,들현호색,들현호색,Corydalis ternata,,Fumariaceae,자생식물,330,4~5월,봄,보통,136,1:0/2:0/3:23/4:77/5:34/6:1/7:0/8:1/9:0/10:0/11:0/12:0,GBIF관찰+KPNI정명,,,,,,
,분취,분취,Saussurea seoulensis,,Asteraceae,자생식물,329,1월,겨울,보통,68,1:21/2:0/3:0/4:4/5:6/6:5/7:5/8:8/9:14/10:5/11:0/12:0,GBIF관찰+KPNI정명,,,,,,
,히어리,히어리,Corylopsis coreana,,Hamamelidaceae,자생식물,328,,,보통,1,1:0/2:0/3:0/4:0/5:0/6:0/7:0/8:0/9:0/10:1/11:0/12:0,GBIF관찰+KPNI정명,,,,,,
,유럽나도냉이,유럽나도냉이,Barbarea vulgaris,,Brassicaceae,외래식물,327,4~5월,봄,보통,38,1:0/2:0/3:4/4:14/5:17/6:1/7:2/8:0/9:0/10:0/11:0/12:0,GBIF관찰+KPNI정명,,,,,,
,망개나무,망개나무,Berchemiella berchemiifolia,,Rhamnaceae,자생식물,327,4월,봄,보통,48,1:0/2:0/3:0/4:26/5:4/6:2/7:10/8:4/9:2/10:0/11:0/12:0,GBIF관찰+KPNI정명,,,,,,
,이나무,이나무,Idesia polycarpa,,Flacourtiaceae,자생식물,327,5~9월,여름,보통,94,1:4/2:1/3:3/4:5/5:9/6:18/7:12/8:16/9:8/10:5/11:13/12:0,GBIF관찰+KPNI정명,,,,,,
106,기생초,기생초,Coreopsis tinctoria,,Asteraceae,재배식물,326,6~9월,여름,보통,171,1:4/2:0/3:5/4:6/5:6/6:46/7:43/8:20/9:24/10:14/11:3/12:0,GBIF관찰+KPNI정명,Y,,노랑,도로변·화단,중,금계국
,자란초,자란초,Ajuga spectabilis,,Lamiaceae,자생식물,322,5~7월,여름,보통,101,1:4/2:0/3:1/4:1/5:35/6:33/7:13/8:8/9:2/10:4/11:0/12:0,GBIF관찰+KPNI정명,,,,,,
,개곽향,개곽향,Teucrium japonicum,,Lamiaceae,자생식물,322,7~8월,여름,보통,116,1:2/2:0/3:0/4:0/5:1/6:6/7:55/8:31/9:19/10:2/11:0/12:0,GBIF관찰+KPNI정명,,,,,,
,나도바람꽃,나도바람꽃,Enemion raddeanum,,Ranunculaceae,자생식물,319,4~5월,봄,보통,51,1:0/2:0/3:0/4:29/5:16/6:2/7:0/8:2/9:2/10:0/11:0/12:0,GBIF관찰+KPNI정명,,,,,,
61,변산바람꽃,변산바람꽃,Eranthis byunsanensis,,Ranunculaceae,자생식물,317,2~3월,봄,보통,139,1:2/2:62/3:66/4:5/5:4/6:0/7:0/8:0/9:0/10:0/11:0/12:0,GBIF관찰+KPNI정명,Y,,흰색,남부 산지,중,-
,털도깨비바늘,털도깨비바늘,Bidens biternata,,Asteraceae,자생식물,314,8~10월,가을,보통,132,1:15/2:0/3:0/4:0/5:1/6:6/7:2/8:23/9:62/10:23/11:0/12:0,GBIF관찰+KPNI정명,,,,,,
,주엽나무,주엽나무,Gleditsia japonica,,Fabaceae,자생식물,314,7월,여름,보통,67,1:4/2:6/3:2/4:3/5:10/6:6/7:23/8:5/9:6/10:1/11:1/12:0,GBIF관찰+KPNI정명,,,,,,
7,살구꽃,살구나무,Prunus armeniaca,,Rosaceae,재배식물,314,3~6월,봄,보통,101,1:0/2:1/3:24/4:21/5:29/6:11/7:8/8:2/9:3/10:1/11:1/12:0,GBIF관찰+KPNI정명,Y,,분홍,주택가·농가,상,"매화,벚꽃,복사꽃"
,비쭈기나무,비쭈기나무,Cleyera japonica,,Theaceae,자생식물,313,,,보통,17,1:2/2:1/3:0/4:1/5:1/6:3/7:6/8:0/9:2/10:1/11:0/12:0,GBIF관찰+KPNI정명,,,,,,
,꿩의비름,꿩의비름,Hylotelephium erythrostictum,,Crassulaceae,자생식물,312,8~9월,가을,보통,112,1:3/2:0/3:0/4:11/5:8/6:10/7:10/8:29/9:32/10:7/11:2/12:0,GBIF관찰+KPNI정명,,,,,,
,참꽃나무,참꽃나무,Rhododendron weyrichii,,Ericaceae,자생식물,312,4~7월,여름,보통,58,1:1/2:0/3:0/4:6/5:15/6:12/7:7/8:5/9:5/10:7/11:0/12:0,GBIF관찰+KPNI정명,,,,,,
,산쉽싸리,산쉽싸리,Lycopus charkeviczii,,Lamiaceae,자생식물,311,5~7월,여름,보통,254,1:0/2:0/3:0/4:21/5:75/6:35/7:30/8:4/9:36/10:50/11:3/12:0,GBIF관찰+KPNI정명,,,,,,
,왕호장근,왕호장근,Reynoutria sachalinensis,,Polygonaceae,자생식물,308,,,보통,24,1:1/2:0/3:0/4:3/5:2/6:1/7:4/8:9/9:2/10:2/11:0/12:0,GBIF관찰+KPNI정명,,,,,,
,범부채,범부채,Iris domestica,,Iridaceae,자생식물,307,7~8월,여름,보통,143,1:3/2:0/3:1/4:1/5:2/6:11/7:67/8:26/9:12/10:16/11:4/12:0,GBIF관찰+KPNI정명,,,,,,
,나도하수오,나도하수오,Reynoutria ciliinervis,,Polygonaceae,자생식물,306,5~8월,여름,보통,68,1:1/2:0/3:2/4:4/5:13/6:8/7:14/8:17/9:4/10:3/11:2/12:0,GBIF관찰+KPNI정명,,,,,,
,백리향,백리향,Thymus quinquecostatus,,Lamiaceae,자생식물,306,4~7월,여름,보통,40,1:1/2:0/3:0/4:9/5:6/6:6/7:8/8:3/9:4/10:3/11:0/12:0,GBIF관찰+KPNI정명,,,,,,
,바보여뀌,바보여뀌,Persicaria pubescens,,Polygonaceae,자생식물,305,8~10월,가을,보통,137,1:14/2:0/3:0/4:1/5:3/6:9/7:9/8:18/9:44/10:35/11:4/12:0,GBIF관찰+KPNI정명,,,,,,
,둥근배암차즈기,둥근배암차즈기,Salvia japonica,,Lamiaceae,자생식물,305,6~8월,여름,보통,74,1:1/2:0/3:0/4:2/5:1/6:14/7:28/8:19/9:6/10:3/11:0/12:0,GBIF관찰+KPNI정명,,,,,,
,각시원추리,각시원추리,Hemerocallis dumortieri,,Liliaceae,자생식물,303,6~8월,여름,보통,142,1:3/2:0/3:1/4:4/5:9/6:20/7:51/8:26/9:15/10:13/11:0/12:0,GBIF관찰+KPNI정명,,,,,,
,한라부추,한라부추,Allium taquetii,,Liliaceae,자생식물,300,,,보통,14,1:0/2:0/3:0/4:0/5:0/6:1/7:0/8:4/9:7/10:2/11:0/12:0,GBIF관찰+KPNI정명,,,,,,
,만리화,만리화,Forsythia ovata,,Oleaceae,자생식물,299,,,보통,26,1:0/2:0/3:6/4:14/5:1/6:1/7:3/8:0/9:1/10:0/11:0/12:0,GBIF관찰+KPNI정명,,,,,,
,노란장대,노란장대,Sisymbrium luteum,,Brassicaceae,자생식물,299,5~6월,여름,보통,98,1:0/2:0/3:0/4:7/5:40/6:31/7:12/8:3/9:1/10:3/11:1/12:0,GBIF관찰+KPNI정명,,,,,,
,먼나무,먼나무,Ilex rotunda,,Aquifoliaceae,자생식물,298,,,보통,42,1:4/2:2/3:4/4:5/5:3/6:4/7:6/8:4/9:3/10:1/11:6/12:0,GBIF관찰+KPNI정명,,,,,,
,산복사나무,산복사나무,Prunus davidiana,,Rosaceae,자생식물,297,4~5월,봄,보통,71,1:0/2:0/3:7/4:28/5:13/6:7/7:4/8:6/9:3/10:1/11:2/12:0,GBIF관찰+KPNI정명,,,,,,
,방기,방기,Sinomenium acutum,,Menispermaceae,자생식물,297,4~9월,여름,보통,71,1:5/2:0/3:0/4:7/5:11/6:9/7:13/8:9/9:11/10:4/11:2/12:0,GBIF관찰+KPNI정명,,,,,,
,큰졸방제비꽃,큰졸방제비꽃,Viola kusanoana,,Violaceae,자생식물,297,,,보통,20,1:1/2:0/3:0/4:5/5:1/6:3/7:2/8:4/9:1/10:3/11:0/12:0,GBIF관찰+KPNI정명,,,,,,
,미국외풀,미국외풀,Lindernia dubia,,Scrophulariaceae,외래식물,292,6~9월,여름,보통,72,1:6/2:0/3:0/4:0/5:0/6:10/7:14/8:22/9:15/10:5/11:0/12:0,GBIF관찰+KPNI정명,,,,,,
,갈기조팝나무,갈기조팝나무,Spiraea trichocarpa,,Rosaceae,자생식물,292,5~7월,여름,보통,67,1:0/2:0/3:0/4:2/5:15/6:23/7:13/8:8/9:5/10:1/11:0/12:0,GBIF관찰+KPNI정명,,,,,,
,땅두릅,땅두릅,Aralia cordata,,Araliaceae,자생식물,291,8~10월,가을,보통,172,1:2/2:0/3:1/4:10/5:30/6:33/7:8/8:20/9:37/10:24/11:6/12:1,GBIF관찰+KPNI정명,,,,,,
,국화마,국화마,Dioscorea septemloba,,Dioscoreaceae,자생식물,291,5~10월,여름,보통,81,1:4/2:0/3:0/4:3/5:6/6:15/7:13/8:16/9:16/10:8/11:0/12:0,GBIF관찰+KPNI정명,,,,,,
,호자덩굴,호자덩굴,Mitchella undulata,,Rubiaceae,자생식물,290,5~7월,여름,보통,80,1:7/2:2/3:4/4:6/5:19/6:16/7:7/8:3/9:9/10:7/11:0/12:0,GBIF관찰+KPNI정명,,,,,,
,지채,지채,Triglochin maritima,,Juncaginaceae,자생식물,290,,,보통,6,1:0/2:0/3:2/4:0/5:2/6:1/7:0/8:1/9:0/10:0/11:0/12:0,GBIF관찰+KPNI정명,,,,,,
,후추등,후추등,Piper kadsura,,Piperaceae,자생식물,289,4~7월,여름,보통,65,1:4/2:1/3:3/4:14/5:13/6:8/7:8/8:4/9:5/10:4/11:1/12:0,GBIF관찰+KPNI정명,,,,,,
10,백목련,백목련,Magnolia denudata,,Magnoliaceae,재배식물,286,3~4월,봄,보통,133,1:13/2:4/3:36/4:30/5:7/6:11/7:5/8:9/9:9/10:2/11:2/12:5,GBIF관찰+KPNI정명,Y,,흰색,공원·학교,중,"목련,자목련"
,참배암차즈기,참배암차즈기,Salvia chanryoenica,,Lamiaceae,자생식물,285,7~9월,여름,보통,95,1:3/2:0/3:0/4:2/5:6/6:6/7:27/8:17/9:29/10:5/11:0/12:0,GBIF관찰+KPNI정명,,,,,,
,갯개미자리,갯개미자리,Spergularia marina,,Caryophyllaceae,자생식물,284,5~7월,여름,보통,81,1:7/2:0/3:0/4:5/5:21/6:26/7:14/8:1/9:2/10:4/11:1/12:0,GBIF관찰+KPNI정명,,,,,,
,개키버들,개키버들,Salix integra,,Salicaceae,자생식물,283,,,보통,23,1:1/2:0/3:0/4:6/5:9/6:4/7:0/8:2/9:0/10:1/11:0/12:0,GBIF관찰+KPNI정명,,,,,,
,쌍둥제비란,쌍둥제비란,Platanthera densa,,Orchidaceae,자생식물,282,,,보통,0,,GBIF관찰+KPNI정명,,,,,,
170,수레국화,수레국화,Centaurea cyanus,,Asteraceae,재배식물,280,5월,봄,보통,201,1:1/2:0/3:1/4:16/5:125/6:42/7:8/8:6/9:1/10:0/11:1/12:0,GBIF관찰+KPNI정명,Y,,파랑,화단·경관 초지,하,-
,큰개미자리,큰개미자리,Sagina maxima,,Caryophyllaceae,자생식물,280,4~7월,여름,보통,53,1:1/2:0/3:0/4:12/5:12/6:14/7:9/8:2/9:3/10:0/11:0/12:0,GBIF관찰+KPNI정명,,,,,,
,큰비짜루국화,큰비짜루국화,Symphyotrichum expansum,,Asteraceae,외래식물,280,,,보통,10,1:0/2:0/3:0/4:0/5:0/6:0/7:0/8:1/9:1/10:5/11:3/12:0,GBIF관찰+KPNI정명,,,,,,
,다북떡쑥,다북떡쑥,Anaphalis sinica,,Asteraceae,자생식물,279,,,보통,24,1:6/2:0/3:0/4:2/5:2/6:1/7:7/8:1/9:4/10:1/11:0/12:0,GBIF관찰+KPNI정명,,,,,,
,참죽나무,참죽나무,Toona sinensis,,Meliaceae,재배식물,278,2~7월,봄,보통,77,1:4/2:7/3:8/4:11/5:14/6:8/7:7/8:2/9:6/10:4/11:2/12:4,GBIF관찰+KPNI정명,,,,,,
,수박풀,수박풀,Hibiscus trionum,,Malvaceae,외래식물,277,8~9월,가을,보통,43,1:4/2:0/3:0/4:0/5:0/6:0/7:4/8:13/9:18/10:4/11:0/12:0,GBIF관찰+KPNI정명,,,,,,
,선이질풀,선이질풀,Geranium krameri,,Geraniaceae,자생식물,276,8~9월,가을,보통,47,1:3/2:0/3:0/4:0/5:4/6:0/7:5/8:18/9:17/10:0/11:0/12:0,GBIF관찰+KPNI정명,,,,,,
,만주잔대,만주잔대,Adenophora pereskiifolia,,Campanulaceae,자생식물,275,,,보통,10,1:1/2:0/3:0/4:0/5:0/6:0/7:0/8:0/9:3/10:6/11:0/12:0,GBIF관찰+KPNI정명,,,,,,
,인가목조팝나무,인가목조팝나무,Spiraea chamaedryfolia,,Rosaceae,자생식물,274,5~6월,여름,보통,30,1:2/2:0/3:0/4:2/5:10/6:6/7:1/8:2/9:7/10:0/11:0/12:0,GBIF관찰+KPNI정명,,,,,,
,등갈퀴나물,등갈퀴나물,Vicia cracca,,Fabaceae,자생식물,274,5~9월,여름,보통,78,1:3/2:0/3:0/4:2/5:16/6:8/7:19/8:14/9:12/10:4/11:0/12:0,GBIF관찰+KPNI정명,,,,,,
,물들메나무,물들메나무,Fraxinus chiisanensis,,Oleaceae,자생식물,273,,,보통,25,1:0/2:1/3:0/4:1/5:4/6:5/7:8/8:5/9:1/10:0/11:0/12:0,GBIF관찰+KPNI정명,,,,,,
,개똥쑥,개똥쑥,Artemisia annua,,Asteraceae,자생식물,272,5~6월,여름,보통,137,1:0/2:0/3:1/4:8/5:20/6:47/7:9/8:17/9:29/10:5/11:1/12:0,GBIF관찰+KPNI정명,,,,,,
,천마,천마,Gastrodia elata,,Orchidaceae,자생식물,271,4~7월,여름,보통,81,1:0/2:0/3:4/4:21/5:13/6:19/7:17/8:5/9:2/10:0/11:0/12:0,GBIF관찰+KPNI정명,,,,,,
,바위장대,바위장대,Arabis serrata,,Brassicaceae,자생식물,270,,,보통,11,1:1/2:0/3:1/4:4/5:0/6:3/7:1/8:1/9:0/10:0/11:0/12:0,GBIF관찰+KPNI정명,,,,,,
,쥐털이슬,쥐털이슬,Circaea alpina,,Onagraceae,자생식물,270,7~9월,여름,보통,38,1:0/2:0/3:0/4:1/5:0/6:3/7:16/8:11/9:6/10:1/11:0/12:0,GBIF관찰+KPNI정명,,,,,,
,산들깨,산들깨,Mosla japonica,,Lamiaceae,자생식물,269,8~9월,가을,보통,80,1:8/2:0/3:0/4:0/5:2/6:5/7:1/8:14/9:37/10:7/11:6/12:0,GBIF관찰+KPNI정명,,,,,,
,절굿대,절굿대,Echinops setifer,,Asteraceae,자생식물,268,7~9월,여름,보통,90,1:4/2:0/3:0/4:0/5:2/6:7/7:19/8:32/9:19/10:7/11:0/12:0,GBIF관찰+KPNI정명,,,,,,
,들괭이밥,들괭이밥,Oxalis dillenii,,Oxalidaceae,외래식물,266,5월,봄,보통,144,1:0/2:0/3:0/4:9/5:66/6:18/7:6/8:5/9:17/10:19/11:4/12:0,GBIF관찰+KPNI정명,,,,,,
,꽃벚나무,꽃벚나무,Prunus serrulata,,Rosaceae,재배식물,266,,,보통,20,1:0/2:0/3:3/4:10/5:1/6:1/7:1/8:0/9:0/10:2/11:2/12:0,GBIF관찰+KPNI정명,,,,,,
,호바늘꽃,호바늘꽃,Epilobium amurense,,Onagraceae,자생식물,265,7~9월,여름,보통,51,1:4/2:0/3:0/4:1/5:1/6:2/7:9/8:19/9:12/10:3/11:0/12:0,GBIF관찰+KPNI정명,,,,,,
,솔나리,솔나리,Lilium cernuum,,Liliaceae,자생식물,265,7월,여름,보통,63,1:2/2:0/3:0/4:10/5:4/6:7/7:23/8:8/9:5/10:4/11:0/12:0,GBIF관찰+KPNI정명,,,,,,
,나래가막사리,나래가막사리,Verbesina alternifolia,,Asteraceae,외래식물,265,7~9월,여름,보통,110,1:1/2:1/3:0/4:1/5:2/6:11/7:18/8:36/9:32/10:8/11:0/12:0,GBIF관찰+KPNI정명,,,,,,
,가는장대,가는장대,Dontostemon dentatus,,Brassicaceae,자생식물,263,,,보통,23,1:1/2:0/3:0/4:3/5:3/6:3/7:9/8:4/9:0/10:0/11:0/12:0,GBIF관찰+KPNI정명,,,,,,
188,꽃무릇,석산,Lycoris radiata,,Amaryllidaceae,재배식물,263,9월,가을,보통,193,1:1/2:3/3:3/4:4/5:2/6:0/7:2/8:2/9:146/10:28/11:2/12:0,GBIF관찰+KPNI정명,Y,,붉은색,사찰·공원,하,상사화
,새우난초,새우난초,Calanthe discolor,,Orchidaceae,자생식물,262,4~5월,봄,보통,115,1:5/2:0/3:0/4:35/5:53/6:6/7:4/8:3/9:2/10:5/11:2/12:0,GBIF관찰+KPNI정명,,,,,,
,갯씀바귀,갯씀바귀,Ixeris repens,,Asteraceae,자생식물,261,5~10월,여름,보통,76,1:5/2:0/3:0/4:3/5:14/6:16/7:12/8:7/9:11/10:8/11:0/12:0,GBIF관찰+KPNI정명,,,,,,
,미선나무,미선나무,Abeliophyllum distichum,,Oleaceae,자생식물,260,3월,봄,보통,36,1:0/2:2/3:18/4:3/5:5/6:1/7:1/8:0/9:4/10:1/11:0/12:1,GBIF관찰+KPNI정명,,,,,,
,털조장나무,털조장나무,Lindera sericea,,Lauraceae,자생식물,260,,,보통,15,1:3/2:0/3:0/4:4/5:0/6:3/7:0/8:3/9:1/10:1/11:0/12:0,GBIF관찰+KPNI정명,,,,,,
,바위취,바위취,Saxifraga stolonifera,,Saxifragaceae,재배식물,260,3~6월,봄,보통,142,1:2/2:5/3:15/4:29/5:26/6:36/7:6/8:3/9:9/10:10/11:1/12:0,GBIF관찰+KPNI정명,,,,,,
,자주잎제비꽃,자주잎제비꽃,Viola violacea,,Violaceae,자생식물,260,4월,봄,보통,58,1:0/2:0/3:2/4:30/5:8/6:5/7:3/8:0/9:2/10:3/11:5/12:0,GBIF관찰+KPNI정명,,,,,,
,새끼꿩의비름,새끼꿩의비름,Hylotelephium viviparum,,Crassulaceae,자생식물,259,9월,가을,보통,93,1:9/2:0/3:0/4:3/5:5/6:4/7:8/8:12/9:41/10:11/11:0/12:0,GBIF관찰+KPNI정명,,,,,,
,산민들레,산민들레,Taraxacum ussuriense,,Asteraceae,자생식물,259,4~5월,봄,보통,70,1:0/2:0/3:4/4:26/5:29/6:3/7:5/8:2/9:0/10:1/11:0/12:0,GBIF관찰+KPNI정명,,,,,,
,좀소리쟁이,좀소리쟁이,Rumex dentatus,,Polygonaceae,외래식물,258,6~7월,여름,보통,40,1:0/2:0/3:0/4:0/5:1/6:19/7:16/8:3/9:0/10:1/11:0/12:0,GBIF관찰+KPNI정명,,,,,,
91,회화나무,회화나무,Styphnolobium japonicum,,Fabaceae,재배식물,256,7~8월,여름,보통,87,1:2/2:3/3:1/4:2/5:5/6:6/7:29/8:20/9:8/10:8/11:2/12:1,GBIF관찰+KPNI정명,Y,,흰색,가로수·고궁,상,아까시나무
31,민들레,민들레,Taraxacum mongolicum,,Asteraceae,자생식물,255,4~5월,봄,보통,57,1:0/2:0/3:3/4:31/5:14/6:3/7:1/8:1/9:0/10:4/11:0/12:0,GBIF관찰+KPNI정명,Y,Taraxacum platycarpum,노랑,길가·공터,중,"서양민들레,씀바귀"
,갯괴불주머니,갯괴불주머니,Corydalis platycarpa,,Fumariaceae,자생식물,253,4~5월,봄,보통,79,1:1/2:2/3:1/4:31/5:24/6:6/7:2/8:4/9:1/10:1/11:6/12:0,GBIF관찰+KPNI정명,,,,,,
,개벚지나무,개벚지나무,Prunus glandulifolia,,Rosaceae,자생식물,253,5월,봄,보통,50,1:0/2:0/3:0/4:4/5:30/6:4/7:3/8:4/9:5/10:0/11:0/12:0,GBIF관찰+KPNI정명,,,,,,
,뚜껑덩굴,뚜껑덩굴,Actinostemma lobatum,,Cucurbitaceae,자생식물,252,7~10월,가을,보통,109,1:4/2:0/3:0/4:5/5:10/6:8/7:14/8:25/9:20/10:23/11:0/12:0,GBIF관찰+KPNI정명,,,,,,
,골담초,골담초,Caragana sinica,,Fabaceae,재배식물,252,4~5월,봄,보통,64,1:0/2:1/3:5/4:29/5:14/6:2/7:2/8:0/9:5/10:4/11:2/12:0,GBIF관찰+KPNI정명,,,,,,
,각시서덜취,각시서덜취,Saussurea macrolepis,,Asteraceae,자생식물,252,8~9월,가을,보통,49,1:5/2:0/3:0/4:3/5:2/6:1/7:5/8:8/9:22/10:3/11:0/12:0,GBIF관찰+KPNI정명,,,,,,
,노란꽃땅꽈리,노란꽃땅꽈리,Physalis angulata,,Solanaceae,외래식물,251,10월,가을,보통,56,1:4/2:0/3:0/4:1/5:3/6:2/7:6/8:7/9:8/10:23/11:2/12:0,GBIF관찰+KPNI정명,,,,,,
,개살구나무,개살구나무,Prunus mandshurica,,Rosaceae,자생식물,251,4~8월,여름,보통,62,1:1/2:0/3:4/4:12/5:12/6:17/7:7/8:7/9:0/10:1/11:0/12:1,GBIF관찰+KPNI정명,,,,,,
,여우오줌,여우오줌,Carpesium macrocephalum,,Asteraceae,자생식물,250,7~9월,여름,보통,84,1:2/2:0/3:0/4:5/5:3/6:4/7:15/8:25/9:22/10:8/11:0/12:0,GBIF관찰+KPNI정명,,,,,,
,왕괴불나무,왕괴불나무,Lonicera vidalii,,Caprifoliaceae,자생식물,249,7월,여름,보통,35,1:1/2:0/3:1/4:3/5:10/6:4/7:12/8:4/9:0/10:0/11:0/12:0,GBIF관찰+KPNI정명,,,,,,
28,작약,작약,Paeonia lactiflora,,Ranunculaceae,자생식물,248,4~6월,봄,보통,93,1:1/2:0/3:2/4:18/5:39/6:14/7:9/8:7/9:3/10:0/11:0/12:0,GBIF관찰+KPNI정명,Y,,분홍,화단·농가,중,모란
,광릉골무꽃,광릉골무꽃,Scutellaria insignis,,Lamiaceae,자생식물,248,6월,여름,보통,79,1:0/2:0/3:0/4:2/5:7/6:44/7:9/8:11/9:5/10:1/11:0/12:0,GBIF관찰+KPNI정명,,,,,,
,갯장대,갯장대,Arabis stelleri,,Brassicaceae,자생식물,246,,,보통,23,1:1/2:0/3:0/4:4/5:10/6:3/7:4/8:1/9:0/10:0/11:0/12:0,GBIF관찰+KPNI정명,,,,,,
,애기도라지,애기도라지,Wahlenbergia marginata,,Campanulaceae,자생식물,246,,,보통,25,1:3/2:0/3:0/4:1/5:3/6:4/7:2/8:3/9:2/10:6/11:0/12:1,GBIF관찰+KPNI정명,,,,,,
,붓순나무,붓순나무,Illicium anisatum,,Illiciaceae,자생식물,245,,,보통,19,1:2/2:0/3:1/4:8/5:1/6:2/7:3/8:2/9:0/10:0/11:0/12:0,GBIF관찰+KPNI정명,,,,,,
,물꽈리아재비,물꽈리아재비,Erythranthe nepalensis,,Scrophulariaceae,자생식물,244,6~9월,여름,보통,58,1:3/2:0/3:0/4:0/5:5/6:12/7:15/8:15/9:7/10:1/11:0/12:0,GBIF관찰+KPNI정명,,,,,,
83,수국,수국,Hydrangea macrophylla,,Saxifragaceae,재배식물,242,4~7월,여름,보통,77,1:1/2:1/3:3/4:10/5:13/6:21/7:13/8:4/9:6/10:2/11:3/12:0,GBIF관찰+KPNI정명,Y,,파랑,공원·정원,하,"산수국,나무수국"
,왜젓가락나물,왜젓가락나물,Ranunculus silerifolius,,Ranunculaceae,자생식물,242,,,보통,15,1:1/2:0/3:0/4:0/5:3/6:3/7:5/8:3/9:0/10:0/11:0/12:0,GBIF관찰+KPNI정명,,,,,,
111,노랑코스모스,노랑코스모스,Cosmos sulphureus,,Asteraceae,재배식물,241,8~10월,가을,보통,160,1:3/2:0/3:0/4:0/5:1/6:7/7:15/8:35/9:44/10:46/11:9/12:0,GBIF관찰+KPNI정명,Y,,주황,도로변·하천,중,"코스모스,금계국"
,큰벼룩아재비,큰벼룩아재비,Mitrasacme pygmaea,,Loganiaceae,자생식물,241,9~10월,가을,보통,133,1:10/2:0/3:0/4:0/5:1/6:2/7:3/8:13/9:70/10:33/11:1/12:0,GBIF관찰+KPNI정명,,,,,,
,쥐꼬리풀,쥐꼬리풀,Aletris spicata,,Liliaceae,자생식물,240,5~6월,여름,보통,66,1:0/2:0/3:0/4:4/5:27/6:28/7:4/8:1/9:0/10:2/11:0/12:0,GBIF관찰+KPNI정명,,,,,,
,개버무리,개버무리,Clematis serratifolia,,Ranunculaceae,자생식물,240,9월,가을,보통,43,1:1/2:0/3:0/4:2/5:2/6:3/7:8/8:4/9:19/10:4/11:0/12:0,GBIF관찰+KPNI정명,,,,,,
,연영초,연영초,Trillium camschatcense,,Liliaceae,자생식물,236,4~6월,봄,보통,54,1:0/2:0/3:0/4:9/5:25/6:11/7:5/8:1/9:3/10:0/11:0/12:0,GBIF관찰+KPNI정명,,,,,,
,놋젓가락나물,놋젓가락나물,Aconitum ciliare,,Ranunculaceae,자생식물,235,8~10월,가을,보통,57,1:7/2:0/3:0/4:6/5:6/6:3/7:0/8:8/9:17/10:10/11:0/12:0,GBIF관찰+KPNI정명,,,,,,
,석류풀,석류풀,Trigastrotheca stricta,,Molluginaceae,자생식물,235,9~10월,가을,보통,56,1:0/2:0/3:0/4:0/5:0/6:5/7:12/8:7/9:22/10:8/11:2/12:0,GBIF관찰+KPNI정명,,,,,,
,덤불쑥,덤불쑥,Artemisia rubripes,,Asteraceae,자생식물,233,7~9월,여름,보통,73,1:14/2:0/3:0/4:0/5:2/6:4/7:13/8:12/9:23/10:5/11:0/12:0,GBIF관찰+KPNI정명,,,,,,
,먹넌출,먹넌출,Berchemia floribunda,,Rhamnaceae,자생식물,233,,,보통,14,1:0/2:0/3:0/4:0/5:8/6:2/7:0/8:0/9:2/10:2/11:0/12:0,GBIF관찰+KPNI정명,,,,,,
,벽오동나무,벽오동나무,Firmiana simplex,,Sterculiaceae,재배식물,232,5~10월,여름,보통,122,1:4/2:5/3:7/4:7/5:15/6:22/7:14/8:14/9:13/10:12/11:6/12:3,GBIF관찰+KPNI정명,,,,,,
,난쟁이바위솔,난쟁이바위솔,Meterostachys sikokianus,,Crassulaceae,자생식물,232,8월,여름,보통,48,1:2/2:0/3:0/4:0/5:0/6:3/7:6/8:27/9:8/10:2/11:0/12:0,GBIF관찰+KPNI정명,,,,,,
,좀개갓냉이,좀개갓냉이,Rorippa cantoniensis,,Brassicaceae,자생식물,232,4~6월,봄,보통,65,1:9/2:0/3:1/4:12/5:17/6:10/7:3/8:5/9:2/10:6/11:0/12:0,GBIF관찰+KPNI정명,,,,,,
,통발,통발,Utricularia japonica,,Lentibulariaceae,자생식물,231,1월,겨울,보통,43,1:10/2:0/3:0/4:4/5:1/6:2/7:10/8:7/9:5/10:3/11:1/12:0,GBIF관찰+KPNI정명,,,,,,
,길마가지나무,길마가지나무,Lonicera harae,,Caprifoliaceae,자생식물,230,,,보통,28,1:3/2:3/3:11/4:4/5:3/6:0/7:0/8:1/9:0/10:0/11:0/12:3,GBIF관찰+KPNI정명,,,,,,
,물칭개나물,물칭개나물,Veronica undulata,,Scrophulariaceae,자생식물,230,5~6월,여름,보통,108,1:0/2:1/3:4/4:8/5:46/6:23/7:11/8:7/9:1/10:6/11:1/12:0,GBIF관찰+KPNI정명,,,,,,
,종지나물,종지나물,Viola sororia,,Violaceae,재배식물,230,4~5월,봄,보통,182,1:0/2:0/3:22/4:73/5:37/6:10/7:11/8:1/9:10/10:17/11:1/12:0,GBIF관찰+KPNI정명,,,,,,
,창포,창포,Acorus calamus,,Araceae,자생식물,229,4~6월,봄,보통,80,1:2/2:0/3:1/4:11/5:28/6:21/7:5/8:3/9:4/10:4/11:1/12:0,GBIF관찰+KPNI정명,,,,,,
,왜승마,왜승마,Actaea japonica,,Ranunculaceae,자생식물,229,,,보통,28,1:0/2:0/3:0/4:5/5:5/6:6/7:1/8:2/9:7/10:1/11:0/12:1,GBIF관찰+KPNI정명,,,,,,
,뜰보리수,뜰보리수,Elaeagnus multiflora,,Elaeagnaceae,재배식물,229,4~6월,봄,보통,88,1:1/2:0/3:3/4:15/5:22/6:28/7:8/8:1/9:6/10:2/11:2/12:0,GBIF관찰+KPNI정명,,,,,,
,큰잎갈퀴,큰잎갈퀴,Galium dahuricum,,Rubiaceae,자생식물,229,,,보통,15,1:0/2:0/3:0/4:3/5:2/6:2/7:2/8:0/9:1/10:5/11:0/12:0,GBIF관찰+KPNI정명,,,,,,
,목포용둥굴레,목포용둥굴레,Polygonatum cryptanthum,,Liliaceae,자생식물,229,5~6월,여름,보통,62,1:0/2:0/3:0/4:6/5:21/6:21/7:0/8:3/9:2/10:1/11:8/12:0,GBIF관찰+KPNI정명,,,,,,
,쇠채,쇠채,Scorzonera albicaulis,,Asteraceae,자생식물,229,5~7월,여름,보통,72,1:0/2:0/3:0/4:2/5:16/6:32/7:14/8:5/9:3/10:0/11:0/12:0,GBIF관찰+KPNI정명,,,,,,
,네귀쓴풀,네귀쓴풀,Swertia tetrapetala,,Gentianaceae,자생식물,229,1월,겨울,보통,33,1:13/2:0/3:0/4:1/5:0/6:0/7:5/8:4/9:10/10:0/11:0/12:0,GBIF관찰+KPNI정명,,,,,,
,큰연영초,큰연영초,Trillium tschonoskii,,Liliaceae,자생식물,229,4~5월,봄,보통,53,1:0/2:0/3:0/4:12/5:23/6:8/7:1/8:7/9:2/10:0/11:0/12:0,GBIF관찰+KPNI정명,,,,,,
,큰달맞이꽃,큰달맞이꽃,Oenothera glazioviana,,Onagraceae,외래식물,228,6~8월,여름,보통,61,1:1/2:0/3:0/4:4/5:4/6:9/7:20/8:15/9:6/10:2/11:0/12:0,GBIF관찰+KPNI정명,,,,,,
,개양귀비,개양귀비,Papaver rhoeas,,Papaveraceae,재배식물,227,5~6월,여름,보통,159,1:0/2:0/3:4/4:6/5:72/6:54/7:21/8:2/9:0/10:0/11:0/12:0,GBIF관찰+KPNI정명,,,,,,
,양버즘나무,양버즘나무,Platanus occidentalis,,Platanaceae,재배식물,227,3~7월,봄,보통,103,1:7/2:3/3:12/4:8/5:15/6:12/7:9/8:4/9:13/10:13/11:6/12:1,GBIF관찰+KPNI정명,,,,,,
,넓은잎갈퀴,넓은잎갈퀴,Vicia japonica,,Fabaceae,자생식물,227,7~9월,여름,보통,38,1:5/2:0/3:0/4:0/5:3/6:4/7:5/8:14/9:6/10:1/11:0/12:0,GBIF관찰+KPNI정명,,,,,,
,분꽃,분꽃,Mirabilis jalapa,,Nyctaginaceae,재배식물,226,7~10월,가을,보통,141,1:5/2:1/3:0/4:4/5:3/6:8/7:38/8:20/9:35/10:19/11:8/12:0,GBIF관찰+KPNI정명,,,,,,
,산외,산외,Schizopepon bryoniifolius,,Cucurbitaceae,자생식물,226,6~10월,여름,보통,90,1:4/2:0/3:0/4:3/5:3/6:14/7:17/8:20/9:21/10:8/11:0/12:0,GBIF관찰+KPNI정명,,,,,,
,윤판나물아재비,윤판나물아재비,Disporum sessile,,Liliaceae,자생식물,223,,,보통,9,1:0/2:0/3:0/4:4/5:1/6:0/7:1/8:2/9:0/10:1/11:0/12:0,GBIF관찰+KPNI이명해소,,,,,,
,수정난풀,수정난풀,Monotropa uniflora,,Pyrolaceae,자생식물,223,9월,가을,보통,56,1:2/2:0/3:2/4:3/5:3/6:5/7:2/8:4/9:31/10:4/11:0/12:0,GBIF관찰+KPNI정명,,,,,,
,산옥매,산옥매,Prunus glandulosa,,Rosaceae,자생식물,223,4월,봄,보통,60,1:4/2:5/3:7/4:32/5:7/6:1/7:0/8:3/9:1/10:0/11:0/12:0,GBIF관찰+KPNI정명,,,,,,
,생열귀나무,생열귀나무,Rosa davurica,,Rosaceae,자생식물,223,,,보통,24,1:1/2:0/3:0/4:1/5:5/6:9/7:5/8:2/9:1/10:0/11:0/12:0,GBIF관찰+KPNI정명,,,,,,
,이삭단엽란,이삭단엽란,Malaxis monophyllos,,Orchidaceae,자생식물,221,,,보통,16,1:0/2:0/3:0/4:0/5:0/6:8/7:6/8:1/9:1/10:0/11:0/12:0,GBIF관찰+KPNI정명,,,,,,
,나도국수나무,나도국수나무,Neillia uekii,,Rosaceae,자생식물,221,,,보통,3,1:0/2:0/3:0/4:0/5:1/6:1/7:1/8:0/9:0/10:0/11:0/12:0,GBIF관찰+KPNI정명,,,,,,
,갈퀴아재비,갈퀴아재비,Asperula lasiantha,,Rubiaceae,자생식물,220,6~8월,여름,보통,42,1:2/2:0/3:0/4:0/5:4/6:10/7:12/8:11/9:2/10:1/11:0/12:0,GBIF관찰+KPNI정명,,,,,,
,논냉이,논냉이,Cardamine lyrata,,Brassicaceae,자생식물,220,4~5월,봄,보통,32,1:1/2:1/3:1/4:11/5:11/6:3/7:1/8:1/9:1/10:0/11:1/12:0,GBIF관찰+KPNI정명,,,,,,
,애기탑꽃,애기탑꽃,Clinopodium gracile,,Lamiaceae,자생식물,220,7~10월,가을,보통,38,1:0/2:0/3:0/4:0/5:2/6:2/7:7/8:9/9:8/10:10/11:0/12:0,GBIF관찰+KPNI정명,,,,,,
,세잎꿩의비름,세잎꿩의비름,Hylotelephium verticillatum,,Crassulaceae,자생식물,220,8~9월,가을,보통,60,1:11/2:0/3:0/4:1/5:2/6:3/7:3/8:24/9:15/10:1/11:0/12:0,GBIF관찰+KPNI정명,,,,,,
,붉은참반디,붉은참반디,Sanicula rubriflora,,Apiaceae,자생식물,220,5월,봄,보통,35,1:0/2:0/3:0/4:3/5:19/6:4/7:0/8:1/9:7/10:1/11:0/12:0,GBIF관찰+KPNI정명,,,,,,
,독말풀,독말풀,Datura stramonium,,Solanaceae,재배식물,219,7~9월,여름,보통,74,1:7/2:0/3:0/4:4/5:0/6:3/7:14/8:23/9:15/10:8/11:0/12:0,GBIF관찰+KPNI정명,,,,,,
,호자나무,호자나무,Damnacanthus indicus,,Rubiaceae,자생식물,217,,,보통,40,1:0/2:1/3:1/4:6/5:6/6:8/7:5/8:6/9:3/10:3/11:1/12:0,GBIF관찰+KPNI정명,,,,,,
,해란초,해란초,Linaria japonica,,Scrophulariaceae,자생식물,217,5~9월,여름,보통,42,1:1/2:0/3:0/4:2/5:6/6:11/7:8/8:5/9:7/10:2/11:0/12:0,GBIF관찰+KPNI정명,,,,,,
108,삼잎국화,삼잎국화,Rudbeckia laciniata,,Asteraceae,재배식물,217,5~8월,여름,보통,131,1:0/2:0/3:0/4:4/5:17/6:25/7:32/8:23/9:11/10:18/11:1/12:0,GBIF관찰+KPNI정명,Y,,노랑,하천변·공터,중,원추천인국
,백미꽃,백미꽃,Vincetoxicum atratum,,Apocynaceae,자생식물,217,5~6월,여름,보통,50,1:1/2:0/3:0/4:0/5:25/6:13/7:7/8:3/9:1/10:0/11:0/12:0,GBIF관찰+KPNI정명,,,,,,
,까치발,까치발,Bidens parviflora,,Asteraceae,자생식물,215,9월,가을,보통,52,1:5/2:0/3:0/4:0/5:2/6:3/7:1/8:4/9:28/10:8/11:1/12:0,GBIF관찰+KPNI정명,,,,,,
,양장구채,양장구채,Silene gallica,,Caryophyllaceae,외래식물,215,4~6월,봄,보통,52,1:1/2:3/3:1/4:12/5:15/6:8/7:5/8:0/9:4/10:1/11:1/12:1,GBIF관찰+KPNI정명,,,,,,
,자주방아풀,자주방아풀,Isodon serra,,Lamiaceae,자생식물,214,9월,가을,보통,72,1:15/2:0/3:0/4:0/5:2/6:0/7:2/8:2/9:42/10:9/11:0/12:0,GBIF관찰+KPNI정명,,,,,,
,미국미역취,미국미역취,Solidago gigantea,,Asteraceae,재배식물,214,6~8월,여름,보통,68,1:10/2:0/3:0/4:1/5:2/6:7/7:18/8:8/9:5/10:13/11:4/12:0,GBIF관찰+KPNI정명,,,,,,
,큰꿩의비름,큰꿩의비름,Hylotelephium spectabile,,Crassulaceae,자생식물,213,5~10월,여름,보통,86,1:8/2:0/3:0/4:5/5:6/6:15/7:8/8:15/9:17/10:10/11:2/12:0,GBIF관찰+KPNI정명,,,,,,
,겨울딸기,겨울딸기,Rubus buergeri,,Rosaceae,자생식물,213,6~9월,여름,보통,71,1:8/2:1/3:7/4:7/5:4/6:12/7:7/8:7/9:8/10:2/11:6/12:2,GBIF관찰+KPNI정명,,,,,,
,마편초,마편초,Verbena officinalis,,Verbenaceae,자생식물,211,6~10월,여름,보통,60,1:5/2:0/3:0/4:0/5:0/6:10/7:14/8:10/9:9/10:11/11:1/12:0,GBIF관찰+KPNI정명,,,,,,
,댕강나무,댕강나무,Zabelia tyaihyonii,,Caprifoliaceae,자생식물,211,,,보통,11,1:1/2:0/3:0/4:2/5:2/6:1/7:3/8:1/9:1/10:0/11:0/12:0,GBIF관찰+KPNI정명,,,,,,
,눈갯쑥부쟁이,눈갯쑥부쟁이,Aster hayatae,,Asteraceae,자생식물,210,,,보통,10,1:0/2:0/3:4/4:0/5:1/6:1/7:2/8:0/9:2/10:0/11:0/12:0,GBIF관찰+KPNI정명,,,,,,
130,봉선화,봉선화,Impatiens balsamina,,Balsaminaceae,재배식물,210,7~10월,가을,보통,166,1:4/2:0/3:0/4:0/5:1/6:3/7:31/8:48/9:37/10:33/11:9/12:0,GBIF관찰+KPNI정명,Y,,분홍,화단·주택가,중,"물봉선,임파첸스"
,왕쥐똥나무,왕쥐똥나무,Ligustrum ovalifolium,,Oleaceae,자생식물,210,4~7월,여름,보통,36,1:1/2:0/3:1/4:9/5:4/6:10/7:5/8:2/9:3/10:1/11:0/12:0,GBIF관찰+KPNI정명,,,,,,
,덤불조팝나무,덤불조팝나무,Spiraea miyabei,,Rosaceae,자생식물,209,,,보통,14,1:0/2:0/3:0/4:1/5:0/6:10/7:1/8:2/9:0/10:0/11:0/12:0,GBIF관찰+KPNI정명,,,,,,
,왕초피나무,왕초피나무,Zanthoxylum simulans,,Rutaceae,자생식물,209,4~7월,여름,보통,39,1:0/2:0/3:0/4:7/5:6/6:7/7:6/8:2/9:2/10:2/11:7/12:0,GBIF관찰+KPNI정명,,,,,,
,나래완두,나래완두,Vicia anguste-pinnata,,Fabaceae,자생식물,208,4~6월,봄,보통,45,1:0/2:0/3:0/4:6/5:14/6:15/7:1/8:6/9:1/10:2/11:0/12:0,GBIF관찰+KPNI정명,,,,,,
,노랑무늬붓꽃,노랑무늬붓꽃,Iris odaesanensis,,Iridaceae,자생식물,207,4~5월,봄,보통,87,1:0/2:0/3:0/4:40/5:42/6:2/7:1/8:1/9:1/10:0/11:0/12:0,GBIF관찰+KPNI정명,,,,,,
,홍괴불나무,홍괴불나무,Lonicera maximowiczii,,Caprifoliaceae,자생식물,207,,,보통,25,1:1/2:0/3:0/4:3/5:6/6:6/7:3/8:3/9:2/10:1/11:0/12:0,GBIF관찰+KPNI정명,,,,,,
,끈끈이주걱,끈끈이주걱,Drosera rotundifolia,,Droseraceae,자생식물,206,4~8월,여름,보통,35,1:1/2:0/3:0/4:3/5:4/6:7/7:6/8:5/9:2/10:7/11:0/12:0,GBIF관찰+KPNI정명,,,,,,
,뇌성목,뇌성목,Lindera angustifolia,,Lauraceae,자생식물,206,4월,봄,보통,32,1:4/2:0/3:0/4:18/5:2/6:3/7:5/8:0/9:0/10:0/11:0/12:0,GBIF관찰+KPNI정명,,,,,,
,그늘쑥,그늘쑥,Artemisia sylvatica,,Asteraceae,자생식물,205,8~9월,가을,보통,46,1:8/2:0/3:0/4:2/5:5/6:5/7:3/8:7/9:14/10:2/11:0/12:0,GBIF관찰+KPNI정명,,,,,,
,누운주름잎,누운주름잎,Mazus miquelii,,Scrophulariaceae,자생식물,205,4~6월,봄,보통,68,1:3/2:1/3:1/4:15/5:16/6:12/7:3/8:8/9:7/10:2/11:0/12:0,GBIF관찰+KPNI정명,,,,,,
,은백양,은백양,Populus alba,,Salicaceae,재배식물,205,6~7월,여름,보통,36,1:3/2:0/3:0/4:1/5:2/6:9/7:11/8:2/9:5/10:2/11:1/12:0,GBIF관찰+KPNI정명,,,,,,
86,능소화,능소화,Campsis grandiflora,,Bignoniaceae,재배식물,204,6~8월,여름,보통,138,1:0/2:1/3:2/4:3/5:2/6:28/7:53/8:25/9:17/10:5/11:2/12:0,GBIF관찰+KPNI정명,Y,,주황,담장·아파트 화단,하,-
,참바위취,참바위취,Micranthes oblongifolia,,Saxifragaceae,자생식물,204,6~8월,여름,보통,38,1:0/2:0/3:0/4:1/5:1/6:6/7:14/8:14/9:2/10:0/11:0/12:0,GBIF관찰+KPNI정명,,,,,,
,벌사상자,벌사상자,Cnidium monnieri,,Apiaceae,자생식물,203,5~10월,여름,보통,62,1:5/2:0/3:0/4:0/5:7/6:10/7:9/8:9/9:13/10:8/11:1/12:0,GBIF관찰+KPNI정명,,,,,,
,나리난초,나리난초,Liparis makinoana,,Orchidaceae,자생식물,203,,,보통,25,1:0/2:0/3:0/4:0/5:6/6:12/7:2/8:0/9:5/10:0/11:0/12:0,GBIF관찰+KPNI정명,,,,,,
,서양벌노랑이,서양벌노랑이,Lotus corniculatus,,Fabaceae,외래식물,202,5~8월,여름,보통,76,1:0/2:0/3:0/4:3/5:12/6:19/7:22/8:16/9:4/10:0/11:0/12:0,GBIF관찰+KPNI정명,,,,,,
,땅나리,땅나리,Lilium callosum,,Liliaceae,자생식물,201,6~8월,여름,보통,51,1:0/2:0/3:0/4:1/5:2/6:10/7:15/8:15/9:2/10:6/11:0/12:0,GBIF관찰+KPNI정명,,,,,,
,참갈매나무,참갈매나무,Rhamnus ussuriensis,,Rhamnaceae,자생식물,201,5~6월,여름,보통,33,1:0/2:0/3:0/4:0/5:5/6:12/7:3/8:5/9:4/10:3/11:1/12:0,GBIF관찰+KPNI정명,,,,,,
,점현호색,점현호색,Corydalis maculata,,Fumariaceae,자생식물,200,4월,봄,보통,90,1:0/2:0/3:11/4:67/5:10/6:1/7:0/8:0/9:0/10:1/11:0/12:0,GBIF관찰+KPNI정명,,,,,,
,갯강활,갯강활,Angelica japonica,,Apiaceae,자생식물,198,4~7월,여름,보통,66,1:1/2:1/3:1/4:13/5:6/6:10/7:16/8:2/9:9/10:3/11:3/12:1,GBIF관찰+KPNI정명,,,,,,
,등대시호,등대시호,Bupleurum euphorbioides,,Apiaceae,자생식물,197,,,보통,13,1:0/2:0/3:0/4:3/5:1/6:0/7:5/8:1/9:2/10:1/11:0/12:0,GBIF관찰+KPNI정명,,,,,,
,택사,택사,Alisma canaliculatum,,Alismataceae,자생식물,195,,,보통,24,1:2/2:0/3:0/4:1/5:2/6:5/7:3/8:3/9:5/10:3/11:0/12:0,GBIF관찰+KPNI정명,,,,,,
,천일담배풀,천일담배풀,Carpesium glossophyllum,,Asteraceae,자생식물,195,6~9월,여름,보통,39,1:8/2:0/3:0/4:0/5:3/6:6/7:5/8:9/9:6/10:1/11:0/12:1,GBIF관찰+KPNI정명,,,,,,
,자주솜대,자주솜대,Maianthemum bicolor,,Liliaceae,자생식물,194,,,보통,23,1:0/2:0/3:0/4:14/5:3/6:5/7:1/8:0/9:0/10:0/11:0/12:0,GBIF관찰+KPNI정명,,,,,,
,들개미자리,들개미자리,Spergula arvensis,,Caryophyllaceae,외래식물,194,,,보통,16,1:1/2:1/3:4/4:2/5:2/6:3/7:1/8:0/9:0/10:1/11:0/12:1,GBIF관찰+KPNI정명,,,,,,
155,수련,수련,Nymphaea tetragona,,Nymphaeaceae,자생식물,193,5~10월,여름,보통,83,1:0/2:0/3:2/4:1/5:23/6:13/7:10/8:10/9:10/10:10/11:4/12:0,GBIF관찰+KPNI정명,Y,,흰색,연못,하,연꽃
,애기괭이밥,애기괭이밥,Oxalis acetosella,,Oxalidaceae,자생식물,193,4~6월,봄,보통,52,1:0/2:0/3:0/4:8/5:20/6:7/7:4/8:8/9:3/10:1/11:1/12:0,GBIF관찰+KPNI정명,,,,,,
,땅비수리,땅비수리,Lespedeza juncea,,Fabaceae,자생식물,191,8~9월,가을,보통,39,1:5/2:0/3:0/4:0/5:4/6:2/7:3/8:7/9:14/10:4/11:0/12:0,GBIF관찰+KPNI변종정명,,,,,,
,삼수구릿대,삼수구릿대,Angelica anomala,,Apiaceae,자생식물,190,7~9월,여름,보통,49,1:3/2:0/3:0/4:3/5:5/6:2/7:14/8:16/9:6/10:0/11:0/12:0,GBIF관찰+KPNI정명,,,,,,
,맥문아재비,맥문아재비,Ophiopogon jaburan,,Liliaceae,자생식물,190,4월,봄,보통,42,1:7/2:0/3:2/4:10/5:3/6:4/7:3/8:4/9:8/10:1/11:0/12:0,GBIF관찰+KPNI정명,,,,,,
,큰여우콩,큰여우콩,Rhynchosia acuminatifolia,,Fabaceae,자생식물,190,6~10월,여름,보통,82,1:14/2:0/3:1/4:1/5:4/6:15/7:9/8:10/9:17/10:10/11:1/12:0,GBIF관찰+KPNI정명,,,,,,
,검나무싸리,검나무싸리,Lespedeza melanantha,,Fabaceae,자생식물,189,,,보통,28,1:0/2:0/3:0/4:0/5:1/6:2/7:11/8:13/9:0/10:1/11:0/12:0,GBIF관찰+KPNI정명,,,,,,
,당분취,당분취,Saussurea tanakae,,Asteraceae,자생식물,189,7~9월,여름,보통,58,1:5/2:0/3:0/4:1/5:4/6:4/7:9/8:13/9:18/10:4/11:0/12:0,GBIF관찰+KPNI정명,,,,,,
,서양톱풀,서양톱풀,Achillea millefolium,,Asteraceae,재배식물,188,5~8월,여름,보통,82,1:1/2:0/3:1/4:3/5:14/6:23/7:12/8:14/9:4/10:10/11:0/12:0,GBIF관찰+KPNI정명,,,,,,
,칠엽수,칠엽수,Aesculus turbinata,,Hippocastanaceae,재배식물,187,4~5월,봄,보통,58,1:6/2:0/3:1/4:11/5:14/6:4/7:7/8:5/9:5/10:3/11:2/12:0,GBIF관찰+KPNI정명,,,,,,
,큰메꽃,큰메꽃,Calystegia sepium,,Convolvulaceae,자생식물,187,5~8월,여름,보통,77,1:0/2:0/3:1/4:2/5:24/6:19/7:15/8:10/9:5/10:1/11:0/12:0,GBIF관찰+KPNI정명,,,,,,
,긴잎달맞이꽃,긴잎달맞이꽃,Oenothera stricta,,Onagraceae,재배식물,186,,,보통,7,1:0/2:0/3:0/4:0/5:0/6:3/7:1/8:3/9:0/10:0/11:0/12:0,GBIF관찰+KPNI정명,,,,,,
,냉초,냉초,Veronicastrum sibiricum,,Scrophulariaceae,자생식물,186,5~7월,여름,보통,48,1:3/2:0/3:0/4:1/5:8/6:12/7:16/8:5/9:3/10:0/11:0/12:0,GBIF관찰+KPNI정명,,,,,,
,이삭바꽃,이삭바꽃,Aconitum kusnezoffii,,Ranunculaceae,자생식물,185,,,보통,19,1:9/2:0/3:0/4:2/5:2/6:0/7:2/8:0/9:4/10:0/11:0/12:0,GBIF관찰+KPNI정명,,,,,,
,푸른박새,푸른박새,Veratrum dolichopetalum,,Liliaceae,자생식물,185,,,보통,3,1:0/2:0/3:0/4:1/5:0/6:1/7:1/8:0/9:0/10:0/11:0/12:0,GBIF관찰+KPNI정명,,,,,,
,지리바꽃,지리바꽃,Aconitum chiisanense,,Ranunculaceae,자생식물,183,,,보통,10,1:0/2:0/3:0/4:1/5:0/6:0/7:0/8:1/9:3/10:5/11:0/12:0,GBIF관찰+KPNI정명,,,,,,
,수원잔대,수원잔대,Adenophora polyantha,,Campanulaceae,자생식물,183,1월,겨울,보통,51,1:18/2:0/3:0/4:0/5:0/6:3/7:3/8:2/9:15/10:10/11:0/12:0,GBIF관찰+KPNI정명,,,,,,
,애기봄맞이,애기봄맞이,Androsace filiformis,,Primulaceae,자생식물,183,4~5월,봄,보통,43,1:1/2:0/3:1/4:17/5:15/6:5/7:2/8:1/9:1/10:0/11:0/12:0,GBIF관찰+KPNI정명,,,,,,
,세바람꽃,세바람꽃,Anemone stolonifera,,Ranunculaceae,자생식물,183,,,보통,6,1:0/2:0/3:1/4:2/5:3/6:0/7:0/8:0/9:0/10:0/11:0/12:0,GBIF관찰+KPNI정명,,,,,,
,쇠채아재비,쇠채아재비,Tragopogon dubius,,Asteraceae,외래식물,183,5~7월,여름,보통,60,1:1/2:0/3:0/4:2/5:22/6:19/7:13/8:2/9:1/10:0/11:0/12:0,GBIF관찰+KPNI정명,,,,,,
,양하,양하,Zingiber mioga,,Zingiberaceae,재배식물,183,5~10월,여름,보통,66,1:1/2:0/3:0/4:2/5:7/6:9/7:8/8:13/9:17/10:6/11:3/12:0,GBIF관찰+KPNI정명,,,,,,
,유럽전호,유럽전호,Anthriscus caucalis,,Apiaceae,외래식물,182,4~5월,봄,보통,41,1:0/2:0/3:1/4:9/5:20/6:1/7:5/8:0/9:1/10:4/11:0/12:0,GBIF관찰+KPNI정명,,,,,,
,고슴도치풀,고슴도치풀,Triumfetta japonica,,Tiliaceae,자생식물,181,8~9월,가을,보통,99,1:7/2:1/3:1/4:3/5:1/6:2/7:4/8:18/9:47/10:13/11:2/12:0,GBIF관찰+KPNI정명,,,,,,
153,상사화,상사화,Lycoris squamigera,,Amaryllidaceae,재배식물,180,7~8월,여름,보통,98,1:0/2:2/3:2/4:11/5:2/6:0/7:31/8:45/9:4/10:1/11:0/12:0,GBIF관찰+KPNI정명,Y,,분홍,공원·사찰,하,꽃무릇
,쓴풀,쓴풀,Swertia japonica,,Gentianaceae,자생식물,179,9~10월,가을,보통,74,1:21/2:0/3:0/4:0/5:2/6:0/7:0/8:3/9:19/10:25/11:4/12:0,GBIF관찰+KPNI정명,,,,,,
,왜우산풀,왜우산풀,Pleurospermum uralense,,Apiaceae,자생식물,178,,,보통,25,1:0/2:0/3:0/4:0/5:9/6:3/7:4/8:4/9:5/10:0/11:0/12:0,GBIF관찰+KPNI정명,,,,,,
,컴프리,컴프리,Symphytum officinale,,Boraginaceae,재배식물,178,5~9월,여름,보통,69,1:1/2:0/3:0/4:5/5:9/6:19/7:11/8:12/9:9/10:3/11:0/12:0,GBIF관찰+KPNI정명,,,,,,
,만주바람꽃,만주바람꽃,Isopyrum manshuricum,,Ranunculaceae,자생식물,177,3~4월,봄,보통,120,1:0/2:7/3:73/4:38/5:1/6:0/7:1/8:0/9:0/10:0/11:0/12:0,GBIF관찰+KPNI정명,,,,,,
9,자두꽃,자두나무,Prunus salicina,,Rosaceae,자생식물,177,,,보통,15,1:0/2:0/3:1/4:7/5:1/6:2/7:3/8:1/9:0/10:0/11:0/12:0,GBIF관찰+KPNI정명,Y,,흰색,과수원·주택가,상,"매화,벚꽃"
,내버들,내버들,Salix gilgiana,,Salicaceae,자생식물,177,3~5월,봄,보통,41,1:3/2:0/3:5/4:12/5:7/6:4/7:2/8:4/9:4/10:0/11:0/12:0,GBIF관찰+KPNI정명,,,,,,
97,개오동,개오동,Catalpa ovata,,Bignoniaceae,재배식물,174,5~8월,여름,보통,44,1:2/2:0/3:7/4:1/5:4/6:7/7:9/8:8/9:2/10:4/11:0/12:0,GBIF관찰+KPNI정명,Y,,흰색,공원·학교,중,-
,개선갈퀴,개선갈퀴,Galium trifloriforme,,Rubiaceae,자생식물,172,9월,가을,보통,43,1:0/2:0/3:0/4:2/5:1/6:14/7:10/8:0/9:15/10:1/11:0/12:0,GBIF관찰+KPNI정명,,,,,,
,주걱비비추,주걱비비추,Hosta clausa,,Liliaceae,자생식물,172,,,보통,21,1:0/2:0/3:0/4:1/5:1/6:4/7:6/8:6/9:2/10:1/11:0/12:0,GBIF관찰+KPNI정명,,,,,,
,털마삭줄,털마삭줄,Trachelospermum jasminoides,,Apocynaceae,자생식물,172,5~6월,여름,보통,92,1:4/2:0/3:3/4:8/5:29/6:36/7:4/8:0/9:6/10:2/11:0/12:0,GBIF관찰+KPNI정명,,,,,,
,눈범꼬리,눈범꼬리,Bistorta suffulta,,Polygonaceae,자생식물,171,,,보통,3,1:0/2:0/3:1/4:0/5:1/6:0/7:1/8:0/9:0/10:0/11:0/12:0,GBIF관찰+KPNI정명,,,,,,
,께묵,께묵,Hololeion maximowiczii,,Asteraceae,자생식물,171,7~10월,가을,보통,49,1:4/2:0/3:0/4:1/5:1/6:3/7:6/8:7/9:14/10:13/11:0/12:0,GBIF관찰+KPNI정명,,,,,,
,솔잎잔대,솔잎잔대,Adenophora gmelinii,,Campanulaceae,자생식물,169,,,보통,3,1:0/2:0/3:0/4:0/5:1/6:0/7:0/8:0/9:0/10:2/11:0/12:0,GBIF관찰+KPNI정명,,,,,,
,개엉겅퀴,개엉겅퀴,Cirsium japonicum,,Asteraceae,자생식물,169,5~7월,여름,보통,40,1:0/2:0/3:0/4:3/5:14/6:14/7:6/8:1/9:2/10:0/11:0/12:0,GBIF관찰+KPNI정명,,,,,,
95,치자나무,치자나무,Gardenia jasminoides,,Rubiaceae,재배식물,169,12월,겨울,보통,46,1:2/2:1/3:1/4:1/5:0/6:11/7:7/8:2/9:2/10:2/11:2/12:15,GBIF관찰+KPNI정명,Y,,흰색,정원 (남부),중,-
,좀딸기,좀딸기,Potentilla centigrana,,Rosaceae,자생식물,169,5~7월,여름,보통,53,1:2/2:0/3:0/4:3/5:19/6:11/7:8/8:5/9:2/10:2/11:1/12:0,GBIF관찰+KPNI정명,,,,,,
,섬딸기,섬딸기,Rubus ribisoideus,,Rosaceae,자생식물,167,,,보통,28,1:0/2:0/3:2/4:13/5:4/6:3/7:1/8:1/9:3/10:0/11:0/12:1,GBIF관찰+KPNI정명,,,,,,
,네잎갈퀴나물,네잎갈퀴나물,Vicia nipponica,,Fabaceae,자생식물,167,7~9월,여름,보통,81,1:6/2:0/3:0/4:2/5:8/6:6/7:24/8:12/9:23/10:0/11:0/12:0,GBIF관찰+KPNI정명,,,,,,
17,명자나무꽃,명자꽃,Chaenomeles speciosa,,Rosaceae,재배식물,166,3~4월,봄,보통,63,1:0/2:1/3:17/4:24/5:4/6:2/7:2/8:4/9:0/10:7/11:2/12:0,GBIF관찰+KPNI정명,Y,,붉은색,정원·울타리,중,동백꽃
,큰원추리,큰원추리,Hemerocallis middendorffii,,Liliaceae,자생식물,166,6~8월,여름,보통,48,1:1/2:0/3:0/4:5/5:3/6:16/7:15/8:6/9:1/10:1/11:0/12:0,GBIF관찰+KPNI정명,,,,,,
,버들분취,버들분취,Saussurea maximowiczii,,Asteraceae,자생식물,166,7~10월,가을,보통,44,1:2/2:0/3:0/4:1/5:5/6:3/7:5/8:9/9:10/10:9/11:0/12:0,GBIF관찰+KPNI정명,,,,,,
,도라지모시대,도라지모시대,Adenophora grandiflora,,Campanulaceae,자생식물,165,7~8월,여름,보통,42,1:1/2:0/3:0/4:1/5:0/6:1/7:11/8:19/9:5/10:4/11:0/12:0,GBIF관찰+KPNI정명,,,,,,
,물쑥,물쑥,Artemisia selengensis,,Asteraceae,자생식물,165,5~10월,여름,보통,85,1:2/2:0/3:0/4:5/5:13/6:17/7:10/8:11/9:12/10:13/11:2/12:0,GBIF관찰+KPNI정명,,,,,,
,봄망초,봄망초,Erigeron philadelphicus,,Asteraceae,외래식물,165,5월,봄,보통,72,1:2/2:1/3:0/4:4/5:41/6:14/7:2/8:1/9:3/10:3/11:1/12:0,GBIF관찰+KPNI정명,,,,,,
,섬말나리,섬말나리,Lilium hansonii,,Liliaceae,자생식물,165,,,보통,14,1:0/2:0/3:0/4:3/5:1/6:4/7:4/8:2/9:0/10:0/11:0/12:0,GBIF관찰+KPNI정명,,,,,,
,덩이괭이밥,덩이괭이밥,Oxalis articulata,,Oxalidaceae,재배식물,164,3~7월,봄,보통,114,1:1/2:1/3:12/4:11/5:30/6:15/7:11/8:4/9:6/10:16/11:7/12:0,GBIF관찰+KPNI정명,,,,,,
,삼지구엽초,삼지구엽초,Epimedium koreanum,,Berberidaceae,자생식물,163,4~7월,여름,보통,54,1:3/2:0/3:0/4:13/5:12/6:10/7:6/8:1/9:8/10:1/11:0/12:0,GBIF관찰+KPNI정명,,,,,,
,잠자리난초,잠자리난초,Habenaria linearifolia,,Orchidaceae,자생식물,163,,,보통,9,1:0/2:0/3:0/4:1/5:1/6:0/7:2/8:5/9:0/10:0/11:0/12:0,GBIF관찰+KPNI정명,,,,,,
,별나팔꽃,별나팔꽃,Ipomoea triloba,,Convolvulaceae,외래식물,162,9~10월,가을,보통,37,1:1/2:0/3:0/4:0/5:0/6:0/7:3/8:1/9:16/10:15/11:1/12:0,GBIF관찰+KPNI정명,,,,,,
,섬개벚나무,섬개벚나무,Prunus buergeriana,,Rosaceae,자생식물,162,,,보통,12,1:0/2:0/3:0/4:6/5:0/6:4/7:2/8:0/9:0/10:0/11:0/12:0,GBIF관찰+KPNI정명,,,,,,
,유럽장대,유럽장대,Sisymbrium officinale,,Brassicaceae,외래식물,162,4~6월,봄,보통,38,1:0/2:0/3:0/4:21/5:9/6:8/7:0/8:0/9:0/10:0/11:0/12:0,GBIF관찰+KPNI정명,,,,,,
,선풀솜나물,선풀솜나물,Gamochaeta calviceps,,Asteraceae,외래식물,160,,,보통,21,1:2/2:0/3:1/4:1/5:2/6:12/7:2/8:1/9:0/10:0/11:0/12:0,GBIF관찰+KPNI정명,,,,,,
,잔잎양지꽃,잔잎양지꽃,Potentilla heynei,,Rosaceae,자생식물,160,4~5월,봄,보통,31,1:0/2:0/3:1/4:11/5:12/6:1/7:4/8:1/9:0/10:1/11:0/12:0,GBIF관찰+KPNI정명,,,,,,
,애기노랑토끼풀,애기노랑토끼풀,Trifolium dubium,,Fabaceae,외래식물,160,,,보통,29,1:0/2:0/3:0/4:8/5:14/6:4/7:2/8:1/9:0/10:0/11:0/12:0,GBIF관찰+KPNI정명,,,,,,
,구골나무,구골나무,Osmanthus heterophyllus,,Oleaceae,재배식물,159,10~11월,가을,보통,47,1:3/2:1/3:6/4:2/5:7/6:1/7:5/8:3/9:1/10:5/11:11/12:2,GBIF관찰+KPNI정명,,,,,,
,분버들,분버들,Salix rorida,,Salicaceae,자생식물,159,,,보통,20,1:1/2:0/3:0/4:5/5:4/6:2/7:1/8:3/9:3/10:1/11:0/12:0,GBIF관찰+KPNI정명,,,,,,
,헐떡이풀,헐떡이풀,Tiarella polyphylla,,Saxifragaceae,자생식물,159,,,보통,7,1:1/2:0/3:0/4:0/5:2/6:1/7:2/8:0/9:0/10:1/11:0/12:0,GBIF관찰+KPNI정명,,,,,,
,용머리,용머리,Dracocephalum argunense,,Lamiaceae,자생식물,158,,,보통,9,1:0/2:0/3:0/4:3/5:0/6:3/7:1/8:1/9:1/10:0/11:0/12:0,GBIF관찰+KPNI정명,,,,,,
,극동산마늘,극동산마늘,Allium ochotense,,Liliaceae,자생식물,157,,,보통,10,1:0/2:0/3:1/4:2/5:2/6:1/7:1/8:2/9:1/10:0/11:0/12:0,GBIF관찰+KPNI정명,,,,,,
,개차즈기,개차즈기,Amethystea caerulea,,Lamiaceae,자생식물,157,,,보통,7,1:0/2:0/3:0/4:0/5:0/6:0/7:0/8:0/9:6/10:1/11:0/12:0,GBIF관찰+KPNI정명,,,,,,
,긴화살여뀌,긴화살여뀌,Persicaria breviochreata,,Polygonaceae,자생식물,157,8~9월,가을,보통,45,1:4/2:0/3:0/4:0/5:0/6:1/7:3/8:22/9:8/10:7/11:0/12:0,GBIF관찰+KPNI정명,,,,,,
,땅꽈리,땅꽈리,Physalis pubescens,,Solanaceae,외래식물,157,,,보통,0,,GBIF관찰+KPNI정명,,,,,,
,올미,올미,Sagittaria pygmaea,,Alismataceae,자생식물,157,,,보통,13,1:0/2:0/3:1/4:0/5:1/6:1/7:3/8:3/9:3/10:1/11:0/12:0,GBIF관찰+KPNI정명,,,,,,
,큰제비고깔,큰제비고깔,Delphinium maackianum,,Ranunculaceae,자생식물,156,8월,여름,보통,42,1:0/2:0/3:1/4:1/5:2/6:2/7:6/8:27/9:3/10:0/11:0/12:0,GBIF관찰+KPNI정명,,,,,,
,두충,두충,Eucommia ulmoides,,Eucommiaceae,재배식물,156,,,보통,104,1:7/2:0/3:3/4:8/5:13/6:21/7:12/8:13/9:12/10:9/11:5/12:1,GBIF관찰+KPNI정명,,,,,,
,피막이,피막이,Hydrocotyle sibthorpioides,,Apiaceae,자생식물,156,4~6월,봄,보통,90,1:0/2:0/3:0/4:14/5:11/6:19/7:6/8:13/9:14/10:10/11:3/12:0,GBIF관찰+KPNI정명,,,,,,
,삼지닥나무,삼지닥나무,Edgeworthia chrysantha,,Thymelaeaceae,재배식물,155,3~4월,봄,보통,50,1:2/2:3/3:16/4:9/5:4/6:2/7:6/8:3/9:3/10:0/11:2/12:0,GBIF관찰+KPNI정명,,,,,,
,토마토,토마토,Solanum lycopersicum,,Solanaceae,재배식물,155,10월,가을,보통,38,1:0/2:0/3:0/4:0/5:2/6:2/7:5/8:1/9:4/10:21/11:3/12:0,GBIF관찰+KPNI정명,,,,,,
,애기앉은부채,애기앉은부채,Symplocarpus nipponicus,,Araceae,자생식물,155,4~5월,봄,보통,70,1:0/2:0/3:3/4:30/5:11/6:3/7:1/8:10/9:6/10:5/11:1/12:0,GBIF관찰+KPNI정명,,,,,,
,애기현호색,애기현호색,Corydalis fumariifolia,,Fumariaceae,자생식물,154,4~5월,봄,보통,52,1:1/2:0/3:5/4:26/5:17/6:0/7:2/8:1/9:0/10:0/11:0/12:0,GBIF관찰+KPNI정명,,,,,,
,숫잔대,숫잔대,Lobelia sessilifolia,,Campanulaceae,자생식물,154,,,보통,19,1:2/2:0/3:0/4:1/5:1/6:0/7:3/8:3/9:8/10:1/11:0/12:0,GBIF관찰+KPNI정명,,,,,,
,세잎승마,세잎승마,Actaea bifida,,Ranunculaceae,자생식물,153,5~9월,여름,보통,74,1:5/2:0/3:0/4:4/5:13/6:17/7:7/8:6/9:17/10:5/11:0/12:0,GBIF관찰+KPNI정명,,,,,,
,난쟁이아욱,난쟁이아욱,Malva neglecta,,Malvaceae,외래식물,153,,,보통,25,1:0/2:0/3:0/4:2/5:5/6:6/7:5/8:0/9:1/10:5/11:1/12:0,GBIF관찰+KPNI정명,,,,,,
,낙지다리,낙지다리,Penthorum chinense,,Penthoraceae,자생식물,153,8~9월,가을,보통,55,1:2/2:0/3:0/4:0/5:1/6:5/7:5/8:24/9:12/10:5/11:1/12:0,GBIF관찰+KPNI정명,,,,,,
,큰방울새란,큰방울새란,Pogonia japonica,,Orchidaceae,자생식물,153,,,보통,28,1:0/2:0/3:0/4:1/5:7/6:16/7:2/8:1/9:1/10:0/11:0/12:0,GBIF관찰+KPNI변종정명,,,,,,
,개현삼,개현삼,Scrophularia alata,,Scrophulariaceae,자생식물,153,,,보통,6,1:0/2:0/3:0/4:0/5:1/6:1/7:0/8:1/9:3/10:0/11:0/12:0,GBIF관찰+KPNI정명,,,,,,
,왜제비꽃,왜제비꽃,Viola japonica,,Violaceae,자생식물,153,,,보통,13,1:0/2:0/3:12/4:1/5:0/6:0/7:0/8:0/9:0/10:0/11:0/12:0,GBIF관찰+KPNI정명,,,,,,
,공단풀,공단풀,Sida spinosa,,Malvaceae,외래식물,151,8~10월,가을,보통,30,1:1/2:0/3:0/4:3/5:0/6:0/7:2/8:4/9:11/10:8/11:1/12:0,GBIF관찰+KPNI정명,,,,,,
,넓은잎쥐오줌풀,넓은잎쥐오줌풀,Valeriana dageletiana,,Valerianaceae,자생식물,150,,,보통,15,1:1/2:0/3:0/4:3/5:2/6:2/7:4/8:0/9:2/10:1/11:0/12:0,GBIF관찰+KPNI정명,,,,,,
,빈도리,빈도리,Deutzia crenata,,Saxifragaceae,재배식물,149,,,보통,26,1:0/2:0/3:2/4:3/5:5/6:5/7:5/8:2/9:2/10:1/11:1/12:0,GBIF관찰+KPNI정명,,,,,,
,느러진장대,느러진장대,Catolobus pendulus,,Brassicaceae,자생식물,148,,,보통,19,1:0/2:0/3:0/4:2/5:1/6:0/7:1/8:6/9:4/10:5/11:0/12:0,GBIF관찰+KPNI정명,,,,,,
,나도닭의덩굴,나도닭의덩굴,Fallopia convolvulus,,Polygonaceae,외래식물,147,5~9월,여름,보통,33,1:3/2:0/3:0/4:2/5:4/6:7/7:7/8:6/9:3/10:1/11:0/12:0,GBIF관찰+KPNI정명,,,,,,
,목서,목서,Osmanthus fragrans,,Oleaceae,재배식물,147,10~11월,가을,보통,50,1:3/2:0/3:1/4:2/5:2/6:0/7:0/8:1/9:5/10:20/11:16/12:0,GBIF관찰+KPNI정명,,,,,,
,귀박쥐나물,귀박쥐나물,Parasenecio auriculatus,,Asteraceae,자생식물,147,,,보통,15,1:0/2:0/3:0/4:0/5:4/6:4/7:1/8:3/9:3/10:0/11:0/12:0,GBIF관찰+KPNI정명,,,,,,
,노랑토끼풀,노랑토끼풀,Trifolium campestre,,Fabaceae,외래식물,146,,,보통,19,1:1/2:0/3:0/4:3/5:8/6:7/7:0/8:0/9:0/10:0/11:0/12:0,GBIF관찰+KPNI정명,,,,,,
,댕댕이나무,댕댕이나무,Lonicera caerulea,,Caprifoliaceae,자생식물,143,,,보통,11,1:1/2:0/3:0/4:3/5:2/6:2/7:3/8:0/9:0/10:0/11:0/12:0,GBIF관찰+KPNI정명,,,,,,
,왜떡쑥,왜떡쑥,Gnaphalium uliginosum,,Asteraceae,자생식물,142,,,보통,26,1:0/2:0/3:0/4:6/5:6/6:3/7:2/8:7/9:1/10:1/11:0/12:0,GBIF관찰+KPNI정명,,,,,,
,땃두릅나무,땃두릅나무,Oplopanax elatus,,Araliaceae,자생식물,142,,,보통,19,1:0/2:0/3:0/4:8/5:7/6:1/7:2/8:0/9:1/10:0/11:0/12:0,GBIF관찰+KPNI정명,,,,,,
,둥근바위솔,둥근바위솔,Orostachys malacophylla,,Crassulaceae,자생식물,142,10~11월,가을,보통,49,1:6/2:0/3:0/4:1/5:5/6:5/7:2/8:1/9:4/10:10/11:15/12:0,GBIF관찰+KPNI정명,,,,,,
,채진목,채진목,Amelanchier asiatica,,Rosaceae,자생식물,141,,,보통,3,1:0/2:0/3:0/4:0/5:3/6:0/7:0/8:0/9:0/10:0/11:0/12:0,GBIF관찰+KPNI정명,,,,,,
,좀개수염,좀개수염,Eriocaulon decemflorum,,Eriocaulaceae,자생식물,141,,,보통,18,1:1/2:0/3:0/4:0/5:0/6:0/7:0/8:3/9:9/10:1/11:4/12:0,GBIF관찰+KPNI정명,,,,,,
,구와말,구와말,Limnophila sessiliflora,,Scrophulariaceae,자생식물,141,9월,가을,보통,32,1:1/2:0/3:0/4:1/5:1/6:2/7:4/8:2/9:19/10:2/11:0/12:0,GBIF관찰+KPNI정명,,,,,,
,나나벌이난초,나나벌이난초,Liparis krameri,,Orchidaceae,자생식물,141,6~8월,여름,보통,44,1:0/2:0/3:0/4:2/5:4/6:17/7:11/8:6/9:4/10:0/11:0/12:0,GBIF관찰+KPNI정명,,,,,,
,눈개불알풀,눈개불알풀,Veronica hederifolia,,Scrophulariaceae,외래식물,141,3~4월,봄,보통,46,1:1/2:3/3:9/4:22/5:5/6:3/7:2/8:0/9:0/10:0/11:0/12:1,GBIF관찰+KPNI정명,,,,,,
,좀현호색,좀현호색,Corydalis decumbens,,Fumariaceae,자생식물,140,,,보통,14,1:0/2:0/3:1/4:11/5:2/6:0/7:0/8:0/9:0/10:0/11:0/12:0,GBIF관찰+KPNI정명,,,,,,
,흰갈퀴,흰갈퀴,Galium tokyoense,,Rubiaceae,자생식물,140,5~6월,여름,보통,80,1:2/2:0/3:0/4:2/5:16/6:44/7:9/8:3/9:1/10:2/11:1/12:0,GBIF관찰+KPNI정명,,,,,,
151,옥잠화,옥잠화,Hosta plantaginea,,Liliaceae,재배식물,140,5~9월,여름,보통,93,1:1/2:0/3:0/4:4/5:22/6:9/7:8/8:21/9:20/10:7/11:1/12:0,GBIF관찰+KPNI정명,Y,,흰색,화단·공원,중,비비추
,큰석류풀,큰석류풀,Mollugo verticillata,,Molluginaceae,외래식물,140,7~10월,가을,보통,44,1:1/2:0/3:0/4:0/5:0/6:3/7:7/8:11/9:14/10:7/11:1/12:0,GBIF관찰+KPNI정명,,,,,,
,아욱메풀,아욱메풀,Dichondra micrantha,,Convolvulaceae,외래식물,139,4~7월,여름,보통,77,1:2/2:0/3:0/4:12/5:9/6:7/7:18/8:3/9:14/10:9/11:3/12:0,GBIF관찰+KPNI정명,,,,,,
,개벼룩,개벼룩,Moehringia lateriflora,,Caryophyllaceae,자생식물,138,,,보통,12,1:0/2:0/3:0/4:4/5:6/6:0/7:1/8:0/9:0/10:0/11:1/12:0,GBIF관찰+KPNI정명,,,,,,
,산닥나무,산닥나무,Wikstroemia trichotoma,,Thymelaeaceae,자생식물,138,,,보통,25,1:0/2:1/3:0/4:0/5:1/6:3/7:6/8:0/9:11/10:3/11:0/12:0,GBIF관찰+KPNI정명,,,,,,
,털노박덩굴,털노박덩굴,Celastrus stephanotiifolius,,Celastraceae,자생식물,137,,,보통,0,,GBIF관찰+KPNI정명,,,,,,
,꼬리말발도리,꼬리말발도리,Deutzia paniculata,,Saxifragaceae,자생식물,137,,,보통,24,1:0/2:0/3:0/4:6/5:10/6:3/7:1/8:2/9:2/10:0/11:0/12:0,GBIF관찰+KPNI정명,,,,,,
,줄딸기,줄딸기,Rubus pungens,,Rosaceae,자생식물,137,4~5월,봄,보통,38,1:0/2:0/3:0/4:12/5:16/6:5/7:4/8:0/9:1/10:0/11:0/12:0,GBIF관찰+KPNI정명,,,,,,
,야고,야고,Aeginetia indica,,Orobanchaceae,자생식물,136,9~10월,가을,보통,45,1:4/2:0/3:0/4:0/5:0/6:1/7:2/8:4/9:19/10:10/11:5/12:0,GBIF관찰+KPNI정명,,,,,,
,산버들,산버들,Salix taraikensis,,Salicaceae,자생식물,136,,,보통,0,,GBIF관찰+KPNI정명,,,,,,
,금꿩의다리,금꿩의다리,Thalictrum rochebruneanum,,Ranunculaceae,자생식물,136,,,보통,7,1:0/2:0/3:0/4:0/5:0/6:0/7:3/8:1/9:2/10:1/11:0/12:0,GBIF관찰+KPNI정명,,,,,,
,나도제비란,나도제비란,Galearis cyclochila,,Orchidaceae,자생식물,135,,,보통,20,1:0/2:0/3:0/4:0/5:15/6:5/7:0/8:0/9:0/10:0/11:0/12:0,GBIF관찰+KPNI정명,,,,,,
,산쥐손이,산쥐손이,Geranium dahuricum,,Geraniaceae,자생식물,135,,,보통,6,1:0/2:0/3:0/4:0/5:0/6:0/7:1/8:2/9:3/10:0/11:0/12:0,GBIF관찰+KPNI정명,,,,,,
,털박쥐나물,털박쥐나물,Parasenecio hastatus,,Asteraceae,자생식물,134,,,보통,19,1:0/2:0/3:0/4:1/5:2/6:4/7:6/8:2/9:3/10:1/11:0/12:0,GBIF관찰+KPNI정명,,,,,,
,은단풍,은단풍,Acer saccharinum,,Aceraceae,재배식물,133,3~4월,봄,보통,52,1:1/2:5/3:15/4:10/5:5/6:7/7:2/8:2/9:0/10:0/11:4/12:1,GBIF관찰+KPNI정명,,,,,,
,큰점나도나물,큰점나도나물,Cerastium fischerianum,,Caryophyllaceae,자생식물,133,,,보통,28,1:2/2:1/3:0/4:3/5:15/6:3/7:3/8:0/9:0/10:1/11:0/12:0,GBIF관찰+KPNI정명,,,,,,
,함박이,함박이,Stephania japonica,,Menispermaceae,자생식물,133,,,보통,26,1:2/2:0/3:0/4:2/5:5/6:3/7:5/8:0/9:6/10:0/11:3/12:0,GBIF관찰+KPNI정명,,,,,,
,대반하,대반하,Pinellia tripartita,,Araceae,자생식물,132,4~8월,여름,보통,49,1:3/2:0/3:0/4:7/5:9/6:5/7:9/8:8/9:2/10:4/11:2/12:0,GBIF관찰+KPNI정명,,,,,,
,이태리포플라,이태리포플라,Populus canadensis,,Salicaceae,재배식물,132,,,보통,65,1:2/2:0/3:1/4:7/5:14/6:7/7:6/8:10/9:6/10:11/11:1/12:0,GBIF관찰+KPNI정명,,,,,,
,세복수초,세복수초,Adonis multiflora,,Ranunculaceae,자생식물,131,3~4월,봄,보통,35,1:1/2:3/3:11/4:12/5:2/6:4/7:0/8:0/9:2/10:0/11:0/12:0,GBIF관찰+KPNI정명,,,,,,
,난장이현호색,난장이현호색,Corydalis humilis,,Fumariaceae,자생식물,131,3~4월,봄,보통,102,1:0/2:0/3:48/4:46/5:5/6:1/7:0/8:0/9:2/10:0/11:0/12:0,GBIF관찰+KPNI정명,,,,,,
161,메리골드,천수국,Tagetes erecta,,Asteraceae,재배식물,131,8~11월,가을,보통,58,1:2/2:0/3:0/4:1/5:4/6:4/7:3/8:13/9:10/10:15/11:6/12:0,GBIF관찰+KPNI정명,Y,,주황,화단,중,만수국
,개구리갓,개구리갓,Ranunculus ternatus,,Ranunculaceae,자생식물,130,,,보통,12,1:0/2:0/3:0/4:6/5:3/6:1/7:2/8:0/9:0/10:0/11:0/12:0,GBIF관찰+KPNI정명,,,,,,
,좀짚신나물,좀짚신나물,Agrimonia nipponica,,Rosaceae,자생식물,129,8~9월,가을,보통,38,1:0/2:0/3:1/4:0/5:1/6:0/7:1/8:17/9:17/10:1/11:0/12:0,GBIF관찰+KPNI정명,,,,,,
,한계령풀,한계령풀,Gymnospermium microrrhynchum,,Berberidaceae,자생식물,129,,,보통,28,1:0/2:0/3:0/4:11/5:16/6:0/7:0/8:1/9:0/10:0/11:0/12:0,GBIF관찰+KPNI정명,,,,,,
150,노랑원추리,노랑원추리,Hemerocallis thunbergii,,Liliaceae,자생식물,129,7~8월,여름,보통,48,1:0/2:0/3:0/4:1/5:1/6:4/7:16/8:20/9:5/10:1/11:0/12:0,GBIF관찰+KPNI정명,Y,,노랑,공원·화단,중,원추리
,흰말채나무,흰말채나무,Cornus alba,,Cornaceae,자생식물,127,5~6월,여름,보통,45,1:1/2:0/3:1/4:1/5:10/6:13/7:1/8:3/9:1/10:11/11:3/12:0,GBIF관찰+KPNI정명,,,,,,
,골잎원추리,골잎원추리,Hemerocallis coreana,,Liliaceae,자생식물,127,7~8월,여름,보통,61,1:2/2:0/3:0/4:0/5:1/6:4/7:32/8:19/9:3/10:0/11:0/12:0,GBIF관찰+KPNI정명,,,,,,
,둥근마,둥근마,Dioscorea bulbifera,,Dioscoreaceae,재배식물,126,5~10월,여름,보통,66,1:2/2:0/3:1/4:2/5:9/6:13/7:9/8:5/9:10/10:13/11:2/12:0,GBIF관찰+KPNI정명,,,,,,
,돌갈매나무,돌갈매나무,Rhamnus parvifolia,,Rhamnaceae,자생식물,126,,,보통,20,1:0/2:0/3:1/4:2/5:8/6:2/7:1/8:3/9:0/10:3/11:0/12:0,GBIF관찰+KPNI정명,,,,,,
,큰수리취,큰수리취,Synurus excelsus,,Asteraceae,자생식물,126,,,보통,26,1:1/2:0/3:0/4:2/5:1/6:1/7:3/8:7/9:10/10:1/11:0/12:0,GBIF관찰+KPNI정명,,,,,,
,잔잎바디,잔잎바디,Angelica czernaevia,,Apiaceae,자생식물,125,9~10월,가을,보통,41,1:1/2:0/3:0/4:0/5:0/6:4/7:4/8:4/9:9/10:17/11:2/12:0,GBIF관찰+KPNI정명,,,,,,
,좀개미취,좀개미취,Aster maackii,,Asteraceae,자생식물,125,5~6월,여름,보통,36,1:2/2:0/3:0/4:0/5:5/6:8/7:2/8:7/9:8/10:4/11:0/12:0,GBIF관찰+KPNI정명,,,,,,
,낙상홍,낙상홍,Ilex serrata,,Aquifoliaceae,재배식물,125,,,보통,18,1:0/2:0/3:0/4:0/5:2/6:1/7:0/8:0/9:6/10:5/11:4/12:0,GBIF관찰+KPNI정명,,,,,,
,구슬갓냉이,구슬갓냉이,Rorippa globosa,,Brassicaceae,자생식물,125,,,보통,19,1:0/2:0/3:0/4:2/5:3/6:7/7:1/8:4/9:0/10:1/11:1/12:0,GBIF관찰+KPNI정명,,,,,,
,왜갓냉이,왜갓냉이,Cardamine yezoensis,,Brassicaceae,자생식물,124,,,보통,6,1:0/2:0/3:0/4:2/5:3/6:0/7:0/8:0/9:0/10:0/11:1/12:0,GBIF관찰+KPNI정명,,,,,,
,가지괭이눈,가지괭이눈,Chrysosplenium ramosum,,Saxifragaceae,자생식물,124,4~5월,봄,보통,50,1:0/2:0/3:0/4:19/5:17/6:1/7:4/8:5/9:4/10:0/11:0/12:0,GBIF관찰+KPNI정명,,,,,,
,만삼,만삼,Codonopsis pilosula,,Campanulaceae,자생식물,124,,,보통,10,1:0/2:0/3:0/4:0/5:0/6:1/7:3/8:4/9:2/10:0/11:0/12:0,GBIF관찰+KPNI정명,,,,,,
,애기우산나물,애기우산나물,Syneilesis aconitifolia,,Asteraceae,자생식물,124,,,보통,11,1:1/2:0/3:0/4:1/5:0/6:4/7:2/8:2/9:1/10:0/11:0/12:0,GBIF관찰+KPNI정명,,,,,,
,애기마름,애기마름,Trapa incisa,,Trapaceae,자생식물,124,,,보통,18,1:0/2:0/3:0/4:0/5:2/6:3/7:3/8:6/9:2/10:2/11:0/12:0,GBIF관찰+KPNI정명,,,,,,
,자주알록제비꽃,자주알록제비꽃,Viola tenuicornis,,Violaceae,자생식물,124,4~6월,봄,보통,34,1:0/2:0/3:1/4:8/5:8/6:10/7:3/8:1/9:2/10:1/11:0/12:0,GBIF관찰+KPNI정명,,,,,,
,애기등,애기등,Wisteriopsis japonica,,Fabaceae,자생식물,124,5~10월,여름,보통,62,1:4/2:0/3:0/4:1/5:14/6:9/7:11/8:7/9:9/10:6/11:1/12:0,GBIF관찰+KPNI정명,,,,,,
,채고추나물,채고추나물,Hypericum attenuatum,,Clusiaceae,자생식물,123,,,보통,21,1:3/2:0/3:0/4:0/5:4/6:2/7:4/8:4/9:4/10:0/11:0/12:0,GBIF관찰+KPNI정명,,,,,,
,검양옻나무,검양옻나무,Toxicodendron succedaneum,,Anacardiaceae,자생식물,123,5~7월,여름,보통,43,1:3/2:0/3:0/4:1/5:8/6:10/7:7/8:3/9:3/10:5/11:3/12:0,GBIF관찰+KPNI정명,,,,,,
,삼도하수오,삼도하수오,Fallopia koreana,,Polygonaceae,자생식물,122,,,보통,13,1:0/2:0/3:0/4:2/5:1/6:2/7:6/8:1/9:1/10:0/11:0/12:0,GBIF관찰+KPNI정명,,,,,,
,흰바위취,흰바위취,Micranthes manchuriensis,,Saxifragaceae,자생식물,122,6~8월,여름,보통,38,1:0/2:0/3:0/4:4/5:4/6:12/7:5/8:7/9:3/10:2/11:1/12:0,GBIF관찰+KPNI정명,,,,,,
,가는마디꽃,가는마디꽃,Rotala mexicana,,Lythraceae,자생식물,122,8~10월,가을,보통,33,1:3/2:0/3:0/4:1/5:0/6:1/7:1/8:10/9:11/10:5/11:1/12:0,GBIF관찰+KPNI정명,,,,,,
157,백일홍,백일홍,Zinnia elegans,,Asteraceae,재배식물,122,6~10월,여름,보통,88,1:1/2:1/3:0/4:1/5:2/6:12/7:10/8:13/9:23/10:21/11:4/12:0,GBIF관찰+KPNI정명,Y,,기타,화단,중,다알리아
,당매자나무,당매자나무,Berberis chinensis,,Berberidaceae,자생식물,121,,,보통,16,1:0/2:0/3:0/4:0/5:0/6:0/7:1/8:0/9:0/10:0/11:0/12:15,GBIF관찰+KPNI정명,,,,,,
,솜다리,솜다리,Leontopodium coreanum,,Asteraceae,자생식물,121,,,보통,5,1:0/2:0/3:0/4:1/5:0/6:1/7:1/8:0/9:2/10:0/11:0/12:0,GBIF관찰+KPNI정명,,,,,,
,황금,황금,Scutellaria baicalensis,,Lamiaceae,재배식물,121,,,보통,19,1:1/2:0/3:0/4:0/5:0/6:2/7:2/8:8/9:6/10:0/11:0/12:0,GBIF관찰+KPNI정명,,,,,,
,한라새우난초,한라새우난초,Calanthe striata,,Orchidaceae,자생식물,120,4~5월,봄,보통,52,1:0/2:0/3:1/4:12/5:32/6:3/7:3/8:1/9:0/10:0/11:0/12:0,GBIF관찰+KPNI정명,,,,,,
,바늘엉겅퀴,바늘엉겅퀴,Cirsium rhinoceros,,Asteraceae,자생식물,120,,,보통,13,1:1/2:0/3:1/4:0/5:2/6:1/7:0/8:0/9:6/10:2/11:0/12:0,GBIF관찰+KPNI정명,,,,,,
,감절대,감절대,Reynoutria forbesii,,Polygonaceae,자생식물,120,9~10월,가을,보통,39,1:0/2:0/3:1/4:1/5:5/6:3/7:2/8:3/9:7/10:17/11:0/12:0,GBIF관찰+KPNI정명,,,,,,
,섬노린재나무,섬노린재나무,Symplocos coreana,,Symplocaceae,자생식물,120,,,보통,6,1:0/2:0/3:1/4:0/5:3/6:0/7:1/8:0/9:1/10:0/11:0/12:0,GBIF관찰+KPNI정명,,,,,,
117,접시꽃,접시꽃,Alcea rosea,,Malvaceae,재배식물,119,6~7월,여름,보통,53,1:0/2:0/3:0/4:2/5:4/6:25/7:9/8:5/9:5/10:2/11:0/12:1,GBIF관찰+KPNI정명,Y,,분홍,화단·담장 밑,중,"무궁화,부용"
,개수염,개수염,Eriocaulon miquelianum,,Eriocaulaceae,자생식물,119,,,보통,20,1:2/2:0/3:0/4:0/5:0/6:0/7:1/8:5/9:6/10:6/11:0/12:0,GBIF관찰+KPNI정명,,,,,,
,개보리뺑이,개보리뺑이,Lapsanastrum apogonoides,,Asteraceae,자생식물,119,4~5월,봄,보통,54,1:1/2:0/3:5/4:14/5:25/6:4/7:2/8:0/9:3/10:0/11:0/12:0,GBIF관찰+KPNI정명,,,,,,
,분홍낮달맞이꽃,분홍낮달맞이꽃,Oenothera speciosa,,Onagraceae,재배식물,119,5월,봄,보통,107,1:0/2:0/3:0/4:6/5:53/6:14/7:11/8:10/9:8/10:4/11:0/12:1,GBIF관찰+KPNI정명,,,,,,
,위성류,위성류,Tamarix chinensis,,Tamaricaceae,재배식물,119,,,보통,7,1:0/2:0/3:1/4:0/5:3/6:0/7:1/8:1/9:0/10:1/11:0/12:0,GBIF관찰+KPNI정명,,,,,,
,무늬천남성,무늬천남성,Arisaema thunbergii,,Araceae,자생식물,118,4~6월,봄,보통,39,1:0/2:0/3:0/4:15/5:11/6:8/7:4/8:0/9:1/10:0/11:0/12:0,GBIF관찰+KPNI정명,,,,,,
,가시오갈피,가시오갈피,Eleutherococcus senticosus,,Araliaceae,자생식물,118,,,보통,5,1:0/2:0/3:0/4:1/5:2/6:2/7:0/8:0/9:0/10:0/11:0/12:0,GBIF관찰+KPNI정명,,,,,,
,개아마,개아마,Linum stelleroides,,Linaceae,자생식물,118,,,보통,12,1:0/2:0/3:0/4:0/5:0/6:0/7:0/8:6/9:5/10:1/11:0/12:0,GBIF관찰+KPNI정명,,,,,,
,꽃싸리,꽃싸리,Campylotropis macrocarpa,,Fabaceae,자생식물,117,8~9월,가을,보통,30,1:2/2:0/3:0/4:6/5:0/6:1/7:3/8:6/9:9/10:3/11:0/12:0,GBIF관찰+KPNI정명,,,,,,
85,나무수국,나무수국,Hydrangea paniculata,,Saxifragaceae,재배식물,117,7~9월,여름,보통,41,1:1/2:0/3:0/4:2/5:1/6:3/7:13/8:10/9:9/10:1/11:1/12:0,GBIF관찰+KPNI정명,Y,,흰색,공원·정원,중,수국
,금방망이,금방망이,Senecio nemorensis,,Asteraceae,자생식물,117,7~10월,가을,보통,34,1:5/2:0/3:0/4:3/5:3/6:1/7:8/8:6/9:3/10:4/11:1/12:0,GBIF관찰+KPNI정명,,,,,,
,큰네잎갈퀴,큰네잎갈퀴,Vicia ramuliflora,,Fabaceae,자생식물,117,,,보통,3,1:0/2:0/3:0/4:0/5:0/6:0/7:1/8:1/9:1/10:0/11:0/12:0,GBIF관찰+KPNI정명,,,,,,
,나도공단풀,나도공단풀,Sida rhombifolia,,Malvaceae,외래식물,116,,,보통,20,1:4/2:1/3:0/4:0/5:1/6:0/7:2/8:0/9:9/10:2/11:1/12:0,GBIF관찰+KPNI정명,,,,,,
,산솜방망이,산솜방망이,Tephroseris flammea,,Asteraceae,자생식물,116,,,보통,11,1:0/2:0/3:0/4:0/5:0/6:1/7:1/8:9/9:0/10:0/11:0/12:0,GBIF관찰+KPNI정명,,,,,,
,자주달개비,자주달개비,Tradescantia ohiensis,,Commelinaceae,재배식물,116,,,보통,8,1:0/2:0/3:0/4:1/5:3/6:2/7:0/8:0/9:0/10:2/11:0/12:0,GBIF관찰+KPNI정명,,,,,,
,개느삼,개느삼,Sophora koreensis,,Fabaceae,자생식물,115,,,보통,16,1:0/2:0/3:0/4:4/5:7/6:1/7:1/8:0/9:3/10:0/11:0/12:0,GBIF관찰+KPNI정명,,,,,,
,애기자운,애기자운,Gueldenstaedtia verna,,Fabaceae,자생식물,114,3~4월,봄,보통,39,1:0/2:0/3:16/4:13/5:5/6:2/7:1/8:0/9:2/10:0/11:0/12:0,GBIF관찰+KPNI정명,,,,,,
,애기골무꽃,애기골무꽃,Scutellaria dependens,,Lamiaceae,자생식물,114,,,보통,14,1:0/2:0/3:0/4:0/5:1/6:2/7:2/8:5/9:3/10:0/11:1/12:0,GBIF관찰+KPNI정명,,,,,,
,세뿔투구꽃,세뿔투구꽃,Aconitum austrokoreense,,Ranunculaceae,자생식물,113,,,보통,14,1:0/2:0/3:0/4:0/5:0/6:0/7:8/8:0/9:4/10:1/11:1/12:0,GBIF관찰+KPNI정명,,,,,,
,섬사철란,섬사철란,Goodyera henryi,,Orchidaceae,자생식물,113,,,보통,25,1:1/2:0/3:0/4:4/5:2/6:6/7:4/8:2/9:4/10:2/11:0/12:0,GBIF관찰+KPNI정명,,,,,,
,꼬리까치밥나무,꼬리까치밥나무,Ribes komarovii,,Saxifragaceae,자생식물,113,,,보통,11,1:0/2:0/3:1/4:6/5:4/6:0/7:0/8:0/9:0/10:0/11:0/12:0,GBIF관찰+KPNI정명,,,,,,
,산매자나무,산매자나무,Vaccinium japonicum,,Ericaceae,자생식물,113,,,보통,7,1:1/2:0/3:1/4:0/5:0/6:0/7:2/8:0/9:2/10:0/11:1/12:0,GBIF관찰+KPNI정명,,,,,,
,주름제비란,주름제비란,Galearis camtschatica,,Orchidaceae,자생식물,112,,,보통,9,1:1/2:0/3:0/4:0/5:2/6:2/7:2/8:2/9:0/10:0/11:0/12:0,GBIF관찰+KPNI정명,,,,,,
,가는네잎갈퀴,가는네잎갈퀴,Galium trifidum,,Rubiaceae,자생식물,112,,,보통,22,1:0/2:0/3:1/4:5/5:1/6:3/7:3/8:3/9:5/10:1/11:0/12:0,GBIF관찰+KPNI정명,,,,,,
,유홍초,유홍초,Ipomoea quamoclit,,Convolvulaceae,재배식물,112,8~10월,가을,보통,69,1:1/2:0/3:0/4:0/5:4/6:0/7:3/8:11/9:29/10:19/11:2/12:0,GBIF관찰+KPNI정명,,,,,,
,당광나무,당광나무,Ligustrum lucidum,,Oleaceae,자생식물,112,,,보통,21,1:0/2:0/3:0/4:1/5:0/6:1/7:1/8:0/9:0/10:0/11:16/12:2,GBIF관찰+KPNI정명,,,,,,
,선백미꽃,선백미꽃,Vincetoxicum inamoenum,,Apocynaceae,자생식물,112,,,보통,18,1:0/2:0/3:0/4:0/5:2/6:7/7:3/8:2/9:4/10:0/11:0/12:0,GBIF관찰+KPNI정명,,,,,,
,달구지풀,달구지풀,Trifolium lupinaster,,Fabaceae,자생식물,111,,,보통,6,1:0/2:0/3:2/4:0/5:1/6:1/7:2/8:0/9:0/10:0/11:0/12:0,GBIF관찰+KPNI정명,,,,,,
,망적천문동,망적천문동,Asparagus dauricus,,Liliaceae,자생식물,110,,,보통,21,1:0/2:0/3:0/4:1/5:4/6:7/7:1/8:5/9:2/10:0/11:1/12:0,GBIF관찰+KPNI정명,,,,,,
,풀명자,풀명자,Chaenomeles japonica,,Rosaceae,재배식물,110,,,보통,24,1:1/2:0/3:5/4:9/5:1/6:1/7:1/8:1/9:2/10:3/11:0/12:0,GBIF관찰+KPNI정명,,,,,,
,라일락,라일락,Syringa vulgaris,,Oleaceae,재배식물,110,3~5월,봄,보통,71,1:1/2:2/3:17/4:22/5:13/6:7/7:2/8:2/9:2/10:0/11:3/12:0,GBIF관찰+KPNI정명,,,,,,
,들완두,들완두,Vicia bungei,,Fabaceae,자생식물,110,,,보통,20,1:0/2:0/3:1/4:6/5:9/6:0/7:0/8:0/9:3/10:1/11:0/12:0,GBIF관찰+KPNI정명,,,,,,
,소경불알,소경불알,Codonopsis ussuriensis,,Campanulaceae,자생식물,109,,,보통,28,1:0/2:0/3:0/4:5/5:6/6:2/7:2/8:9/9:4/10:0/11:0/12:0,GBIF관찰+KPNI정명,,,,,,
,가는금불초,가는금불초,Inula linariifolia,,Asteraceae,자생식물,109,,,보통,0,,GBIF관찰+KPNI정명,,,,,,
,노랑붓꽃,노랑붓꽃,Iris koreana,,Iridaceae,자생식물,109,,,보통,2,1:0/2:0/3:0/4:1/5:0/6:1/7:0/8:0/9:0/10:0/11:0/12:0,GBIF관찰+KPNI정명,,,,,,
,흰제비란,흰제비란,Platanthera hologlottis,,Orchidaceae,자생식물,109,,,보통,11,1:0/2:0/3:0/4:0/5:0/6:1/7:6/8:3/9:1/10:0/11:0/12:0,GBIF관찰+KPNI정명,,,,,,
,큰비쑥,큰비쑥,Artemisia fukudo,,Asteraceae,자생식물,108,,,보통,20,1:1/2:0/3:1/4:1/5:2/6:6/7:2/8:3/9:1/10:2/11:1/12:0,GBIF관찰+KPNI정명,,,,,,
12,자목련,자목련,Magnolia liliiflora,,Magnoliaceae,재배식물,108,,,보통,21,1:0/2:0/3:3/4:10/5:4/6:2/7:0/8:1/9:1/10:0/11:0/12:0,GBIF관찰+KPNI정명,Y,,보라,공원·정원,하,백목련
,된장풀,된장풀,Ohwia caudata,,Fabaceae,자생식물,108,,,보통,18,1:0/2:0/3:0/4:1/5:0/6:7/7:0/8:5/9:2/10:1/11:2/12:0,GBIF관찰+KPNI정명,,,,,,
,세뿔여뀌,세뿔여뀌,Persicaria debilis,,Polygonaceae,자생식물,108,,,보통,15,1:3/2:0/3:0/4:0/5:1/6:1/7:5/8:2/9:0/10:2/11:1/12:0,GBIF관찰+KPNI정명,,,,,,
,좀회양목,좀회양목,Buxus microphylla,,Buxaceae,재배식물,107,,,보통,5,1:0/2:1/3:0/4:1/5:2/6:0/7:0/8:1/9:0/10:0/11:0/12:0,GBIF관찰+KPNI정명,,,,,,
,고수,고수,Coriandrum sativum,,Apiaceae,재배식물,106,,,보통,18,1:0/2:0/3:0/4:0/5:14/6:2/7:1/8:1/9:0/10:0/11:0/12:0,GBIF관찰+KPNI정명,,,,,,
,울릉장구채,울릉장구채,Silene takeshimensis,,Caryophyllaceae,자생식물,106,,,보통,6,1:0/2:0/3:0/4:0/5:0/6:0/7:2/8:3/9:1/10:0/11:0/12:0,GBIF관찰+KPNI정명,,,,,,
,미국좀부처꽃,미국좀부처꽃,Ammannia coccinea,,Lythraceae,외래식물,105,7~10월,가을,보통,31,1:0/2:0/3:0/4:0/5:0/6:2/7:4/8:8/9:7/10:10/11:0/12:0,GBIF관찰+KPNI정명,,,,,,
,알꽈리,알꽈리,Tubocapsicum anomalum,,Solanaceae,자생식물,105,,,보통,20,1:3/2:0/3:0/4:2/5:1/6:3/7:1/8:3/9:5/10:2/11:0/12:0,GBIF관찰+KPNI정명,,,,,,
,산호수,산호수,Ardisia pusilla,,Myrsinaceae,자생식물,104,,,보통,8,1:1/2:0/3:0/4:0/5:1/6:0/7:1/8:1/9:2/10:1/11:1/12:0,GBIF관찰+KPNI정명,,,,,,
105,금계국,금계국,Coreopsis basalis,,Asteraceae,재배식물,103,5~9월,여름,보통,61,1:1/2:0/3:1/4:3/5:16/6:17/7:9/8:6/9:7/10:1/11:0/12:0,GBIF관찰+KPNI정명,Y,,노랑,화단·도로변,상,큰금계국
,개박하,개박하,Nepeta cataria,,Lamiaceae,자생식물,103,,,보통,20,1:2/2:0/3:0/4:1/5:1/6:1/7:6/8:2/9:7/10:0/11:0/12:0,GBIF관찰+KPNI정명,,,,,,
,양버들,양버들,Populus nigra,,Salicaceae,재배식물,103,,,보통,23,1:0/2:0/3:3/4:1/5:5/6:3/7:2/8:2/9:3/10:3/11:1/12:0,GBIF관찰+KPNI정명,,,,,,
,선토끼풀,선토끼풀,Trifolium hybridum,,Fabaceae,외래식물,103,,,보통,12,1:0/2:0/3:0/4:0/5:2/6:2/7:4/8:4/9:0/10:0/11:0/12:0,GBIF관찰+KPNI정명,,,,,,
,실꽃풀,실꽃풀,Chamaelirium japonicum,,Liliaceae,자생식물,102,,,보통,22,1:0/2:1/3:1/4:2/5:1/6:6/7:6/8:3/9:1/10:0/11:1/12:0,GBIF관찰+KPNI정명,,,,,,
,구와취,구와취,Saussurea ussuriensis,,Asteraceae,자생식물,102,,,보통,12,1:1/2:0/3:0/4:0/5:0/6:2/7:2/8:2/9:4/10:1/11:0/12:0,GBIF관찰+KPNI정명,,,,,,
,물솜방망이,물솜방망이,Tephroseris pseudosonchus,,Asteraceae,자생식물,102,,,보통,23,1:0/2:0/3:1/4:8/5:9/6:4/7:1/8:0/9:0/10:0/11:0/12:0,GBIF관찰+KPNI정명,,,,,,
,유럽개미자리,유럽개미자리,Spergularia rubra,,Caryophyllaceae,외래식물,101,,,보통,19,1:1/2:0/3:0/4:1/5:7/6:5/7:4/8:0/9:1/10:0/11:0/12:0,GBIF관찰+KPNI정명,,,,,,
,금떡쑥,금떡쑥,Pseudognaphalium hypoleucum,,Asteraceae,자생식물,100,,,보통,4,1:0/2:0/3:0/4:0/5:4/6:0/7:0/8:0/9:0/10:0/11:0/12:0,GBIF관찰+KPNI정명,,,,,,
,갯고들빼기,갯고들빼기,Crepidiastrum lanceolatum,,Asteraceae,자생식물,99,,,보통,9,1:0/2:0/3:0/4:0/5:2/6:0/7:0/8:2/9:1/10:2/11:2/12:0,GBIF관찰+KPNI정명,,,,,,
,넓은잎개수염,넓은잎개수염,Eriocaulon alpestre,,Eriocaulaceae,자생식물,99,,,보통,1,1:0/2:0/3:0/4:0/5:0/6:0/7:0/8:0/9:1/10:0/11:0/12:0,GBIF관찰+KPNI변종정명,,,,,,
,중의무릇,중의무릇,Gagea nakaiana,,Liliaceae,자생식물,99,3~4월,봄,보통,68,1:0/2:0/3:39/4:25/5:3/6:0/7:0/8:0/9:1/10:0/11:0/12:0,GBIF관찰+KPNI정명,,,,,,
,큰등갈퀴,큰등갈퀴,Vicia pseudo-orobus,,Fabaceae,자생식물,99,,,보통,1,1:0/2:0/3:0/4:0/5:0/6:0/7:0/8:0/9:1/10:0/11:0/12:0,GBIF관찰+KPNI정명,,,,,,
,고추냉이,고추냉이,Eutrema japonicum,,Brassicaceae,자생식물,98,,,보통,5,1:0/2:0/3:0/4:4/5:0/6:0/7:1/8:0/9:0/10:0/11:0/12:0,GBIF관찰+KPNI정명,,,,,,
,가는기름나물,가는기름나물,Kitagawia komarovii,,Apiaceae,자생식물,98,,,보통,28,1:6/2:0/3:1/4:0/5:0/6:6/7:2/8:6/9:5/10:1/11:1/12:0,GBIF관찰+KPNI정명,,,,,,
,왕둥굴레,왕둥굴레,Polygonatum robustum,,Liliaceae,자생식물,98,,,보통,13,1:0/2:0/3:0/4:1/5:7/6:1/7:1/8:3/9:0/10:0/11:0/12:0,GBIF관찰+KPNI정명,,,,,,
,도깨비엉겅퀴,도깨비엉겅퀴,Cirsium schantarense,,Asteraceae,자생식물,96,5~9월,여름,보통,30,1:2/2:0/3:0/4:1/5:3/6:6/7:7/8:4/9:6/10:1/11:0/12:0,GBIF관찰+KPNI정명,,,,,,
,연리초,연리초,Lathyrus quinquenervius,,Fabaceae,자생식물,96,,,보통,9,1:0/2:0/3:0/4:0/5:7/6:1/7:0/8:0/9:1/10:0/11:0/12:0,GBIF관찰+KPNI정명,,,,,,
,가는괴불주머니,가는괴불주머니,Corydalis raddeana,,Fumariaceae,자생식물,95,,,보통,15,1:0/2:0/3:0/4:1/5:5/6:0/7:0/8:0/9:6/10:3/11:0/12:0,GBIF관찰+KPNI정명,,,,,,
,긴잎갈퀴,긴잎갈퀴,Galium boreale,,Rubiaceae,자생식물,95,,,보통,23,1:1/2:0/3:0/4:3/5:6/6:7/7:2/8:2/9:2/10:0/11:0/12:0,GBIF관찰+KPNI정명,,,,,,
,버즘나무,버즘나무,Platanus orientalis,,Platanaceae,재배식물,95,,,보통,7,1:0/2:0/3:0/4:1/5:4/6:0/7:0/8:1/9:1/10:0/11:0/12:0,GBIF관찰+KPNI정명,,,,,,
,넓은잎범꼬리,넓은잎범꼬리,Bistorta officinalis,,Polygonaceae,자생식물,94,,,보통,3,1:0/2:0/3:0/4:0/5:0/6:2/7:1/8:0/9:0/10:0/11:0/12:0,GBIF관찰+KPNI정명,,,,,,
,서양개보리뺑이,서양개보리뺑이,Lapsana communis,,Asteraceae,외래식물,94,,,보통,17,1:0/2:0/3:0/4:0/5:6/6:6/7:0/8:4/9:1/10:0/11:0/12:0,GBIF관찰+KPNI정명,,,,,,
,아욱,아욱,Malva verticillata,,Malvaceae,재배식물,94,,,보통,29,1:5/2:0/3:0/4:0/5:1/6:2/7:1/8:10/9:3/10:6/11:1/12:0,GBIF관찰+KPNI정명,,,,,,
,연잎꿩의다리,연잎꿩의다리,Thalictrum coreanum,,Ranunculaceae,자생식물,94,,,보통,1,1:0/2:0/3:0/4:0/5:0/6:0/7:0/8:0/9:0/10:1/11:0/12:0,GBIF관찰+KPNI정명,,,,,,
,봄구슬붕이,봄구슬붕이,Gentiana thunbergii,,Gentianaceae,자생식물,93,,,보통,2,1:0/2:0/3:0/4:1/5:1/6:0/7:0/8:0/9:0/10:0/11:0/12:0,GBIF관찰+KPNI정명,,,,,,
,나도생강,나도생강,Pollia japonica,,Commelinaceae,자생식물,93,,,보통,28,1:3/2:0/3:0/4:1/5:5/6:6/7:6/8:2/9:2/10:3/11:0/12:0,GBIF관찰+KPNI정명,,,,,,
,층층둥굴레,층층둥굴레,Polygonatum stenophyllum,,Liliaceae,자생식물,93,,,보통,17,1:0/2:0/3:0/4:0/5:3/6:10/7:2/8:2/9:0/10:0/11:0/12:0,GBIF관찰+KPNI정명,,,,,,
,털양지꽃,털양지꽃,Potentilla squamosa,,Rosaceae,자생식물,93,4월,봄,보통,32,1:0/2:0/3:5/4:16/5:2/6:2/7:7/8:0/9:0/10:0/11:0/12:0,GBIF관찰+KPNI정명,,,,,,
,황새승마,황새승마,Actaea cimicifuga,,Ranunculaceae,자생식물,92,,,보통,21,1:8/2:0/3:0/4:0/5:0/6:1/7:5/8:2/9:5/10:0/11:0/12:0,GBIF관찰+KPNI정명,,,,,,
,사창분취,사창분취,Saussurea calcicola,,Asteraceae,자생식물,92,,,보통,24,1:0/2:0/3:1/4:1/5:3/6:3/7:2/8:1/9:12/10:1/11:0/12:0,GBIF관찰+KPNI정명,,,,,,
,참깨,참깨,Sesamum indicum,,Pedaliaceae,재배식물,92,,,보통,26,1:1/2:0/3:0/4:1/5:0/6:1/7:11/8:9/9:0/10:3/11:0/12:0,GBIF관찰+KPNI정명,,,,,,
,땅귀개,땅귀개,Utricularia bifida,,Lentibulariaceae,자생식물,92,8~10월,가을,보통,39,1:3/2:0/3:0/4:1/5:0/6:3/7:2/8:9/9:5/10:14/11:2/12:0,GBIF관찰+KPNI정명,,,,,,
,들떡쑥,들떡쑥,Leontopodium leontopodioides,,Asteraceae,자생식물,91,,,보통,6,1:0/2:0/3:0/4:0/5:1/6:2/7:0/8:1/9:2/10:0/11:0/12:0,GBIF관찰+KPNI정명,,,,,,
,좁은잎미꾸리낚시,좁은잎미꾸리낚시,Persicaria praetermissa,,Polygonaceae,자생식물,91,,,보통,24,1:0/2:0/3:0/4:1/5:0/6:6/7:3/8:7/9:5/10:2/11:0/12:0,GBIF관찰+KPNI변종정명,,,,,,
,무환자나무,무환자나무,Sapindus mukorossi,,Sapindaceae,재배식물,91,,,보통,11,1:0/2:0/3:2/4:1/5:1/6:2/7:0/8:2/9:0/10:3/11:0/12:0,GBIF관찰+KPNI정명,,,,,,
,공조팝나무,공조팝나무,Spiraea cantoniensis,,Rosaceae,재배식물,91,,,보통,21,1:1/2:0/3:0/4:5/5:15/6:0/7:0/8:0/9:0/10:0/11:0/12:0,GBIF관찰+KPNI정명,,,,,,
,박달목서,박달목서,Osmanthus insularis,,Oleaceae,자생식물,90,,,보통,3,1:0/2:0/3:0/4:0/5:0/6:0/7:2/8:0/9:0/10:1/11:0/12:0,GBIF관찰+KPNI정명,,,,,,
,인가목,인가목,Rosa acicularis,,Rosaceae,자생식물,90,,,보통,16,1:0/2:0/3:0/4:0/5:2/6:5/7:2/8:4/9:3/10:0/11:0/12:0,GBIF관찰+KPNI정명,,,,,,
,골병꽃나무,골병꽃나무,Weigela hortensis,,Caprifoliaceae,재배식물,90,,,보통,6,1:0/2:0/3:0/4:2/5:4/6:0/7:0/8:0/9:0/10:0/11:0/12:0,GBIF관찰+KPNI정명,,,,,,
,금강봄맞이,금강봄맞이,Androsace cortusifolia,,Primulaceae,자생식물,89,,,보통,4,1:0/2:0/3:0/4:1/5:0/6:0/7:2/8:0/9:1/10:0/11:0/12:0,GBIF관찰+KPNI정명,,,,,,
,애기장대,애기장대,Arabidopsis thaliana,,Brassicaceae,자생식물,89,,,보통,21,1:0/2:1/3:8/4:9/5:1/6:0/7:1/8:1/9:0/10:0/11:0/12:0,GBIF관찰+KPNI정명,,,,,,
,과꽃,과꽃,Callistephus chinensis,,Asteraceae,자생식물,89,,,보통,9,1:0/2:0/3:0/4:1/5:0/6:1/7:1/8:1/9:3/10:2/11:0/12:0,GBIF관찰+KPNI정명,,,,,,
,영주치자,영주치자,Gardneria nutans,,Loganiaceae,자생식물,89,,,보통,21,1:0/2:0/3:0/4:4/5:3/6:4/7:4/8:1/9:2/10:3/11:0/12:0,GBIF관찰+KPNI정명,,,,,,
,수호초,수호초,Pachysandra terminalis,,Buxaceae,재배식물,89,2~5월,봄,보통,66,1:2/2:8/3:13/4:12/5:8/6:3/7:1/8:4/9:4/10:7/11:3/12:1,GBIF관찰+KPNI정명,,,,,,
,숙은꽃장포,숙은꽃장포,Tofieldia coccinea,,Liliaceae,자생식물,89,,,보통,0,,GBIF관찰+KPNI정명,,,,,,
,구슬꽃나무,구슬꽃나무,Adina rubella,,Rubiaceae,자생식물,88,,,보통,10,1:0/2:0/3:0/4:0/5:3/6:1/7:4/8:0/9:2/10:0/11:0/12:0,GBIF관찰+KPNI정명,,,,,,
,흰괴불나무,흰괴불나무,Lonicera tatarinowii,,Caprifoliaceae,자생식물,88,,,보통,4,1:0/2:0/3:0/4:0/5:3/6:0/7:0/8:0/9:1/10:0/11:0/12:0,GBIF관찰+KPNI정명,,,,,,
,홍노도라지,홍노도라지,Peracarpa carnosa,,Campanulaceae,자생식물,88,,,보통,29,1:0/2:0/3:1/4:9/5:6/6:5/7:4/8:2/9:1/10:1/11:0/12:0,GBIF관찰+KPNI변종정명,,,,,,
,물고추나물,물고추나물,Triadenum japonicum,,Clusiaceae,자생식물,88,,,보통,8,1:0/2:0/3:0/4:1/5:0/6:2/7:1/8:0/9:3/10:1/11:0/12:0,GBIF관찰+KPNI정명,,,,,,
,잇꽃,잇꽃,Carthamus tinctorius,,Asteraceae,재배식물,87,,,보통,1,1:0/2:0/3:0/4:0/5:0/6:1/7:0/8:0/9:0/10:0/11:0/12:0,GBIF관찰+KPNI정명,,,,,,
,회향,회향,Foeniculum vulgare,,Apiaceae,재배식물,87,,,보통,4,1:0/2:0/3:0/4:0/5:0/6:1/7:1/8:0/9:0/10:1/11:0/12:1,GBIF관찰+KPNI정명,,,,,,
,호비수리,호비수리,Lespedeza davurica,,Fabaceae,자생식물,87,8~9월,가을,보통,48,1:4/2:0/3:0/4:1/5:1/6:4/7:1/8:22/9:11/10:4/11:0/12:0,GBIF관찰+KPNI정명,,,,,,
,큰각시취,큰각시취,Saussurea japonica,,Asteraceae,자생식물,87,,,보통,10,1:2/2:0/3:0/4:0/5:1/6:0/7:1/8:0/9:6/10:0/11:0/12:0,GBIF관찰+KPNI정명,,,,,,
,분단나무,분단나무,Viburnum furcatum,,Caprifoliaceae,자생식물,87,,,보통,16,1:0/2:0/3:0/4:0/5:3/6:2/7:6/8:1/9:3/10:0/11:1/12:0,GBIF관찰+KPNI정명,,,,,,
,참시호,참시호,Bupleurum scorzonerifolium,,Apiaceae,자생식물,86,,,보통,2,1:0/2:0/3:0/4:0/5:0/6:0/7:0/8:0/9:1/10:1/11:0/12:0,GBIF관찰+KPNI정명,,,,,,
,꽃쥐손이,꽃쥐손이,Geranium platyanthum,,Geraniaceae,자생식물,86,,,보통,27,1:0/2:0/3:0/4:0/5:2/6:14/7:7/8:2/9:2/10:0/11:0/12:0,GBIF관찰+KPNI정명,,,,,,
,좀개자리,좀개자리,Medicago minima,,Fabaceae,외래식물,86,,,보통,23,1:0/2:0/3:0/4:4/5:9/6:7/7:0/8:1/9:1/10:1/11:0/12:0,GBIF관찰+KPNI정명,,,,,,
,묵밭소리쟁이,묵밭소리쟁이,Rumex conglomeratus,,Polygonaceae,외래식물,86,,,보통,0,,GBIF관찰+KPNI정명,,,,,,
,들쭉나무,들쭉나무,Vaccinium uliginosum,,Ericaceae,자생식물,86,,,보통,2,1:0/2:0/3:1/4:0/5:0/6:0/7:0/8:0/9:1/10:0/11:0/12:0,GBIF관찰+KPNI정명,,,,,,
,긴잎제비꽃,긴잎제비꽃,Viola ovato-oblonga,,Violaceae,자생식물,86,,,보통,4,1:0/2:0/3:1/4:2/5:1/6:0/7:0/8:0/9:0/10:0/11:0/12:0,GBIF관찰+KPNI정명,,,,,,
,산새콩,산새콩,Lathyrus vaniotii,,Fabaceae,자생식물,85,5~6월,여름,보통,32,1:0/2:0/3:0/4:1/5:7/6:15/7:2/8:1/9:3/10:3/11:0/12:0,GBIF관찰+KPNI정명,,,,,,
,우엉,우엉,Arctium lappa,,Asteraceae,재배식물,84,5~8월,여름,보통,37,1:0/2:0/3:1/4:3/5:6/6:7/7:10/8:4/9:1/10:5/11:0/12:0,GBIF관찰+KPNI정명,,,,,,
,태산목,태산목,Magnolia grandiflora,,Magnoliaceae,재배식물,84,,,보통,15,1:0/2:0/3:0/4:5/5:2/6:5/7:1/8:0/9:1/10:0/11:1/12:0,GBIF관찰+KPNI정명,,,,,,
,금소리쟁이,금소리쟁이,Rumex maritimus,,Polygonaceae,자생식물,84,,,보통,24,1:0/2:0/3:0/4:1/5:2/6:13/7:2/8:2/9:3/10:1/11:0/12:0,GBIF관찰+KPNI정명,,,,,,
,긴갓냉이,긴갓냉이,Sisymbrium orientale,,Brassicaceae,외래식물,84,,,보통,9,1:1/2:1/3:3/4:1/5:2/6:1/7:0/8:0/9:0/10:0/11:0/12:0,GBIF관찰+KPNI정명,,,,,,
,왜당귀,왜당귀,Angelica acutiloba,,Apiaceae,재배식물,83,,,보통,27,1:0/2:0/3:1/4:4/5:7/6:6/7:1/8:4/9:1/10:3/11:0/12:0,GBIF관찰+KPNI정명,,,,,,
,괴불주머니,괴불주머니,Corydalis pallida,,Fumariaceae,자생식물,83,4~5월,봄,보통,35,1:1/2:0/3:0/4:11/5:11/6:3/7:3/8:2/9:4/10:0/11:0/12:0,GBIF관찰+KPNI정명,,,,,,
,우단담배풀,우단담배풀,Verbascum thapsus,,Scrophulariaceae,재배식물,83,6~8월,여름,보통,45,1:2/2:0/3:0/4:1/5:2/6:12/7:15/8:7/9:2/10:2/11:0/12:2,GBIF관찰+KPNI정명,,,,,,
,애기아욱,애기아욱,Malva parviflora,,Malvaceae,외래식물,82,,,보통,17,1:1/2:0/3:2/4:5/5:1/6:1/7:0/8:3/9:2/10:1/11:1/12:0,GBIF관찰+KPNI정명,,,,,,
,소래풀,소래풀,Orychophragmus violaceus,,Brassicaceae,자생식물,82,3~5월,봄,보통,73,1:0/2:0/3:15/4:42/5:15/6:0/7:0/8:0/9:0/10:0/11:1/12:0,GBIF관찰+KPNI정명,,,,,,
,인삼,인삼,Panax ginseng,,Araliaceae,자생식물,82,,,보통,12,1:0/2:0/3:0/4:2/5:2/6:1/7:4/8:0/9:2/10:0/11:1/12:0,GBIF관찰+KPNI정명,,,,,,
,라즈베리,라즈베리,Rubus idaeus,,Rosaceae,재배식물,82,,,보통,19,1:1/2:0/3:0/4:2/5:3/6:6/7:3/8:0/9:3/10:1/11:0/12:0,GBIF관찰+KPNI정명,,,,,,
89,부용,부용,Hibiscus mutabilis,,Malvaceae,재배식물,81,6~10월,여름,보통,31,1:2/2:0/3:0/4:0/5:0/6:4/7:10/8:4/9:7/10:4/11:0/12:0,GBIF관찰+KPNI정명,Y,,분홍,공원·정원,상,"무궁화,접시꽃"
,만주송이풀,만주송이풀,Pedicularis mandshurica,,Scrophulariaceae,자생식물,81,,,보통,4,1:0/2:0/3:0/4:1/5:1/6:0/7:0/8:1/9:1/10:0/11:0/12:0,GBIF관찰+KPNI정명,,,,,,
,국화잎아욱,국화잎아욱,Modiola caroliniana,,Malvaceae,외래식물,80,,,보통,23,1:0/2:0/3:0/4:5/5:6/6:6/7:5/8:1/9:0/10:0/11:0/12:0,GBIF관찰+KPNI정명,,,,,,
,좀민들레,좀민들레,Taraxacum hallaisanense,,Asteraceae,자생식물,80,,,보통,15,1:0/2:0/3:2/4:5/5:4/6:1/7:0/8:1/9:2/10:0/11:0/12:0,GBIF관찰+KPNI정명,,,,,,
,말뱅이나물,말뱅이나물,Gypsophila vaccaria,,Caryophyllaceae,재배식물,79,,,보통,13,1:1/2:0/3:0/4:1/5:6/6:3/7:0/8:2/9:0/10:0/11:0/12:0,GBIF관찰+KPNI정명,,,,,,
,구름송이풀,구름송이풀,Pedicularis verticillata,,Scrophulariaceae,자생식물,79,,,보통,1,1:0/2:0/3:0/4:0/5:0/6:0/7:0/8:1/9:0/10:0/11:0/12:0,GBIF관찰+KPNI정명,,,,,,
,좀갈매나무,좀갈매나무,Rhamnus taquetii,,Rhamnaceae,자생식물,79,,,보통,1,1:0/2:0/3:0/4:0/5:0/6:0/7:0/8:0/9:1/10:0/11:0/12:0,GBIF관찰+KPNI정명,,,,,,
,현삼,현삼,Scrophularia buergeriana,,Scrophulariaceae,자생식물,79,,,보통,16,1:2/2:0/3:0/4:0/5:0/6:2/7:2/8:4/9:5/10:0/11:1/12:0,GBIF관찰+KPNI정명,,,,,,
16,애기동백,애기동백,Camellia sasanqua,,Theaceae,재배식물,78,12~1월,겨울,보통,36,1:6/2:3/3:4/4:0/5:0/6:1/7:1/8:0/9:0/10:2/11:2/12:17,GBIF관찰+KPNI정명,Y,,분홍,공원·정원,중,동백꽃
,산당근,산당근,Daucus carota,,Apiaceae,외래식물,78,,,보통,17,1:1/2:0/3:0/4:1/5:0/6:5/7:3/8:4/9:1/10:2/11:0/12:0,GBIF관찰+KPNI정명,,,,,,
,비진도콩,비진도콩,Dumasia truncata,,Fabaceae,자생식물,78,,,보통,26,1:3/2:0/3:0/4:0/5:0/6:2/7:4/8:4/9:5/10:3/11:5/12:0,GBIF관찰+KPNI정명,,,,,,
,자주풀솜나물,자주풀솜나물,Gamochaeta purpurea,,Asteraceae,외래식물,78,,,보통,15,1:0/2:0/3:0/4:0/5:6/6:8/7:0/8:0/9:0/10:1/11:0/12:0,GBIF관찰+KPNI정명,,,,,,
,부령소리쟁이,부령소리쟁이,Rumex patientia,,Polygonaceae,외래식물,78,,,보통,17,1:0/2:0/3:0/4:0/5:5/6:5/7:3/8:2/9:1/10:1/11:0/12:0,GBIF관찰+KPNI정명,,,,,,
,꽃버들,꽃버들,Salix udensis,,Salicaceae,자생식물,78,,,보통,1,1:0/2:0/3:1/4:0/5:0/6:0/7:0/8:0/9:0/10:0/11:0/12:0,GBIF관찰+KPNI정명,,,,,,
,덩굴박주가리,덩굴박주가리,Vincetoxicum nipponicum,,Apocynaceae,자생식물,78,,,보통,17,1:0/2:0/3:0/4:0/5:2/6:0/7:13/8:1/9:1/10:0/11:0/12:0,GBIF관찰+KPNI정명,,,,,,
,처진물봉선,처진물봉선,Impatiens furcillata,,Balsaminaceae,자생식물,77,8월,여름,보통,42,1:0/2:0/3:0/4:1/5:0/6:0/7:2/8:27/9:8/10:4/11:0/12:0,GBIF관찰+KPNI정명,,,,,,
,가는잎산들깨,가는잎산들깨,Mosla chinensis,,Lamiaceae,자생식물,77,9~10월,가을,보통,32,1:3/2:0/3:0/4:0/5:2/6:0/7:3/8:1/9:7/10:15/11:1/12:0,GBIF관찰+KPNI정명,,,,,,
,버들잎엉겅퀴,버들잎엉겅퀴,Cirsium lineare,,Asteraceae,자생식물,76,,,보통,4,1:2/2:0/3:0/4:0/5:0/6:0/7:0/8:2/9:0/10:0/11:0/12:0,GBIF관찰+KPNI정명,,,,,,
,꽃패랭이꽃,꽃패랭이꽃,Dianthus superbus,,Caryophyllaceae,자생식물,76,,,보통,3,1:0/2:0/3:0/4:0/5:0/6:1/7:1/8:1/9:0/10:0/11:0/12:0,GBIF관찰+KPNI정명,,,,,,
,낚시돌풀,낚시돌풀,Leptopetalum coreanum,,Rubiaceae,자생식물,76,7월,여름,보통,33,1:1/2:0/3:0/4:0/5:1/6:3/7:10/8:0/9:6/10:5/11:7/12:0,GBIF관찰+KPNI정명,,,,,,
,톱바위취,톱바위취,Micranthes nelsoniana,,Saxifragaceae,자생식물,76,,,보통,21,1:0/2:0/3:1/4:10/5:3/6:5/7:2/8:0/9:0/10:0/11:0/12:0,GBIF관찰+KPNI정명,,,,,,
,당버들,당버들,Populus simonii,,Salicaceae,자생식물,76,,,보통,0,,GBIF관찰+KPNI정명,,,,,,
,끈끈이장구채,끈끈이장구채,Silene koreana,,Caryophyllaceae,자생식물,76,,,보통,15,1:0/2:0/3:0/4:3/5:0/6:3/7:6/8:3/9:0/10:0/11:0/12:0,GBIF관찰+KPNI정명,,,,,,
,덕우기름나물,덕우기름나물,Sillaphyton podagraria,,Apiaceae,자생식물,76,,,보통,27,1:0/2:0/3:0/4:0/5:3/6:6/7:4/8:6/9:3/10:5/11:0/12:0,GBIF관찰+KPNI정명,,,,,,
,섬다래,섬다래,Actinidia rufa,,Actinidiaceae,자생식물,75,,,보통,9,1:0/2:0/3:0/4:0/5:5/6:0/7:0/8:1/9:2/10:1/11:0/12:0,GBIF관찰+KPNI정명,,,,,,
,들바람꽃,들바람꽃,Anemone amurensis,,Ranunculaceae,자생식물,75,,,보통,22,1:0/2:0/3:4/4:15/5:2/6:0/7:0/8:0/9:1/10:0/11:0/12:0,GBIF관찰+KPNI정명,,,,,,
,참외,참외,Cucumis melo,,Cucurbitaceae,재배식물,75,,,보통,28,1:2/2:0/3:0/4:1/5:0/6:0/7:2/8:5/9:8/10:8/11:2/12:0,GBIF관찰+KPNI정명,,,,,,
,백서향,백서향,Daphne kiusiana,,Thymelaeaceae,자생식물,75,1~5월,봄,보통,32,1:8/2:3/3:3/4:7/5:4/6:0/7:0/8:2/9:5/10:0/11:0/12:0,GBIF관찰+KPNI정명,,,,,,
,갯패랭이꽃,갯패랭이꽃,Dianthus japonicus,,Caryophyllaceae,자생식물,75,,,보통,21,1:0/2:0/3:2/4:2/5:3/6:2/7:9/8:0/9:1/10:1/11:1/12:0,GBIF관찰+KPNI정명,,,,,,
,도꼬로마,도꼬로마,Dioscorea tokoro,,Dioscoreaceae,자생식물,75,,,보통,10,1:0/2:0/3:0/4:0/5:4/6:3/7:0/8:2/9:1/10:0/11:0/12:0,GBIF관찰+KPNI정명,,,,,,
,왜개연꽃,왜개연꽃,Nuphar pumila,,Nymphaeaceae,자생식물,75,,,보통,10,1:0/2:0/3:0/4:1/5:2/6:1/7:2/8:3/9:1/10:0/11:0/12:0,GBIF관찰+KPNI정명,,,,,,
158,채송화,채송화,Portulaca grandiflora,,Portulacaceae,재배식물,75,7~9월,여름,보통,49,1:2/2:0/3:0/4:0/5:0/6:2/7:8/8:18/9:15/10:2/11:2/12:0,GBIF관찰+KPNI정명,Y,,기타,화단·화분,중,송엽국
,왕도깨비바늘,왕도깨비바늘,Bidens subalternans,,Asteraceae,외래식물,74,9~10월,가을,보통,37,1:0/2:0/3:0/4:0/5:0/6:0/7:10/8:0/9:15/10:7/11:5/12:0,GBIF관찰+KPNI정명,,,,,,
,대부도냉이,대부도냉이,Lepidium perfoliatum,,Brassicaceae,외래식물,74,,,보통,0,,GBIF관찰+KPNI정명,,,,,,
,이노리나무,이노리나무,Malus komarovii,,Rosaceae,자생식물,74,,,보통,3,1:0/2:0/3:0/4:1/5:1/6:0/7:0/8:0/9:1/10:0/11:0/12:0,GBIF관찰+KPNI정명,,,,,,
,시베리아살구,시베리아살구,Prunus sibirica,,Rosaceae,자생식물,74,,,보통,7,1:0/2:0/3:0/4:1/5:1/6:2/7:1/8:1/9:1/10:0/11:0/12:0,GBIF관찰+KPNI정명,,,,,,
,팥꽃나무,팥꽃나무,Wikstroemia genkwa,,Thymelaeaceae,자생식물,74,,,보통,13,1:1/2:0/3:1/4:3/5:5/6:1/7:0/8:1/9:0/10:1/11:0/12:0,GBIF관찰+KPNI정명,,,,,,
,국화잎가막사리,국화잎가막사리,Bidens maximowicziana,,Asteraceae,자생식물,73,,,보통,28,1:5/2:0/3:0/4:0/5:1/6:1/7:3/8:8/9:9/10:1/11:0/12:0,GBIF관찰+KPNI정명,,,,,,
,파슬리,파슬리,Petroselinum crispum,,Apiaceae,재배식물,73,,,보통,0,,GBIF관찰+KPNI정명,,,,,,
,결명자,결명자,Senna tora,,Fabaceae,재배식물,73,8~10월,가을,보통,35,1:0/2:0/3:0/4:0/5:0/6:1/7:0/8:6/9:10/10:15/11:3/12:0,GBIF관찰+KPNI정명,,,,,,
,섬현호색,섬현호색,Corydalis filistipes,,Fumariaceae,자생식물,72,,,보통,4,1:0/2:0/3:0/4:4/5:0/6:0/7:0/8:0/9:0/10:0/11:0/12:0,GBIF관찰+KPNI정명,,,,,,
,가는잎소리쟁이,가는잎소리쟁이,Rumex stenophyllus,,Polygonaceae,자생식물,72,,,보통,10,1:0/2:0/3:0/4:0/5:3/6:6/7:1/8:0/9:0/10:0/11:0/12:0,GBIF관찰+KPNI정명,,,,,,
,강계버들,강계버들,Salix kangensis,,Salicaceae,자생식물,72,,,보통,2,1:0/2:0/3:1/4:1/5:0/6:0/7:0/8:0/9:0/10:0/11:0/12:0,GBIF관찰+KPNI정명,,,,,,
,삼백초,삼백초,Saururus chinensis,,Saururaceae,자생식물,72,,,보통,19,1:0/2:0/3:0/4:1/5:1/6:15/7:0/8:1/9:1/10:0/11:0/12:0,GBIF관찰+KPNI정명,,,,,,
,솜분취,솜분취,Saussurea eriophylla,,Asteraceae,자생식물,72,,,보통,11,1:3/2:0/3:0/4:2/5:0/6:0/7:2/8:1/9:3/10:0/11:0/12:0,GBIF관찰+KPNI정명,,,,,,
,상치아재비,상치아재비,Valerianella locusta,,Valerianaceae,외래식물,72,,,보통,10,1:0/2:0/3:0/4:5/5:3/6:1/7:0/8:0/9:1/10:0/11:0/12:0,GBIF관찰+KPNI정명,,,,,,
,산분꽃나무,산분꽃나무,Viburnum burejaeticum,,Caprifoliaceae,자생식물,72,,,보통,1,1:0/2:0/3:0/4:0/5:1/6:0/7:0/8:0/9:0/10:0/11:0/12:0,GBIF관찰+KPNI정명,,,,,,
,율무쑥,율무쑥,Artemisia koidzumii,,Asteraceae,자생식물,71,8~9월,가을,보통,38,1:13/2:0/3:0/4:0/5:0/6:1/7:3/8:6/9:15/10:0/11:0/12:0,GBIF관찰+KPNI정명,,,,,,
75,데이지,데이지,Bellis perennis,,Asteraceae,재배식물,71,,,보통,17,1:0/2:0/3:0/4:1/5:9/6:4/7:1/8:1/9:1/10:0/11:0/12:0,GBIF관찰+KPNI정명,Y,,흰색,화단,중,-
,순채,순채,Brasenia schreberi,,Cabombaceae,자생식물,71,,,보통,12,1:0/2:0/3:0/4:0/5:2/6:4/7:1/8:1/9:1/10:1/11:1/12:1,GBIF관찰+KPNI정명,,,,,,
,가는잎한련초,가는잎한련초,Eclipta alba,,Asteraceae,외래식물,71,,,보통,29,1:0/2:0/3:0/4:0/5:0/6:0/7:0/8:5/9:20/10:4/11:0/12:0,GBIF관찰+KPNI정명,,,,,,
,긴병꽃풀,긴병꽃풀,Glechoma longituba,,Lamiaceae,자생식물,71,4월,봄,보통,33,1:0/2:0/3:4/4:14/5:4/6:3/7:1/8:2/9:1/10:3/11:1/12:0,GBIF관찰+KPNI정명,,,,,,
,동강할미꽃,동강할미꽃,Pulsatilla tongkangensis,,Ranunculaceae,자생식물,71,,,보통,19,1:0/2:0/3:6/4:2/5:10/6:1/7:0/8:0/9:0/10:0/11:0/12:0,GBIF관찰+KPNI정명,,,,,,
,제주진득찰,제주진득찰,Sigesbeckia orientalis,,Asteraceae,자생식물,71,,,보통,25,1:5/2:0/3:0/4:1/5:0/6:0/7:0/8:0/9:7/10:4/11:8/12:0,GBIF관찰+KPNI정명,,,,,,
,감자,감자,Solanum tuberosum,,Solanaceae,재배식물,71,,,보통,20,1:0/2:0/3:0/4:4/5:7/6:6/7:1/8:0/9:0/10:2/11:0/12:0,GBIF관찰+KPNI정명,,,,,,
,가는돌쩌귀,가는돌쩌귀,Aconitum villosum,,Ranunculaceae,자생식물,70,,,보통,5,1:0/2:0/3:0/4:1/5:3/6:0/7:0/8:0/9:1/10:0/11:0/12:0,GBIF관찰+KPNI정명,,,,,,
,좀아마냉이,좀아마냉이,Camelina microcarpa,,Brassicaceae,외래식물,70,,,보통,8,1:0/2:0/3:1/4:3/5:3/6:0/7:1/8:0/9:0/10:0/11:0/12:0,GBIF관찰+KPNI정명,,,,,,
,갈퀴현호색,갈퀴현호색,Corydalis grandicalyx,,Fumariaceae,자생식물,70,4월,봄,보통,33,1:0/2:0/3:0/4:25/5:7/6:1/7:0/8:0/9:0/10:0/11:0/12:0,GBIF관찰+KPNI정명,,,,,,
,잎새바위솔,잎새바위솔,Orostachys spinosa,,Crassulaceae,자생식물,70,,,보통,12,1:1/2:0/3:0/4:0/5:0/6:1/7:3/8:0/9:4/10:2/11:1/12:0,GBIF관찰+KPNI정명,,,,,,
,병아리풀,병아리풀,Polygala tatarinowii,,Polygalaceae,자생식물,70,9월,가을,보통,40,1:3/2:0/3:0/4:0/5:0/6:0/7:0/8:8/9:25/10:4/11:0/12:0,GBIF관찰+KPNI정명,,,,,,
,바위괭이눈,바위괭이눈,Chrysosplenium macrostemon,,Saxifragaceae,자생식물,69,,,보통,10,1:0/2:0/3:0/4:4/5:4/6:1/7:0/8:1/9:0/10:0/11:0/12:0,GBIF관찰+KPNI정명,,,,,,
,산토끼꽃,산토끼꽃,Dipsacus japonicus,,Dipsacaceae,자생식물,69,,,보통,29,1:2/2:0/3:0/4:5/5:0/6:3/7:1/8:11/9:6/10:1/11:0/12:0,GBIF관찰+KPNI정명,,,,,,
,개사철쑥,개사철쑥,Artemisia caruifolia,,Asteraceae,자생식물,68,,,보통,18,1:0/2:0/3:0/4:0/5:4/6:2/7:3/8:2/9:3/10:2/11:0/12:2,GBIF관찰+KPNI정명,,,,,,
,게박쥐나물,게박쥐나물,Parasenecio adenostyloides,,Asteraceae,자생식물,68,,,보통,11,1:0/2:0/3:0/4:0/5:2/6:0/7:2/8:5/9:2/10:0/11:0/12:0,GBIF관찰+KPNI정명,,,,,,
,자병취,자병취,Saussurea chabyoungsanica,,Asteraceae,자생식물,68,,,보통,6,1:0/2:0/3:0/4:0/5:0/6:0/7:1/8:2/9:2/10:1/11:0/12:0,GBIF관찰+KPNI정명,,,,,,
,자주꿩의비름,자주꿩의비름,Hylotelephium telephium,,Crassulaceae,자생식물,67,,,보통,7,1:0/2:0/3:0/4:0/5:1/6:2/7:2/8:1/9:0/10:1/11:0/12:0,GBIF관찰+KPNI정명,,,,,,
,방울새란,방울새란,Pogonia minor,,Orchidaceae,자생식물,67,,,보통,16,1:0/2:0/3:0/4:1/5:1/6:9/7:0/8:1/9:2/10:2/11:0/12:0,GBIF관찰+KPNI정명,,,,,,
,긴개별꽃,긴개별꽃,Pseudostellaria japonica,,Caryophyllaceae,자생식물,67,,,보통,17,1:0/2:0/3:0/4:4/5:11/6:2/7:0/8:0/9:0/10:0/11:0/12:0,GBIF관찰+KPNI정명,,,,,,
,가는다리장구채,가는다리장구채,Silene jeniseensis,,Caryophyllaceae,자생식물,67,,,보통,1,1:0/2:0/3:1/4:0/5:0/6:0/7:0/8:0/9:0/10:0/11:0/12:0,GBIF관찰+KPNI정명,,,,,,
,월계수,월계수,Laurus nobilis,,Lauraceae,재배식물,66,,,보통,6,1:1/2:1/3:0/4:1/5:0/6:0/7:0/8:0/9:0/10:0/11:2/12:1,GBIF관찰+KPNI정명,,,,,,
,갯대추나무,갯대추나무,Paliurus ramosissimus,,Rhamnaceae,자생식물,66,,,보통,7,1:0/2:0/3:1/4:2/5:2/6:0/7:2/8:0/9:0/10:0/11:0/12:0,GBIF관찰+KPNI정명,,,,,,
,털점나도나물,털점나도나물,Cerastium pauciflorum,,Caryophyllaceae,자생식물,65,,,보통,0,,GBIF관찰+KPNI정명,,,,,,
,갯당근,갯당근,Daucus littoralis,,Apiaceae,자생식물,65,,,보통,13,1:0/2:0/3:0/4:0/5:1/6:9/7:2/8:0/9:0/10:1/11:0/12:0,GBIF관찰+KPNI정명,,,,,,
,곡정초,곡정초,Eriocaulon cinereum,,Eriocaulaceae,자생식물,65,,,보통,7,1:0/2:0/3:0/4:0/5:0/6:0/7:0/8:4/9:2/10:1/11:0/12:0,GBIF관찰+KPNI정명,,,,,,
,능금나무,능금나무,Malus asiatica,,Rosaceae,재배식물,65,,,보통,3,1:0/2:0/3:0/4:2/5:0/6:0/7:1/8:0/9:0/10:0/11:0/12:0,GBIF관찰+KPNI정명,,,,,,
,선인장,선인장,Opuntia ficus-indica,,Cactaceae,재배식물,65,,,보통,26,1:2/2:0/3:1/4:1/5:1/6:7/7:11/8:0/9:2/10:1/11:0/12:0,GBIF관찰+KPNI정명,,,,,,
,진땅고추풀,진땅고추풀,Deinostema violacea,,Scrophulariaceae,자생식물,64,,,보통,13,1:0/2:0/3:0/4:1/5:0/6:1/7:0/8:5/9:5/10:1/11:0/12:0,GBIF관찰+KPNI정명,,,,,,
,좀다닥냉이,좀다닥냉이,Lepidium ruderale,,Brassicaceae,외래식물,64,,,보통,19,1:0/2:0/3:1/4:3/5:2/6:7/7:2/8:3/9:0/10:1/11:0/12:0,GBIF관찰+KPNI정명,,,,,,
,털괴불나무,털괴불나무,Lonicera subhispida,,Caprifoliaceae,자생식물,64,,,보통,26,1:1/2:0/3:0/4:4/5:6/6:9/7:2/8:3/9:0/10:1/11:0/12:0,GBIF관찰+KPNI정명,,,,,,
,당아욱,당아욱,Malva sylvestris,,Malvaceae,재배식물,64,,,보통,23,1:3/2:0/3:1/4:0/5:4/6:3/7:4/8:4/9:2/10:0/11:1/12:1,GBIF관찰+KPNI정명,,,,,,
,검은딸기,검은딸기,Rubus croceacanthus,,Rosaceae,자생식물,64,,,보통,3,1:0/2:0/3:0/4:0/5:0/6:0/7:2/8:0/9:1/10:0/11:0/12:0,GBIF관찰+KPNI정명,,,,,,
,배암나무,배암나무,Viburnum koreanum,,Caprifoliaceae,자생식물,64,,,보통,4,1:0/2:0/3:0/4:1/5:0/6:0/7:1/8:1/9:1/10:0/11:0/12:0,GBIF관찰+KPNI정명,,,,,,
,좀사위질빵,좀사위질빵,Clematis brevicaudata,,Ranunculaceae,자생식물,63,,,보통,7,1:2/2:0/3:1/4:0/5:1/6:0/7:1/8:2/9:0/10:0/11:0/12:0,GBIF관찰+KPNI정명,,,,,,
,갯실새삼,갯실새삼,Cuscuta chinensis,,Convolvulaceae,자생식물,63,,,보통,6,1:0/2:0/3:0/4:0/5:0/6:0/7:2/8:3/9:1/10:0/11:0/12:0,GBIF관찰+KPNI정명,,,,,,
,사국이질풀,사국이질풀,Geranium shikokianum,,Geraniaceae,자생식물,63,,,보통,1,1:0/2:0/3:0/4:0/5:0/6:0/7:0/8:1/9:0/10:0/11:0/12:0,GBIF관찰+KPNI정명,,,,,,
,손바닥난초,손바닥난초,Gymnadenia conopsea,,Orchidaceae,자생식물,63,,,보통,1,1:0/2:0/3:0/4:0/5:0/6:0/7:1/8:0/9:0/10:0/11:0/12:0,GBIF관찰+KPNI정명,,,,,,
109,해바라기,해바라기,Helianthus annuus,,Asteraceae,재배식물,63,7~10월,가을,보통,36,1:0/2:0/3:0/4:1/5:0/6:0/7:8/8:7/9:11/10:7/11:2/12:0,GBIF관찰+KPNI정명,Y,,노랑,밭·경관 화단,하,-
,흑산도비비추,흑산도비비추,Hosta yingeri,,Liliaceae,자생식물,63,,,보통,16,1:0/2:0/3:0/4:1/5:2/6:10/7:1/8:2/9:0/10:0/11:0/12:0,GBIF관찰+KPNI정명,,,,,,
,거지딸기,거지딸기,Rubus sumatranus,,Rosaceae,자생식물,63,,,보통,12,1:1/2:0/3:0/4:1/5:0/6:4/7:0/8:6/9:0/10:0/11:0/12:0,GBIF관찰+KPNI정명,,,,,,
67,등심붓꽃,등심붓꽃,Sisyrinchium rosulatum,,Iridaceae,외래식물,63,,,보통,0,,GBIF관찰+KPNI정명,Y,,보라,잔디밭 (남부),상,-
,가는잎조팝나무,가는잎조팝나무,Spiraea thunbergii,,Rosaceae,재배식물,63,,,보통,16,1:1/2:0/3:0/4:10/5:3/6:0/7:0/8:1/9:0/10:1/11:0/12:0,GBIF관찰+KPNI정명,,,,,,
,우산제비꽃,우산제비꽃,Viola woosanensis,,Violaceae,자생식물,63,,,보통,7,1:0/2:0/3:0/4:3/5:0/6:1/7:1/8:1/9:1/10:0/11:0/12:0,GBIF관찰+KPNI정명,,,,,,
,물싸리,물싸리,Dasiphora fruticosa,,Rosaceae,자생식물,62,,,보통,13,1:0/2:0/3:0/4:0/5:1/6:3/7:7/8:1/9:1/10:0/11:0/12:0,GBIF관찰+KPNI정명,,,,,,
,애기사철란,애기사철란,Goodyera repens,,Orchidaceae,자생식물,62,,,보통,10,1:0/2:0/3:0/4:1/5:0/6:1/7:5/8:2/9:1/10:0/11:0/12:0,GBIF관찰+KPNI정명,,,,,,
,길다닥냉이,길다닥냉이,Lepidium densiflorum,,Brassicaceae,외래식물,62,,,보통,7,1:0/2:0/3:0/4:0/5:5/6:1/7:0/8:0/9:1/10:0/11:0/12:0,GBIF관찰+KPNI정명,,,,,,
,민솜대,민솜대,Maianthemum dahuricum,,Liliaceae,자생식물,62,,,보통,1,1:0/2:0/3:0/4:0/5:0/6:1/7:0/8:0/9:0/10:0/11:0/12:0,GBIF관찰+KPNI정명,,,,,,
,왜미나리아재비,왜미나리아재비,Ranunculus franchetii,,Ranunculaceae,자생식물,62,,,보통,18,1:0/2:0/3:0/4:10/5:7/6:0/7:0/8:1/9:0/10:0/11:0/12:0,GBIF관찰+KPNI정명,,,,,,
,추분취,추분취,Rhynchospermum verticillatum,,Asteraceae,자생식물,62,,,보통,19,1:1/2:0/3:0/4:3/5:1/6:3/7:4/8:1/9:2/10:4/11:0/12:0,GBIF관찰+KPNI정명,,,,,,
,꽃아까시나무,꽃아까시나무,Robinia hispida,,Fabaceae,재배식물,62,,,보통,7,1:0/2:0/3:0/4:0/5:5/6:1/7:1/8:0/9:0/10:0/11:0/12:0,GBIF관찰+KPNI정명,,,,,,
,흰인가목,흰인가목,Rosa koreana,,Rosaceae,자생식물,62,,,보통,4,1:0/2:0/3:0/4:1/5:0/6:3/7:0/8:0/9:0/10:0/11:0/12:0,GBIF관찰+KPNI정명,,,,,,
,세수염마름,세수염마름,Trapella sinensis,,Pedaliaceae,자생식물,62,,,보통,6,1:2/2:0/3:0/4:0/5:0/6:0/7:1/8:3/9:0/10:0/11:0/12:0,GBIF관찰+KPNI정명,,,,,,
,석곡,석곡,Dendrobium moniliforme,,Orchidaceae,자생식물,61,,,보통,1,1:0/2:0/3:0/4:0/5:0/6:0/7:1/8:0/9:0/10:0/11:0/12:0,GBIF관찰+KPNI정명,,,,,,
,개종용,개종용,Lathraea japonica,,Orobanchaceae,자생식물,61,,,보통,1,1:0/2:0/3:0/4:0/5:0/6:1/7:0/8:0/9:0/10:0/11:0/12:0,GBIF관찰+KPNI정명,,,,,,
,섬국수나무,섬국수나무,Spiraea insularis,,Rosaceae,자생식물,61,,,보통,1,1:0/2:0/3:0/4:1/5:0/6:0/7:0/8:0/9:0/10:0/11:0/12:0,GBIF관찰+KPNI정명,,,,,,
,아욱제비꽃,아욱제비꽃,Viola hondoensis,,Violaceae,자생식물,60,,,보통,4,1:0/2:0/3:0/4:1/5:3/6:0/7:0/8:0/9:0/10:0/11:0/12:0,GBIF관찰+KPNI정명,,,,,,
,서양메꽃,서양메꽃,Convolvulus arvensis,,Convolvulaceae,외래식물,59,,,보통,13,1:0/2:0/3:0/4:1/5:3/6:2/7:4/8:0/9:1/10:2/11:0/12:0,GBIF관찰+KPNI정명,,,,,,
,세열유럽쥐손이,세열유럽쥐손이,Erodium cicutarium,,Geraniaceae,외래식물,59,,,보통,8,1:0/2:0/3:0/4:4/5:1/6:2/7:1/8:0/9:0/10:0/11:0/12:0,GBIF관찰+KPNI정명,,,,,,
,불란서국화,불란서국화,Leucanthemum vulgare,,Asteraceae,재배식물,59,,,보통,26,1:0/2:0/3:0/4:0/5:13/6:9/7:2/8:0/9:2/10:0/11:0/12:0,GBIF관찰+KPNI정명,,,,,,
,미국담쟁이덩굴,미국담쟁이덩굴,Parthenocissus quinquefolia,,Vitaceae,재배식물,59,5~10월,여름,보통,38,1:0/2:0/3:0/4:2/5:7/6:9/7:5/8:5/9:5/10:4/11:1/12:0,GBIF관찰+KPNI정명,,,,,,
,풀협죽도,풀협죽도,Phlox paniculata,,Polemoniaceae,재배식물,59,,,보통,21,1:0/2:0/3:0/4:2/5:0/6:4/7:8/8:3/9:4/10:0/11:0/12:0,GBIF관찰+KPNI정명,,,,,,
,바위미나리아재비,바위미나리아재비,Ranunculus crucilobus,,Ranunculaceae,자생식물,59,,,보통,1,1:0/2:0/3:0/4:0/5:1/6:0/7:0/8:0/9:0/10:0/11:0/12:0,GBIF관찰+KPNI정명,,,,,,
,한국앉은부채,한국앉은부채,Symplocarpus koreanus,,Araceae,자생식물,59,,,보통,5,1:0/2:0/3:1/4:4/5:0/6:0/7:0/8:0/9:0/10:0/11:0/12:0,GBIF관찰+KPNI정명,,,,,,
,파,파,Allium fistulosum,,Liliaceae,재배식물,58,,,보통,14,1:2/2:0/3:0/4:0/5:3/6:6/7:0/8:0/9:3/10:0/11:0/12:0,GBIF관찰+KPNI정명,,,,,,
,비로용담,비로용담,Gentiana jamesii,,Gentianaceae,자생식물,58,,,보통,3,1:0/2:0/3:0/4:1/5:0/6:0/7:2/8:0/9:0/10:0/11:0/12:0,GBIF관찰+KPNI정명,,,,,,
,아마,아마,Linum usitatissimum,,Linaceae,재배식물,58,,,보통,12,1:0/2:0/3:0/4:0/5:0/6:1/7:0/8:2/9:9/10:0/11:0/12:0,GBIF관찰+KPNI정명,,,,,,
,애기기린초,애기기린초,Phedimus middendorffianus,,Crassulaceae,자생식물,58,,,보통,10,1:0/2:0/3:0/4:0/5:4/6:2/7:1/8:2/9:1/10:0/11:0/12:0,GBIF관찰+KPNI정명,,,,,,
,흑오미자,흑오미자,Schisandra repanda,,Schisandraceae,자생식물,58,,,보통,2,1:0/2:0/3:2/4:0/5:0/6:0/7:0/8:0/9:0/10:0/11:0/12:0,GBIF관찰+KPNI정명,,,,,,
,국화방망이,국화방망이,Tephroseris koreana,,Asteraceae,자생식물,58,,,보통,5,1:1/2:0/3:0/4:0/5:1/6:2/7:0/8:0/9:1/10:0/11:0/12:0,GBIF관찰+KPNI정명,,,,,,
,강화황기,강화황기,Astragalus sikokianus,,Fabaceae,자생식물,57,,,보통,15,1:0/2:0/3:0/4:1/5:1/6:9/7:1/8:0/9:1/10:2/11:0/12:0,GBIF관찰+KPNI정명,,,,,,
,송양나무,송양나무,Ehretia acuminata,,Boraginaceae,자생식물,57,,,보통,0,,GBIF관찰+KPNI정명,,,,,,
,좀향유,좀향유,Elsholtzia minima,,Lamiaceae,자생식물,57,,,보통,3,1:1/2:0/3:0/4:0/5:1/6:0/7:0/8:0/9:1/10:0/11:0/12:0,GBIF관찰+KPNI정명,,,,,,
,이삭귀개,이삭귀개,Utricularia caerulea,,Lentibulariaceae,자생식물,57,,,보통,18,1:1/2:0/3:0/4:1/5:0/6:0/7:1/8:6/9:5/10:4/11:0/12:0,GBIF관찰+KPNI정명,,,,,,
,해녀콩,해녀콩,Canavalia lineata,,Fabaceae,자생식물,56,,,보통,18,1:3/2:0/3:0/4:2/5:0/6:2/7:5/8:1/9:1/10:3/11:1/12:0,GBIF관찰+KPNI정명,,,,,,
,큰바늘꽃,큰바늘꽃,Epilobium hirsutum,,Onagraceae,자생식물,56,,,보통,2,1:0/2:0/3:0/4:0/5:0/6:0/7:1/8:1/9:0/10:0/11:0/12:0,GBIF관찰+KPNI정명,,,,,,
,둥근잎꿩의비름,둥근잎꿩의비름,Hylotelephium ussuriense,,Crassulaceae,자생식물,56,,,보통,24,1:1/2:0/3:0/4:7/5:1/6:0/7:2/8:2/9:2/10:9/11:0/12:0,GBIF관찰+KPNI정명,,,,,,
,자주비수리,자주비수리,Lespedeza lichiyuniae,,Fabaceae,외래식물,56,,,보통,17,1:0/2:0/3:0/4:0/5:0/6:1/7:0/8:0/9:11/10:5/11:0/12:0,GBIF관찰+KPNI정명,,,,,,
,좀양귀비,좀양귀비,Papaver dubium,,Papaveraceae,외래식물,56,,,보통,5,1:0/2:0/3:0/4:1/5:2/6:1/7:1/8:0/9:0/10:0/11:0/12:0,GBIF관찰+KPNI정명,,,,,,
,긴잎단풍딸기,긴잎단풍딸기,Rubus palmatus,,Rosaceae,자생식물,56,,,보통,5,1:1/2:0/3:0/4:0/5:2/6:0/7:1/8:1/9:0/10:0/11:0/12:0,GBIF관찰+KPNI정명,,,,,,
,제주산버들,제주산버들,Salix blinii,,Salicaceae,자생식물,56,,,보통,1,1:0/2:0/3:0/4:1/5:0/6:0/7:0/8:0/9:0/10:0/11:0/12:0,GBIF관찰+KPNI정명,,,,,,
,죽절초,죽절초,Sarcandra glabra,,Chloranthaceae,자생식물,56,,,보통,1,1:1/2:0/3:0/4:0/5:0/6:0/7:0/8:0/9:0/10:0/11:0/12:0,GBIF관찰+KPNI정명,,,,,,
,털까마중,털까마중,Solanum sarrachoides,,Solanaceae,외래식물,56,10월,가을,보통,36,1:0/2:0/3:0/4:0/5:1/6:0/7:0/8:2/9:6/10:22/11:5/12:0,GBIF관찰+KPNI정명,,,,,,
,꽃꿩의다리,꽃꿩의다리,Thalictrum petaloideum,,Ranunculaceae,자생식물,56,,,보통,9,1:0/2:0/3:3/4:2/5:4/6:0/7:0/8:0/9:0/10:0/11:0/12:0,GBIF관찰+KPNI정명,,,,,,
,산마늘,산마늘,Allium microdictyon,,Liliaceae,자생식물,55,,,보통,21,1:1/2:0/3:1/4:7/5:4/6:2/7:4/8:1/9:1/10:0/11:0/12:0,GBIF관찰+KPNI정명,,,,,,
,일본매자나무,일본매자나무,Berberis thunbergii,,Berberidaceae,재배식물,55,4~5월,봄,보통,30,1:0/2:0/3:0/4:13/5:6/6:4/7:0/8:1/9:1/10:2/11:2/12:1,GBIF관찰+KPNI정명,,,,,,
,푸른마,푸른마,Dioscorea coreana,,Dioscoreaceae,자생식물,55,,,보통,17,1:0/2:0/3:0/4:3/5:6/6:3/7:1/8:1/9:1/10:2/11:0/12:0,GBIF관찰+KPNI정명,,,,,,
,곽향,곽향,Teucrium veronicoides,,Lamiaceae,자생식물,55,,,보통,13,1:0/2:0/3:0/4:0/5:1/6:0/7:8/8:3/9:0/10:1/11:0/12:0,GBIF관찰+KPNI정명,,,,,,
,개꽃아재비,개꽃아재비,Anthemis cotula,,Asteraceae,외래식물,54,,,보통,5,1:0/2:0/3:0/4:0/5:0/6:1/7:2/8:0/9:2/10:0/11:0/12:0,GBIF관찰+KPNI정명,,,,,,
,섬시호,섬시호,Bupleurum latissimum,,Apiaceae,자생식물,54,,,보통,0,,GBIF관찰+KPNI정명,,,,,,
,물엉겅퀴,물엉겅퀴,Cirsium nipponicum,,Asteraceae,자생식물,54,,,보통,11,1:0/2:0/3:0/4:0/5:1/6:1/7:3/8:3/9:0/10:3/11:0/12:0,GBIF관찰+KPNI정명,,,,,,
,좀어리연꽃,좀어리연꽃,Nymphoides coreana,,Menyanthaceae,자생식물,54,,,보통,7,1:0/2:0/3:0/4:1/5:0/6:2/7:0/8:0/9:4/10:0/11:0/12:0,GBIF관찰+KPNI정명,,,,,,
,나도잠자리란,나도잠자리란,Platanthera ussuriensis,,Orchidaceae,자생식물,54,,,보통,7,1:0/2:0/3:0/4:0/5:1/6:1/7:2/8:3/9:0/10:0/11:0/12:0,GBIF관찰+KPNI정명,,,,,,
,좀양지꽃,좀양지꽃,Potentilla matsumurae,,Rosaceae,자생식물,54,,,보통,3,1:0/2:0/3:0/4:0/5:1/6:1/7:0/8:0/9:1/10:0/11:0/12:0,GBIF관찰+KPNI정명,,,,,,
,방풍,방풍,Saposhnikovia divaricata,,Apiaceae,자생식물,54,,,보통,13,1:0/2:0/3:3/4:3/5:2/6:4/7:1/8:0/9:0/10:0/11:0/12:0,GBIF관찰+KPNI정명,,,,,,
,금강분취,금강분취,Saussurea diamantiaca,,Asteraceae,자생식물,54,,,보통,2,1:0/2:0/3:0/4:0/5:0/6:0/7:0/8:2/9:0/10:0/11:0/12:0,GBIF관찰+KPNI정명,,,,,,
,양구슬냉이,양구슬냉이,Camelina sativa,,Brassicaceae,외래식물,53,,,보통,2,1:0/2:0/3:0/4:0/5:1/6:1/7:0/8:0/9:0/10:0/11:0/12:0,GBIF관찰+KPNI정명,,,,,,
,영춘화,영춘화,Jasminum nudiflorum,,Oleaceae,재배식물,53,3~4월,봄,보통,42,1:1/2:5/3:23/4:9/5:1/6:0/7:1/8:0/9:2/10:0/11:0/12:0,GBIF관찰+KPNI정명,,,,,,
,청비수리,청비수리,Lespedeza inschanica,,Fabaceae,자생식물,53,,,보통,21,1:2/2:0/3:0/4:0/5:5/6:4/7:1/8:3/9:5/10:1/11:0/12:0,GBIF관찰+KPNI정명,,,,,,
,담배,담배,Nicotiana tabacum,,Solanaceae,재배식물,53,,,보통,4,1:0/2:0/3:0/4:0/5:0/6:0/7:1/8:2/9:0/10:0/11:1/12:0,GBIF관찰+KPNI정명,,,,,,
,통달목,통달목,Tetrapanax papyrifer,,Araliaceae,재배식물,53,7월,여름,보통,31,1:3/2:2/3:2/4:2/5:5/6:2/7:7/8:2/9:1/10:3/11:1/12:1,GBIF관찰+KPNI정명,,,,,,
,석창포,석창포,Acorus gramineus,,Araceae,자생식물,52,8월,여름,보통,41,1:0/2:3/3:8/4:5/5:3/6:3/7:3/8:11/9:2/10:1/11:2/12:0,GBIF관찰+KPNI정명,,,,,,
,수박,수박,Citrullus lanatus,,Cucurbitaceae,재배식물,52,,,보통,10,1:0/2:0/3:0/4:0/5:0/6:2/7:3/8:2/9:2/10:1/11:0/12:0,GBIF관찰+KPNI정명,,,,,,
,둥근말발도리,둥근말발도리,Deutzia scabra,,Saxifragaceae,재배식물,52,,,보통,5,1:0/2:0/3:0/4:0/5:2/6:2/7:0/8:0/9:1/10:0/11:0/12:0,GBIF관찰+KPNI정명,,,,,,
,냇씀바귀,냇씀바귀,Ixeris tamagawaensis,,Asteraceae,자생식물,52,,,보통,18,1:4/2:0/3:0/4:2/5:6/6:0/7:1/8:4/9:0/10:1/11:0/12:0,GBIF관찰+KPNI정명,,,,,,
,서양오엽딸기,서양오엽딸기,Rubus fruticosus,,Rosaceae,재배식물,52,5~6월,여름,보통,31,1:0/2:0/3:0/4:1/5:6/6:9/7:3/8:0/9:9/10:3/11:0/12:0,GBIF관찰+KPNI정명,,,,,,
,곤달비,곤달비,Ligularia stenocephala,,Asteraceae,자생식물,51,,,보통,22,1:1/2:0/3:1/4:6/5:2/6:4/7:2/8:2/9:2/10:2/11:0/12:0,GBIF관찰+KPNI정명,,,,,,
,산진달래,산진달래,Rhododendron dauricum,,Ericaceae,자생식물,51,,,보통,1,1:0/2:0/3:0/4:0/5:0/6:0/7:1/8:0/9:0/10:0/11:0/12:0,GBIF관찰+KPNI정명,,,,,,
,거문딸기,거문딸기,Rubus trifidus,,Rosaceae,자생식물,51,,,보통,6,1:0/2:0/3:1/4:2/5:0/6:0/7:1/8:0/9:1/10:1/11:0/12:0,GBIF관찰+KPNI정명,,,,,,
,꼭지연잎꿩의다리,꼭지연잎꿩의다리,Thalictrum ichangense,,Ranunculaceae,자생식물,51,,,보통,22,1:0/2:0/3:0/4:0/5:9/6:7/7:2/8:3/9:1/10:0/11:0/12:0,GBIF관찰+KPNI정명,,,,,,
,왜졸방제비꽃,왜졸방제비꽃,Viola sacchalinensis,,Violaceae,자생식물,51,,,보통,3,1:0/2:0/3:1/4:0/5:1/6:0/7:0/8:1/9:0/10:0/11:0/12:0,GBIF관찰+KPNI정명,,,,,,
,실제비쑥,실제비쑥,Artemisia angustissima,,Asteraceae,자생식물,50,,,보통,16,1:6/2:0/3:0/4:0/5:0/6:0/7:1/8:6/9:2/10:1/11:0/12:0,GBIF관찰+KPNI정명,,,,,,
,서향,서향,Daphne odora,,Thymelaeaceae,재배식물,50,,,보통,26,1:3/2:3/3:3/4:3/5:7/6:0/7:0/8:0/9:2/10:2/11:2/12:1,GBIF관찰+KPNI정명,,,,,,
,제주피막이,제주피막이,Hydrocotyle yabei,,Apiaceae,자생식물,50,,,보통,20,1:1/2:0/3:0/4:8/5:1/6:3/7:4/8:0/9:2/10:1/11:0/12:0,GBIF관찰+KPNI정명,,,,,,
,반디미나리,반디미나리,Pternopetalum tanakae,,Apiaceae,자생식물,50,,,보통,4,1:0/2:0/3:1/4:1/5:2/6:0/7:0/8:0/9:0/10:0/11:0/12:0,GBIF관찰+KPNI정명,,,,,,
,가지,가지,Solanum melongena,,Solanaceae,재배식물,50,,,보통,16,1:0/2:0/3:0/4:0/5:0/6:2/7:4/8:1/9:3/10:6/11:0/12:0,GBIF관찰+KPNI정명,,,,,,
,백부자,백부자,Aconitum coreanum,,Ranunculaceae,자생식물,49,,,보통,5,1:0/2:0/3:0/4:0/5:0/6:0/7:0/8:0/9:1/10:4/11:0/12:0,GBIF관찰+KPNI정명,,,,,,
,두메잔대,두메잔대,Adenophora lamarckii,,Campanulaceae,자생식물,49,,,보통,3,1:0/2:0/3:0/4:0/5:0/6:0/7:1/8:2/9:0/10:0/11:0/12:0,GBIF관찰+KPNI정명,,,,,,
,등골나물아재비,등골나물아재비,Ageratum conyzoides,,Asteraceae,외래식물,49,,,보통,2,1:0/2:0/3:0/4:0/5:0/6:0/7:0/8:0/9:1/10:0/11:1/12:0,GBIF관찰+KPNI정명,,,,,,
,황해쑥,황해쑥,Artemisia argyi,,Asteraceae,자생식물,49,,,보통,15,1:3/2:0/3:0/4:0/5:5/6:0/7:2/8:2/9:2/10:1/11:0/12:0,GBIF관찰+KPNI정명,,,,,,
,풍선덩굴,풍선덩굴,Cardiospermum halicacabum,,Sapindaceae,재배식물,49,,,보통,29,1:0/2:0/3:1/4:0/5:0/6:4/7:1/8:6/9:11/10:5/11:1/12:0,GBIF관찰+KPNI정명,,,,,,
,흰현호색,흰현호색,Corydalis albipetala,,Fumariaceae,자생식물,49,3~4월,봄,보통,44,1:1/2:0/3:29/4:12/5:1/6:0/7:0/8:1/9:0/10:0/11:0/12:0,GBIF관찰+KPNI정명,,,,,,
,모래냉이,모래냉이,Diplotaxis muralis,,Brassicaceae,외래식물,49,,,보통,1,1:0/2:0/3:0/4:0/5:0/6:1/7:0/8:0/9:0/10:0/11:0/12:0,GBIF관찰+KPNI정명,,,,,,
,산이질풀,산이질풀,Geranium nepalense,,Geraniaceae,자생식물,49,,,보통,22,1:1/2:0/3:0/4:1/5:0/6:0/7:1/8:4/9:6/10:9/11:0/12:0,GBIF관찰+KPNI정명,,,,,,
,버들쥐똥나무,버들쥐똥나무,Ligustrum salicinum,,Oleaceae,자생식물,49,,,보통,4,1:0/2:0/3:0/4:3/5:0/6:1/7:0/8:0/9:0/10:0/11:0/12:0,GBIF관찰+KPNI정명,,,,,,
,덤불취,덤불취,Saussurea manshurica,,Asteraceae,자생식물,49,,,보통,1,1:0/2:0/3:0/4:0/5:0/6:0/7:0/8:0/9:1/10:0/11:0/12:0,GBIF관찰+KPNI정명,,,,,,
,가시연꽃,가시연꽃,Euryale ferox,,Nymphaeaceae,자생식물,48,,,보통,5,1:0/2:0/3:0/4:0/5:0/6:0/7:5/8:0/9:0/10:0/11:0/12:0,GBIF관찰+KPNI정명,,,,,,
,원지,원지,Polygala tenuifolia,,Polygalaceae,자생식물,48,,,보통,2,1:0/2:0/3:0/4:0/5:1/6:0/7:0/8:1/9:0/10:0/11:0/12:0,GBIF관찰+KPNI정명,,,,,,
,노랑만병초,노랑만병초,Rhododendron aureum,,Ericaceae,자생식물,48,,,보통,1,1:0/2:0/3:0/4:0/5:0/6:1/7:0/8:0/9:0/10:0/11:0/12:0,GBIF관찰+KPNI정명,,,,,,
,왕제비꽃,왕제비꽃,Viola websteri,,Violaceae,자생식물,48,,,보통,0,,GBIF관찰+KPNI정명,,,,,,
,왜방풍,왜방풍,Aegopodium alpestre,,Apiaceae,자생식물,47,,,보통,10,1:0/2:0/3:1/4:0/5:1/6:2/7:2/8:2/9:2/10:0/11:0/12:0,GBIF관찰+KPNI정명,,,,,,
,마늘,마늘,Allium sativum,,Liliaceae,재배식물,47,,,보통,2,1:0/2:0/3:0/4:1/5:0/6:0/7:0/8:0/9:1/10:0/11:0/12:0,GBIF관찰+KPNI정명,,,,,,
,울릉산마늘,울릉산마늘,Allium ulleungense,,Liliaceae,자생식물,47,,,보통,1,1:0/2:0/3:0/4:0/5:0/6:0/7:1/8:0/9:0/10:0/11:0/12:0,GBIF관찰+KPNI정명,,,,,,
,민쑥부쟁이,민쑥부쟁이,Aster mongolicus,,Asteraceae,자생식물,47,,,보통,28,1:2/2:0/3:0/4:0/5:0/6:0/7:0/8:2/9:22/10:1/11:1/12:0,GBIF관찰+KPNI정명,,,,,,
,서양갯냉이,서양갯냉이,Cakile edentula,,Brassicaceae,외래식물,47,,,보통,15,1:0/2:0/3:0/4:0/5:1/6:11/7:3/8:0/9:0/10:0/11:0/12:0,GBIF관찰+KPNI정명,,,,,,
,꼬마은난초,꼬마은난초,Cephalanthera subaphylla,,Orchidaceae,자생식물,47,,,보통,24,1:0/2:0/3:0/4:14/5:6/6:3/7:1/8:0/9:0/10:0/11:0/12:0,GBIF관찰+KPNI정명,,,,,,
,진주고추나물,진주고추나물,Hypericum oliganthum,,Clusiaceae,자생식물,47,,,보통,9,1:0/2:0/3:0/4:0/5:0/6:0/7:2/8:4/9:1/10:2/11:0/12:0,GBIF관찰+KPNI정명,,,,,,
,긴미꾸리낚시,긴미꾸리낚시,Persicaria hastatosagittata,,Polygonaceae,자생식물,47,,,보통,11,1:1/2:0/3:0/4:3/5:0/6:0/7:4/8:3/9:0/10:0/11:0/12:0,GBIF관찰+KPNI정명,,,,,,
,갈매기난초,갈매기난초,Platanthera japonica,,Orchidaceae,자생식물,47,,,보통,16,1:0/2:0/3:0/4:4/5:1/6:8/7:2/8:0/9:0/10:1/11:0/12:0,GBIF관찰+KPNI정명,,,,,,
,하늘산제비란,하늘산제비란,Platanthera neglecta,,Orchidaceae,자생식물,47,5월,봄,보통,31,1:0/2:0/3:0/4:3/5:18/6:6/7:4/8:0/9:0/10:0/11:0/12:0,GBIF관찰+KPNI정명,,,,,,
,개대황,개대황,Rumex longifolius,,Polygonaceae,자생식물,47,,,보통,6,1:0/2:0/3:2/4:1/5:1/6:2/7:0/8:0/9:0/10:0/11:0/12:0,GBIF관찰+KPNI정명,,,,,,
,가는끈끈이장구채,가는끈끈이장구채,Silene antirrhina,,Caryophyllaceae,외래식물,47,,,보통,8,1:0/2:0/3:0/4:1/5:6/6:1/7:0/8:0/9:0/10:0/11:0/12:0,GBIF관찰+KPNI정명,,,,,,
,묏장대,묏장대,Arabidopsis lyrata,,Brassicaceae,자생식물,46,,,보통,10,1:0/2:0/3:0/4:2/5:5/6:1/7:1/8:0/9:1/10:0/11:0/12:0,GBIF관찰+KPNI정명,,,,,,
,개병풍,개병풍,Astilboides tabularis,,Saxifragaceae,자생식물,46,,,보통,13,1:0/2:0/3:0/4:0/5:11/6:0/7:2/8:0/9:0/10:0/11:0/12:0,GBIF관찰+KPNI정명,,,,,,
,계수나무,계수나무,Cercidiphyllum japonicum,,Cercidiphyllaceae,재배식물,46,,,보통,15,1:0/2:0/3:2/4:2/5:4/6:2/7:2/8:0/9:0/10:3/11:0/12:0,GBIF관찰+KPNI정명,,,,,,
,미국풀솜나물,미국풀솜나물,Gamochaeta pensylvanica,,Asteraceae,외래식물,46,,,보통,10,1:1/2:0/3:0/4:0/5:1/6:2/7:0/8:0/9:0/10:2/11:4/12:0,GBIF관찰+KPNI정명,,,,,,
,큰고추풀,큰고추풀,Gratiola japonica,,Scrophulariaceae,자생식물,46,,,보통,6,1:0/2:0/3:0/4:0/5:0/6:1/7:0/8:1/9:3/10:1/11:0/12:0,GBIF관찰+KPNI정명,,,,,,
,부채붓꽃,부채붓꽃,Iris setosa,,Iridaceae,자생식물,46,,,보통,16,1:0/2:0/3:0/4:1/5:11/6:1/7:1/8:1/9:1/10:0/11:0/12:0,GBIF관찰+KPNI정명,,,,,,
,키큰산국,키큰산국,Leucanthemella linearis,,Asteraceae,자생식물,46,,,보통,6,1:0/2:0/3:0/4:0/5:1/6:0/7:0/8:0/9:1/10:4/11:0/12:0,GBIF관찰+KPNI정명,,,,,,
,초령목,초령목,Magnolia compressa,,Magnoliaceae,자생식물,46,,,보통,0,,GBIF관찰+KPNI정명,,,,,,
,가는개여뀌,가는개여뀌,Persicaria trigonocarpa,,Polygonaceae,자생식물,46,,,보통,9,1:3/2:0/3:0/4:0/5:0/6:0/7:0/8:1/9:5/10:0/11:0/12:0,GBIF관찰+KPNI정명,,,,,,
,왕도깨비가지,왕도깨비가지,Solanum viarum,,Solanaceae,외래식물,46,,,보통,18,1:2/2:1/3:0/4:0/5:0/6:0/7:0/8:2/9:0/10:8/11:4/12:1,GBIF관찰+KPNI정명,,,,,,
,실부추,실부추,Allium anisopodium,,Liliaceae,자생식물,45,,,보통,10,1:1/2:0/3:0/4:1/5:0/6:0/7:5/8:0/9:1/10:0/11:2/12:0,GBIF관찰+KPNI정명,,,,,,
,시호,시호,Bupleurum komarovianum,,Apiaceae,자생식물,45,,,보통,15,1:0/2:0/3:0/4:0/5:1/6:0/7:1/8:4/9:5/10:4/11:0/12:0,GBIF관찰+KPNI정명,,,,,,
,수정목,수정목,Damnacanthus major,,Rubiaceae,자생식물,45,,,보통,4,1:0/2:0/3:0/4:1/5:1/6:1/7:0/8:0/9:0/10:1/11:0/12:0,GBIF관찰+KPNI정명,,,,,,
,물앵도나무,물앵도나무,Lonicera ruprechtiana,,Caprifoliaceae,자생식물,45,,,보통,0,,GBIF관찰+KPNI정명,,,,,,
,노랑개자리,노랑개자리,Medicago ruthenica,,Fabaceae,자생식물,45,,,보통,7,1:3/2:0/3:0/4:0/5:0/6:2/7:0/8:1/9:1/10:0/11:0/12:0,GBIF관찰+KPNI정명,,,,,,
,겨이삭여뀌,겨이삭여뀌,Persicaria taquetii,,Polygonaceae,자생식물,45,,,보통,3,1:0/2:0/3:0/4:0/5:1/6:0/7:0/8:2/9:0/10:0/11:0/12:0,GBIF관찰+KPNI정명,,,,,,
,여우꼬리풀,여우꼬리풀,Aletris glabra,,Liliaceae,자생식물,44,,,보통,0,,GBIF관찰+KPNI정명,,,,,,
,둥근잎택사,둥근잎택사,Caldesia parnassifolia,,Alismataceae,자생식물,44,,,보통,12,1:0/2:0/3:0/4:1/5:0/6:2/7:2/8:3/9:3/10:1/11:0/12:0,GBIF관찰+KPNI정명,,,,,,
,큰개수염,큰개수염,Eriocaulon taquetii,,Eriocaulaceae,자생식물,44,,,보통,12,1:1/2:0/3:0/4:1/5:0/6:2/7:0/8:0/9:4/10:4/11:0/12:0,GBIF관찰+KPNI정명,,,,,,
,눈여뀌바늘,눈여뀌바늘,Ludwigia ovalis,,Onagraceae,자생식물,44,,,보통,12,1:0/2:0/3:0/4:1/5:0/6:4/7:3/8:2/9:1/10:1/11:0/12:0,GBIF관찰+KPNI정명,,,,,,
,가새잎개갓냉이,가새잎개갓냉이,Rorippa sylvestris,,Brassicaceae,외래식물,44,,,보통,20,1:0/2:0/3:1/4:3/5:2/6:3/7:1/8:2/9:4/10:4/11:0/12:0,GBIF관찰+KPNI정명,,,,,,
,주걱댕강나무,주걱댕강나무,Diabelia spathulata,,Caprifoliaceae,자생식물,43,,,보통,7,1:0/2:0/3:0/4:7/5:0/6:0/7:0/8:0/9:0/10:0/11:0/12:0,GBIF관찰+KPNI정명,,,,,,
,서양무아재비,서양무아재비,Raphanus raphanistrum,,Brassicaceae,외래식물,43,,,보통,10,1:1/2:0/3:3/4:3/5:2/6:0/7:1/8:0/9:0/10:0/11:0/12:0,GBIF관찰+KPNI정명,,,,,,
,솜아마존,솜아마존,Vincetoxicum amplexicaule,,Apocynaceae,자생식물,43,,,보통,2,1:0/2:0/3:0/4:0/5:0/6:2/7:0/8:0/9:0/10:0/11:0/12:0,GBIF관찰+KPNI정명,,,,,,
,울릉제비꽃,울릉제비꽃,Viola ulleungdoensis,,Violaceae,자생식물,43,,,보통,2,1:0/2:0/3:0/4:2/5:0/6:0/7:0/8:0/9:0/10:0/11:0/12:0,GBIF관찰+KPNI정명,,,,,,
,흰꽃나도사프란,흰꽃나도사프란,Zephyranthes candida,,Amaryllidaceae,재배식물,43,,,보통,23,1:1/2:0/3:0/4:1/5:0/6:0/7:4/8:1/9:8/10:8/11:0/12:0,GBIF관찰+KPNI정명,,,,,,
,뿔냉이,뿔냉이,Chorispora tenella,,Brassicaceae,외래식물,42,,,보통,10,1:0/2:0/3:1/4:3/5:2/6:4/7:0/8:0/9:0/10:0/11:0/12:0,GBIF관찰+KPNI정명,,,,,,
,선주름잎,선주름잎,Mazus stachydifolius,,Scrophulariaceae,자생식물,42,,,보통,18,1:0/2:0/3:0/4:2/5:3/6:2/7:3/8:4/9:2/10:1/11:1/12:0,GBIF관찰+KPNI정명,,,,,,
,제주큰옥매듭풀,제주큰옥매듭풀,Polygonum fusco-ochreatum,,Polygonaceae,자생식물,42,,,보통,19,1:1/2:0/3:0/4:1/5:2/6:1/7:2/8:4/9:2/10:6/11:0/12:0,GBIF관찰+KPNI정명,,,,,,
,가는등갈퀴,가는등갈퀴,Vicia tenuifolia,,Fabaceae,자생식물,42,,,보통,5,1:0/2:0/3:0/4:1/5:0/6:2/7:2/8:0/9:0/10:0/11:0/12:0,GBIF관찰+KPNI정명,,,,,,
,제비고깔,제비고깔,Delphinium grandiflorum,,Ranunculaceae,자생식물,41,,,보통,0,,GBIF관찰+KPNI정명,,,,,,
,노랑개아마,노랑개아마,Linum virginianum,,Linaceae,외래식물,41,,,보통,1,1:0/2:0/3:0/4:0/5:0/6:0/7:1/8:0/9:0/10:0/11:0/12:0,GBIF관찰+KPNI정명,,,,,,
,홍도까치수염,홍도까치수염,Lysimachia pentapetala,,Primulaceae,자생식물,41,,,보통,10,1:0/2:0/3:0/4:0/5:0/6:0/7:2/8:4/9:2/10:2/11:0/12:0,GBIF관찰+KPNI정명,,,,,,
,가는바디,가는바디,Ostericum maximowiczii,,Apiaceae,자생식물,41,,,보통,2,1:0/2:0/3:0/4:0/5:0/6:0/7:1/8:0/9:1/10:0/11:0/12:0,GBIF관찰+KPNI정명,,,,,,
,애기담배풀,애기담배풀,Carpesium rosulatum,,Asteraceae,자생식물,40,,,보통,9,1:0/2:0/3:0/4:1/5:0/6:1/7:2/8:4/9:0/10:1/11:0/12:0,GBIF관찰+KPNI정명,,,,,,
,버들바늘꽃,버들바늘꽃,Epilobium palustre,,Onagraceae,자생식물,40,,,보통,1,1:0/2:0/3:0/4:0/5:0/6:0/7:0/8:1/9:0/10:0/11:0/12:0,GBIF관찰+KPNI정명,,,,,,
,긴뚝갈,긴뚝갈,Patrinia monandra,,Valerianaceae,자생식물,40,,,보통,28,1:0/2:0/3:0/4:0/5:0/6:0/7:0/8:11/9:11/10:6/11:0/12:0,GBIF관찰+KPNI정명,,,,,,
,거제딸기,거제딸기,Rubus tozawae,,Rosaceae,자생식물,40,,,보통,2,1:0/2:0/3:0/4:0/5:0/6:1/7:0/8:0/9:0/10:0/11:1/12:0,GBIF관찰+KPNI정명,,,,,,
,비너스도라지,비너스도라지,Triodanis perfoliata,,Campanulaceae,외래식물,40,,,보통,4,1:0/2:0/3:0/4:0/5:3/6:1/7:0/8:0/9:0/10:0/11:0/12:0,GBIF관찰+KPNI정명,,,,,,
,함경나비나물,함경나비나물,Vicia ohwiana,,Fabaceae,자생식물,40,,,보통,1,1:0/2:0/3:0/4:0/5:1/6:0/7:0/8:0/9:0/10:0/11:0/12:0,GBIF관찰+KPNI정명,,,,,,
,쑥부지깽이,쑥부지깽이,Erysimum cheiranthoides,,Brassicaceae,자생식물,39,,,보통,11,1:0/2:0/3:1/4:3/5:6/6:0/7:0/8:0/9:1/10:0/11:0/12:0,GBIF관찰+KPNI정명,,,,,,
,큰옥매듭풀,큰옥매듭풀,Polygonum bellardii,,Polygonaceae,자생식물,39,,,보통,0,,GBIF관찰+KPNI정명,,,,,,
,유럽미나리아재비,유럽미나리아재비,Ranunculus muricatus,,Ranunculaceae,외래식물,39,,,보통,1,1:0/2:0/3:0/4:1/5:0/6:0/7:0/8:0/9:0/10:0/11:0/12:0,GBIF관찰+KPNI정명,,,,,,
,분홍장구채,분홍장구채,Silene capitata,,Caryophyllaceae,자생식물,39,,,보통,2,1:0/2:0/3:0/4:0/5:1/6:0/7:0/8:0/9:1/10:0/11:0/12:0,GBIF관찰+KPNI정명,,,,,,
,끈적털갯개미자리,끈적털갯개미자리,Spergularia bocconei,,Caryophyllaceae,외래식물,39,,,보통,6,1:0/2:0/3:0/4:0/5:1/6:3/7:2/8:0/9:0/10:0/11:0/12:0,GBIF관찰+KPNI정명,,,,,,
,들통발,들통발,Utricularia aurea,,Lentibulariaceae,자생식물,39,,,보통,3,1:0/2:0/3:0/4:0/5:0/6:1/7:0/8:1/9:0/10:1/11:0/12:0,GBIF관찰+KPNI정명,,,,,,
168,버들마편초,버들마편초,Verbena bonariensis,,Verbenaceae,외래식물,39,,,보통,25,1:0/2:1/3:0/4:0/5:0/6:4/7:6/8:0/9:7/10:6/11:1/12:0,GBIF관찰+KPNI정명,Y,,보라,화단·경관 초지,중,버베나
,줄바꽃,줄바꽃,Aconitum alboviolaceum,,Ranunculaceae,자생식물,38,,,보통,1,1:0/2:0/3:0/4:0/5:0/6:0/7:0/8:0/9:0/10:1/11:0/12:0,GBIF관찰+KPNI정명,,,,,,
,산흰쑥,산흰쑥,Artemisia sieversiana,,Asteraceae,자생식물,38,,,보통,13,1:0/2:0/3:0/4:0/5:10/6:0/7:1/8:0/9:2/10:0/11:0/12:0,GBIF관찰+KPNI정명,,,,,,
,청닭의난초,청닭의난초,Epipactis papillosa,,Orchidaceae,자생식물,38,,,보통,8,1:0/2:0/3:0/4:0/5:0/6:3/7:3/8:0/9:1/10:1/11:0/12:0,GBIF관찰+KPNI정명,,,,,,
,털쉽싸리,털쉽싸리,Lycopus uniflorus,,Lamiaceae,자생식물,38,,,보통,3,1:0/2:0/3:0/4:0/5:0/6:0/7:2/8:1/9:0/10:0/11:0/12:0,GBIF관찰+KPNI정명,,,,,,
,바위돌꽃,바위돌꽃,Rhodiola rosea,,Crassulaceae,자생식물,38,,,보통,0,,GBIF관찰+KPNI정명,,,,,,
,노란해당화,노란해당화,Rosa xanthina,,Rosaceae,재배식물,38,,,보통,0,,GBIF관찰+KPNI정명,,,,,,
,비비추난초,비비추난초,Tipularia japonica,,Orchidaceae,자생식물,38,,,보통,10,1:0/2:1/3:1/4:0/5:3/6:3/7:0/8:0/9:0/10:1/11:1/12:0,GBIF관찰+KPNI정명,,,,,,
,미국산사,미국산사,Crataegus scabrida,,Rosaceae,재배식물,37,,,보통,9,1:1/2:0/3:0/4:0/5:4/6:1/7:0/8:1/9:0/10:2/11:0/12:0,GBIF관찰+KPNI정명,,,,,,
,털독말풀,털독말풀,Datura innoxia,,Solanaceae,재배식물,37,,,보통,13,1:1/2:0/3:0/4:1/5:0/6:1/7:2/8:1/9:2/10:5/11:0/12:0,GBIF관찰+KPNI정명,,,,,,
,앉은좁쌀풀,앉은좁쌀풀,Euphrasia maximowiczii,,Scrophulariaceae,자생식물,37,,,보통,13,1:0/2:0/3:0/4:0/5:0/6:0/7:0/8:7/9:4/10:2/11:0/12:0,GBIF관찰+KPNI정명,,,,,,
,무엽란,무엽란,Lecanorchis japonica,,Orchidaceae,자생식물,37,,,보통,11,1:1/2:0/3:0/4:1/5:2/6:4/7:1/8:1/9:0/10:1/11:0/12:0,GBIF관찰+KPNI정명,,,,,,
,물까치수염,물까치수염,Lysimachia leucantha,,Primulaceae,자생식물,37,,,보통,4,1:0/2:0/3:0/4:0/5:0/6:3/7:0/8:0/9:1/10:0/11:0/12:0,GBIF관찰+KPNI정명,,,,,,
,둥근인가목,둥근인가목,Rosa spinosissima,,Rosaceae,자생식물,37,,,보통,3,1:0/2:0/3:0/4:0/5:1/6:2/7:0/8:0/9:0/10:0/11:0/12:0,GBIF관찰+KPNI정명,,,,,,
,실별꽃,실별꽃,Stellaria filicaulis,,Caryophyllaceae,자생식물,37,,,보통,0,,GBIF관찰+KPNI정명,,,,,,
,독미나리,독미나리,Cicuta virosa,,Apiaceae,자생식물,36,,,보통,2,1:0/2:0/3:0/4:1/5:0/6:0/7:0/8:0/9:1/10:0/11:0/12:0,GBIF관찰+KPNI정명,,,,,,
,나도민들레,나도민들레,Crepis tectorum,,Asteraceae,외래식물,36,,,보통,5,1:0/2:0/3:0/4:0/5:3/6:1/7:0/8:1/9:0/10:0/11:0/12:0,GBIF관찰+KPNI정명,,,,,,
,등에풀,등에풀,Dopatrium junceum,,Scrophulariaceae,자생식물,36,,,보통,7,1:0/2:0/3:0/4:0/5:0/6:0/7:1/8:3/9:1/10:2/11:0/12:0,GBIF관찰+KPNI정명,,,,,,
,둥근잎아욱,둥근잎아욱,Malva pusilla,,Malvaceae,외래식물,36,,,보통,10,1:0/2:0/3:0/4:1/5:1/6:1/7:2/8:0/9:3/10:1/11:1/12:0,GBIF관찰+KPNI정명,,,,,,
,양귀비,양귀비,Papaver somniferum,,Papaveraceae,재배식물,36,,,보통,12,1:0/2:0/3:1/4:0/5:9/6:1/7:1/8:0/9:0/10:0/11:0/12:0,GBIF관찰+KPNI정명,,,,,,
,참통발,참통발,Utricularia tenuicaulis,,Lentibulariaceae,자생식물,36,,,보통,13,1:0/2:0/3:0/4:0/5:2/6:2/7:1/8:7/9:1/10:0/11:0/12:0,GBIF관찰+KPNI정명,,,,,,
,삼색제비꽃,삼색제비꽃,Viola tricolor,,Violaceae,재배식물,36,,,보통,16,1:0/2:0/3:3/4:2/5:5/6:1/7:0/8:2/9:1/10:0/11:2/12:0,GBIF관찰+KPNI정명,,,,,,
,실유카,실유카,Yucca filamentosa,,Liliaceae,재배식물,36,,,보통,19,1:2/2:0/3:3/4:4/5:1/6:3/7:1/8:0/9:3/10:0/11:2/12:0,GBIF관찰+KPNI정명,,,,,,
,나제승마,나제승마,Actaea austrokoreana,,Ranunculaceae,자생식물,35,,,보통,28,1:0/2:0/3:0/4:1/5:0/6:1/7:2/8:4/9:5/10:13/11:2/12:0,GBIF관찰+KPNI정명,,,,,,
,나리잔대,나리잔대,Adenophora liliifolia,,Campanulaceae,자생식물,35,,,보통,4,1:0/2:0/3:0/4:1/5:0/6:1/7:0/8:1/9:0/10:1/11:0/12:0,GBIF관찰+KPNI정명,,,,,,
,아광나무,아광나무,Crataegus maximowiczii,,Rosaceae,자생식물,35,,,보통,1,1:0/2:0/3:0/4:0/5:1/6:0/7:0/8:0/9:0/10:0/11:0/12:0,GBIF관찰+KPNI정명,,,,,,
,협죽도,협죽도,Nerium oleander,,Apocynaceae,재배식물,35,,,보통,18,1:0/2:0/3:0/4:1/5:2/6:0/7:5/8:4/9:2/10:4/11:0/12:0,GBIF관찰+KPNI정명,,,,,,
,새이삭여뀌,새이삭여뀌,Persicaria neofiliformis,,Polygonaceae,자생식물,35,,,보통,5,1:0/2:0/3:0/4:0/5:0/6:1/7:0/8:2/9:2/10:0/11:0/12:0,GBIF관찰+KPNI정명,,,,,,
,두메취,두메취,Saussurea triangulata,,Asteraceae,자생식물,35,,,보통,0,,GBIF관찰+KPNI정명,,,,,,
,가는잎향유,가는잎향유,Elsholtzia angustifolia,,Lamiaceae,자생식물,34,,,보통,0,,GBIF관찰+KPNI정명,,,,,,
,산개갈퀴,산개갈퀴,Galium platygalium,,Rubiaceae,자생식물,34,,,보통,0,,GBIF관찰+KPNI정명,,,,,,
,분홍쥐손이,분홍쥐손이,Geranium maximowiczii,,Geraniaceae,자생식물,34,,,보통,14,1:2/2:0/3:0/4:0/5:0/6:0/7:2/8:7/9:3/10:0/11:0/12:0,GBIF관찰+KPNI정명,,,,,,
,풍년화,풍년화,Hamamelis japonica,,Hamamelidaceae,재배식물,34,,,보통,9,1:3/2:2/3:3/4:0/5:0/6:0/7:1/8:0/9:0/10:0/11:0/12:0,GBIF관찰+KPNI정명,,,,,,
,국화잎다닥냉이,국화잎다닥냉이,Lepidium bonariense,,Brassicaceae,외래식물,34,,,보통,2,1:0/2:0/3:0/4:0/5:1/6:1/7:0/8:0/9:0/10:0/11:0/12:0,GBIF관찰+KPNI정명,,,,,,
,진퍼리까치수염,진퍼리까치수염,Lysimachia fortunei,,Primulaceae,자생식물,34,,,보통,4,1:0/2:0/3:0/4:0/5:1/6:3/7:0/8:0/9:0/10:0/11:0/12:0,GBIF관찰+KPNI정명,,,,,,
,가지더부살이,가지더부살이,Phacellanthus tubiflorus,,Orobanchaceae,자생식물,34,,,보통,6,1:0/2:0/3:0/4:0/5:0/6:2/7:4/8:0/9:0/10:0/11:0/12:0,GBIF관찰+KPNI정명,,,,,,
,큰제비란,큰제비란,Platanthera sachalinensis,,Orchidaceae,자생식물,34,,,보통,3,1:0/2:0/3:0/4:0/5:1/6:2/7:0/8:0/9:0/10:0/11:0/12:0,GBIF관찰+KPNI정명,,,,,,
,덤불꼭두서니,덤불꼭두서니,Rubia sylvatica,,Rubiaceae,자생식물,34,,,보통,17,1:1/2:0/3:0/4:0/5:4/6:4/7:1/8:3/9:2/10:2/11:0/12:0,GBIF관찰+KPNI정명,,,,,,
,월귤,월귤,Vaccinium vitis-idaea,,Ericaceae,자생식물,34,,,보통,0,,GBIF관찰+KPNI정명,,,,,,
,꽃단풍,꽃단풍,Acer pycnanthum,,Aceraceae,재배식물,33,,,보통,1,1:1/2:0/3:0/4:0/5:0/6:0/7:0/8:0/9:0/10:0/11:0/12:0,GBIF관찰+KPNI정명,,,,,,
,붉은노루삼,붉은노루삼,Actaea rubra,,Ranunculaceae,자생식물,33,,,보통,0,,GBIF관찰+KPNI정명,,,,,,
,왜천궁,왜천궁,Angelica genuflexa,,Apiaceae,자생식물,33,,,보통,6,1:1/2:0/3:0/4:0/5:0/6:1/7:0/8:1/9:3/10:0/11:0/12:0,GBIF관찰+KPNI정명,,,,,,
,참꽃받이,참꽃받이,Bothriospermum secundum,,Boraginaceae,자생식물,33,,,보통,13,1:0/2:0/3:0/4:3/5:2/6:7/7:1/8:0/9:0/10:0/11:0/12:0,GBIF관찰+KPNI정명,,,,,,
,흰잎엉겅퀴,흰잎엉겅퀴,Cirsium vlassovianum,,Asteraceae,자생식물,33,,,보통,9,1:1/2:0/3:0/4:0/5:4/6:2/7:0/8:1/9:1/10:0/11:0/12:0,GBIF관찰+KPNI정명,,,,,,
,가는대나물,가는대나물,Gypsophila pacifica,,Caryophyllaceae,자생식물,33,,,보통,6,1:0/2:0/3:0/4:0/5:3/6:0/7:1/8:2/9:0/10:0/11:0/12:0,GBIF관찰+KPNI정명,,,,,,
,큰잎싸리,큰잎싸리,Lespedeza davidii,,Fabaceae,외래식물,33,,,보통,6,1:0/2:0/3:0/4:0/5:0/6:1/7:0/8:0/9:4/10:1/11:0/12:0,GBIF관찰+KPNI정명,,,,,,
,해안선인장,해안선인장,Opuntia stricta,,Cactaceae,외래식물,33,5~7월,여름,보통,31,1:5/2:0/3:1/4:2/5:6/6:4/7:10/8:1/9:0/10:0/11:2/12:0,GBIF관찰+KPNI정명,,,,,,
,갯마디풀,갯마디풀,Polygonum arenastrum,,Polygonaceae,자생식물,33,,,보통,8,1:0/2:0/3:0/4:0/5:0/6:3/7:0/8:3/9:2/10:0/11:0/12:0,GBIF관찰+KPNI정명,,,,,,
,방울꽃,방울꽃,Strobilanthes oligantha,,Acanthaceae,자생식물,33,,,보통,0,,GBIF관찰+KPNI정명,,,,,,
,노랑도깨비바늘,노랑도깨비바늘,Bidens polylepis,,Asteraceae,외래식물,32,,,보통,2,1:0/2:0/3:0/4:0/5:0/6:0/7:0/8:1/9:0/10:0/11:1/12:0,GBIF관찰+KPNI정명,,,,,,
,이른범꼬리,이른범꼬리,Bistorta tenuicaulis,,Polygonaceae,자생식물,32,,,보통,1,1:0/2:0/3:1/4:0/5:0/6:0/7:0/8:0/9:0/10:0/11:0/12:0,GBIF관찰+KPNI정명,,,,,,
,좀쥐손이,좀쥐손이,Geranium tripartitum,,Geraniaceae,자생식물,32,,,보통,2,1:0/2:0/3:1/4:0/5:0/6:0/7:0/8:0/9:0/10:1/11:0/12:0,GBIF관찰+KPNI정명,,,,,,
,산형나도별꽃,산형나도별꽃,Holosteum umbellatum,,Caryophyllaceae,외래식물,32,,,보통,12,1:0/2:0/3:5/4:7/5:0/6:0/7:0/8:0/9:0/10:0/11:0/12:0,GBIF관찰+KPNI정명,,,,,,
,한라비비추,한라비비추,Hosta venusta,,Liliaceae,자생식물,32,,,보통,0,,GBIF관찰+KPNI정명,,,,,,
,제비붓꽃,제비붓꽃,Iris laevigata,,Iridaceae,자생식물,32,,,보통,4,1:0/2:0/3:0/4:0/5:4/6:0/7:0/8:0/9:0/10:0/11:0/12:0,GBIF관찰+KPNI정명,,,,,,
,연미붓꽃,연미붓꽃,Iris tectorum,,Iridaceae,재배식물,32,,,보통,6,1:0/2:0/3:0/4:2/5:3/6:1/7:0/8:0/9:0/10:0/11:0/12:0,GBIF관찰+KPNI정명,,,,,,
,박,박,Lagenaria siceraria,,Cucurbitaceae,재배식물,32,,,보통,13,1:1/2:0/3:0/4:0/5:0/6:2/7:1/8:3/9:4/10:2/11:0/12:0,GBIF관찰+KPNI정명,,,,,,
,넓은잎잠자리란,넓은잎잠자리란,Platanthera fuscescens,,Orchidaceae,자생식물,32,,,보통,1,1:0/2:0/3:0/4:0/5:1/6:0/7:0/8:0/9:0/10:0/11:0/12:0,GBIF관찰+KPNI정명,,,,,,
,길뚝개꽃,길뚝개꽃,Anthemis arvensis,,Asteraceae,외래식물,31,,,보통,0,,GBIF관찰+KPNI정명,,,,,,
,서양가시엉겅퀴,서양가시엉겅퀴,Cirsium vulgare,,Asteraceae,외래식물,31,,,보통,8,1:0/2:0/3:0/4:0/5:0/6:1/7:6/8:0/9:1/10:0/11:0/12:0,GBIF관찰+KPNI정명,,,,,,
,갈고리네잎갈퀴,갈고리네잎갈퀴,Galium pseudoasprellum,,Rubiaceae,자생식물,31,,,보통,15,1:0/2:0/3:0/4:2/5:1/6:6/7:1/8:2/9:3/10:0/11:0/12:0,GBIF관찰+KPNI정명,,,,,,
,조름나물,조름나물,Menyanthes trifoliata,,Menyanthaceae,자생식물,31,,,보통,3,1:0/2:0/3:1/4:0/5:1/6:1/7:0/8:0/9:0/10:0/11:0/12:0,GBIF관찰+KPNI정명,,,,,,
,나도수정초,나도수정초,Monotropastrum humile,,Pyrolaceae,자생식물,31,,,보통,20,1:0/2:0/3:0/4:0/5:14/6:4/7:0/8:0/9:2/10:0/11:0/12:0,GBIF관찰+KPNI정명,,,,,,
,당양지꽃,당양지꽃,Potentilla ancistrifolia,,Rosaceae,자생식물,31,,,보통,6,1:0/2:0/3:0/4:0/5:0/6:4/7:0/8:1/9:1/10:0/11:0/12:0,GBIF관찰+KPNI정명,,,,,,
,나래쪽동백,나래쪽동백,Pterostyrax hispidus,,Styracaceae,재배식물,31,,,보통,0,,GBIF관찰+KPNI정명,,,,,,
,제충국,제충국,Tanacetum cinerariifolium,,Asteraceae,재배식물,31,,,보통,1,1:0/2:0/3:0/4:0/5:1/6:0/7:0/8:0/9:0/10:0/11:0/12:0,GBIF관찰+KPNI정명,,,,,,
,검은개선갈퀴,검은개선갈퀴,Galium japonicum,,Rubiaceae,자생식물,30,,,보통,9,1:0/2:0/3:0/4:0/5:2/6:2/7:2/8:3/9:0/10:0/11:0/12:0,GBIF관찰+KPNI정명,,,,,,
,다도해비비추,다도해비비추,Hosta jonesii,,Liliaceae,자생식물,30,,,보통,8,1:2/2:0/3:0/4:2/5:0/6:0/7:1/8:2/9:1/10:0/11:0/12:0,GBIF관찰+KPNI정명,,,,,,
,불암초,불암초,Melochia corchorifolia,,Sterculiaceae,외래식물,30,,,보통,4,1:0/2:0/3:0/4:0/5:0/6:0/7:0/8:1/9:2/10:1/11:0/12:0,GBIF관찰+KPNI정명,,,,,,
,만주겨이삭여뀌,만주겨이삭여뀌,Persicaria foliosa,,Polygonaceae,자생식물,30,,,보통,4,1:0/2:0/3:0/4:0/5:0/6:0/7:0/8:0/9:3/10:1/11:0/12:0,GBIF관찰+KPNI정명,,,,,,
,가는잎개별꽃,가는잎개별꽃,Pseudostellaria sylvatica,,Caryophyllaceae,자생식물,30,,,보통,1,1:0/2:0/3:0/4:0/5:1/6:0/7:0/8:0/9:0/10:0/11:0/12:0,GBIF관찰+KPNI정명,,,,,,
,들별꽃,들별꽃,Stellaria ruderalis,,Caryophyllaceae,외래식물,30,,,보통,2,1:0/2:0/3:1/4:1/5:0/6:0/7:0/8:0/9:0/10:0/11:0/12:0,GBIF관찰+KPNI정명,,,,,,
,노랑투구꽃,노랑투구꽃,Aconitum barbatum,,Ranunculaceae,자생식물,29,,,보통,12,1:0/2:0/3:0/4:0/5:1/6:0/7:0/8:1/9:8/10:2/11:0/12:0,GBIF관찰+KPNI정명,,,,,,
,선투구꽃,선투구꽃,Aconitum umbrosum,,Ranunculaceae,자생식물,29,,,보통,0,,GBIF관찰+KPNI정명,,,,,,
,오가나무,오가나무,Eleutherococcus sieboldianus,,Araliaceae,재배식물,29,,,보통,9,1:0/2:0/3:0/4:2/5:1/6:1/7:5/8:0/9:0/10:0/11:0/12:0,GBIF관찰+KPNI정명,,,,,,
,민망초,민망초,Erigeron acris,,Asteraceae,자생식물,29,,,보통,3,1:0/2:0/3:0/4:1/5:2/6:0/7:0/8:0/9:0/10:0/11:0/12:0,GBIF관찰+KPNI정명,,,,,,
,나도갈퀴덩굴,나도갈퀴덩굴,Galium aparine,,Rubiaceae,외래식물,29,,,보통,2,1:0/2:0/3:0/4:0/5:2/6:0/7:0/8:0/9:0/10:0/11:0/12:0,GBIF관찰+KPNI정명,,,,,,
,붉은사철란,붉은사철란,Goodyera biflora,,Orchidaceae,자생식물,29,,,보통,7,1:0/2:0/3:0/4:1/5:2/6:0/7:2/8:1/9:0/10:1/11:0/12:0,GBIF관찰+KPNI변종정명,,,,,,
,미국낙상홍,미국낙상홍,Ilex verticillata,,Aquifoliaceae,재배식물,29,,,보통,13,1:0/2:0/3:0/4:0/5:1/6:4/7:0/8:0/9:3/10:4/11:1/12:0,GBIF관찰+KPNI정명,,,,,,
,그늘보리뺑이,그늘보리뺑이,Lapsanastrum humile,,Asteraceae,자생식물,29,,,보통,1,1:0/2:0/3:0/4:1/5:0/6:0/7:0/8:0/9:0/10:0/11:0/12:0,GBIF관찰+KPNI정명,,,,,,
,이삭송이풀,이삭송이풀,Pedicularis spicata,,Scrophulariaceae,자생식물,29,,,보통,0,,GBIF관찰+KPNI정명,,,,,,
,바위솜나물,바위솜나물,Tephroseris phaeantha,,Asteraceae,자생식물,29,,,보통,2,1:0/2:0/3:0/4:0/5:2/6:0/7:0/8:0/9:0/10:0/11:0/12:0,GBIF관찰+KPNI정명,,,,,,
,왕과,왕과,Thladiantha dubia,,Cucurbitaceae,자생식물,29,,,보통,5,1:1/2:0/3:0/4:0/5:0/6:0/7:0/8:0/9:4/10:0/11:0/12:0,GBIF관찰+KPNI정명,,,,,,
,남가새,남가새,Tribulus terrestris,,Zygophyllaceae,자생식물,29,,,보통,1,1:0/2:0/3:0/4:0/5:0/6:0/7:0/8:1/9:0/10:0/11:0/12:0,GBIF관찰+KPNI정명,,,,,,
,각시제비꽃,각시제비꽃,Viola boissieuana,,Violaceae,자생식물,29,,,보통,6,1:0/2:0/3:0/4:3/5:2/6:1/7:0/8:0/9:0/10:0/11:0/12:0,GBIF관찰+KPNI정명,,,,,,
,백량금,백량금,Ardisia crispa,,Myrsinaceae,자생식물,28,,,보통,0,,GBIF관찰+KPNI정명,,,,,,
,아스파라거스,아스파라거스,Asparagus officinalis,,Liliaceae,재배식물,28,,,보통,4,1:0/2:0/3:0/4:0/5:1/6:1/7:0/8:1/9:1/10:0/11:0/12:0,GBIF관찰+KPNI정명,,,,,,
,흰범꼬리,흰범꼬리,Bistorta incana,,Polygonaceae,자생식물,28,,,보통,2,1:0/2:0/3:0/4:0/5:0/6:1/7:1/8:0/9:0/10:0/11:0/12:0,GBIF관찰+KPNI정명,,,,,,
,부들레야 다비디,부들레야 다비디,Buddleja davidii,,Loganiaceae,재배식물,28,,,보통,20,1:0/2:0/3:0/4:0/5:0/6:2/7:4/8:4/9:5/10:4/11:1/12:0,GBIF관찰+KPNI정명,,,,,,
,둥근빗살괴불주머니,둥근빗살괴불주머니,Fumaria officinalis,,Papaveraceae,외래식물,28,,,보통,0,,GBIF관찰+KPNI정명,,,,,,
,솜쑥방망이,솜쑥방망이,Tephroseris pierotii,,Asteraceae,자생식물,28,,,보통,4,1:0/2:0/3:0/4:2/5:2/6:0/7:0/8:0/9:0/10:0/11:0/12:0,GBIF관찰+KPNI정명,,,,,,
,섬쑥부쟁이,섬쑥부쟁이,Aster pseudoglehnii,,Asteraceae,자생식물,27,,,귀함,5,1:0/2:0/3:0/4:0/5:0/6:0/7:1/8:0/9:0/10:2/11:2/12:0,GBIF관찰+KPNI정명,,,,,,
,꽃대,꽃대,Chloranthus serratus,,Chloranthaceae,자생식물,27,,,귀함,4,1:0/2:0/3:0/4:0/5:4/6:0/7:0/8:0/9:0/10:0/11:0/12:0,GBIF관찰+KPNI정명,,,,,,
,새등골나물,새등골나물,Eupatorium fortunei,,Asteraceae,자생식물,27,,,귀함,4,1:0/2:0/3:0/4:0/5:0/6:0/7:2/8:2/9:0/10:0/11:0/12:0,GBIF관찰+KPNI정명,,,,,,
,실쑥,실쑥,Filifolium sibiricum,,Asteraceae,자생식물,27,,,귀함,8,1:0/2:0/3:0/4:1/5:0/6:0/7:1/8:1/9:5/10:0/11:0/12:0,GBIF관찰+KPNI정명,,,,,,
,세열미국쥐손이,세열미국쥐손이,Geranium dissectum,,Geraniaceae,외래식물,27,,,귀함,5,1:0/2:0/3:0/4:3/5:2/6:0/7:0/8:0/9:0/10:0/11:0/12:0,GBIF관찰+KPNI정명,,,,,,
,큰다닥냉이,큰다닥냉이,Lepidium sativum,,Brassicaceae,외래식물,27,,,귀함,0,,GBIF관찰+KPNI정명,,,,,,
,두메애기풀,두메애기풀,Polygala sibirica,,Polygalaceae,자생식물,27,,,귀함,13,1:0/2:0/3:0/4:0/5:6/6:1/7:1/8:0/9:5/10:0/11:0/12:0,GBIF관찰+KPNI정명,,,,,,
,기는미나리아재비,기는미나리아재비,Ranunculus repens,,Ranunculaceae,자생식물,27,,,귀함,0,,GBIF관찰+KPNI정명,,,,,,
,흰털민들레,흰털민들레,Taraxacum platypecidum,,Asteraceae,자생식물,27,,,귀함,0,,GBIF관찰+KPNI정명,,,,,,
,종려나무,종려나무,Trachycarpus fortunei,,Arecaceae,재배식물,27,,,귀함,21,1:3/2:1/3:2/4:4/5:2/6:1/7:1/8:2/9:0/10:3/11:1/12:1,GBIF관찰+KPNI정명,,,,,,
,설령쥐오줌풀,설령쥐오줌풀,Valeriana amurensis,,Valerianaceae,자생식물,27,,,귀함,1,1:0/2:0/3:0/4:0/5:1/6:0/7:0/8:0/9:0/10:0/11:0/12:0,GBIF관찰+KPNI정명,,,,,,
,장백제비꽃,장백제비꽃,Viola biflora,,Violaceae,자생식물,27,,,귀함,1,1:0/2:0/3:0/4:1/5:0/6:0/7:0/8:0/9:0/10:0/11:0/12:0,GBIF관찰+KPNI정명,,,,,,
,선제비꽃,선제비꽃,Viola raddeana,,Violaceae,자생식물,27,,,귀함,1,1:0/2:0/3:0/4:0/5:1/6:0/7:0/8:0/9:0/10:0/11:0/12:0,GBIF관찰+KPNI정명,,,,,,
,선옹초,선옹초,Agrostemma githago,,Caryophyllaceae,재배식물,26,,,귀함,0,,GBIF관찰+KPNI정명,,,,,,
,토란,토란,Colocasia esculenta,,Araceae,재배식물,26,,,귀함,10,1:0/2:0/3:0/4:0/5:0/6:0/7:2/8:1/9:1/10:4/11:2/12:0,GBIF관찰+KPNI정명,,,,,,
,덩굴해란초,덩굴해란초,Cymbalaria muralis,,Scrophulariaceae,재배식물,26,,,귀함,24,1:0/2:0/3:2/4:4/5:6/6:4/7:4/8:2/9:0/10:2/11:0/12:0,GBIF관찰+KPNI정명,,,,,,
,장수만리화,장수만리화,Forsythia nakaii,,Oleaceae,자생식물,26,,,귀함,0,,GBIF관찰+KPNI정명,,,,,,
,인디언천인국,인디언천인국,Gaillardia pulchella,,Asteraceae,재배식물,26,,,귀함,20,1:0/2:0/3:0/4:0/5:3/6:6/7:2/8:0/9:3/10:6/11:0/12:0,GBIF관찰+KPNI정명,,,,,,
,솔붓꽃,솔붓꽃,Iris ruthenica,,Iridaceae,자생식물,26,,,귀함,1,1:0/2:0/3:0/4:1/5:0/6:0/7:0/8:0/9:0/10:0/11:0/12:0,GBIF관찰+KPNI정명,,,,,,
,북분취,북분취,Saussurea mongolica,,Asteraceae,자생식물,26,,,귀함,14,1:0/2:0/3:0/4:0/5:0/6:0/7:0/8:0/9:10/10:4/11:0/12:0,GBIF관찰+KPNI정명,,,,,,
,덩굴민백미꽃,덩굴민백미꽃,Vincetoxicum japonicum,,Apocynaceae,자생식물,26,,,귀함,9,1:0/2:0/3:0/4:0/5:0/6:0/7:2/8:0/9:1/10:0/11:6/12:0,GBIF관찰+KPNI정명,,,,,,
,각시투구꽃,각시투구꽃,Aconitum monanthum,,Ranunculaceae,자생식물,25,,,귀함,0,,GBIF관찰+KPNI정명,,,,,,
,산떡쑥,산떡쑥,Anaphalis margaritacea,,Asteraceae,자생식물,25,,,귀함,0,,GBIF관찰+KPNI변종정명,,,,,,
,수궁초,수궁초,Apocynum cannabinum,,Apocynaceae,외래식물,25,,,귀함,1,1:0/2:0/3:0/4:0/5:0/6:0/7:1/8:0/9:0/10:0/11:0/12:0,GBIF관찰+KPNI정명,,,,,,
,누른괭이눈,누른괭이눈,Chrysosplenium flaviflorum,,Saxifragaceae,자생식물,25,,,귀함,15,1:0/2:0/3:1/4:7/5:5/6:1/7:0/8:0/9:1/10:0/11:0/12:0,GBIF관찰+KPNI정명,,,,,,
,고깔닭의장풀,고깔닭의장풀,Commelina benghalensis,,Commelinaceae,외래식물,25,,,귀함,6,1:0/2:0/3:0/4:0/5:0/6:0/7:0/8:0/9:5/10:1/11:0/12:0,GBIF관찰+KPNI정명,,,,,,
,시베리아여뀌,시베리아여뀌,Knorringia sibirica,,Polygonaceae,자생식물,25,,,귀함,0,,GBIF관찰+KPNI정명,,,,,,
,카밀레,카밀레,Matricaria chamomilla,,Asteraceae,재배식물,25,,,귀함,4,1:1/2:0/3:0/4:0/5:0/6:1/7:1/8:1/9:0/10:0/11:0/12:0,GBIF관찰+KPNI정명,,,,,,
,주름전동싸리,주름전동싸리,Melilotus officinalis,,Fabaceae,외래식물,25,,,귀함,0,,GBIF관찰+KPNI정명,,,,,,
,미국수련,미국수련,Nymphaea odorata,,Nymphaeaceae,재배식물,25,,,귀함,14,1:0/2:0/3:0/4:0/5:1/6:7/7:0/8:0/9:2/10:2/11:2/12:0,GBIF관찰+KPNI정명,,,,,,
,쌍실버들,쌍실버들,Salix divaricata,,Salicaceae,자생식물,25,,,귀함,0,,GBIF관찰+KPNI정명,,,,,,
,비누풀,비누풀,Saponaria officinalis,,Caryophyllaceae,재배식물,25,,,귀함,11,1:0/2:0/3:0/4:0/5:0/6:2/7:5/8:3/9:1/10:0/11:0/12:0,GBIF관찰+KPNI정명,,,,,,
,대마참나물,대마참나물,Tilingia tsusimensis,,Apiaceae,자생식물,25,,,귀함,1,1:0/2:0/3:0/4:0/5:1/6:0/7:0/8:0/9:0/10:0/11:0/12:0,GBIF관찰+KPNI정명,,,,,,
,홀아비꽃대,홀아비꽃대,Chloranthus quadrifolius,,Chloranthaceae,자생식물,24,,,귀함,19,1:0/2:0/3:0/4:6/5:12/6:1/7:0/8:0/9:0/10:0/11:0/12:0,GBIF관찰+KPNI정명,,,,,,
,미국수국,미국수국,Hydrangea arborescens,,Saxifragaceae,재배식물,24,,,귀함,3,1:0/2:0/3:0/4:0/5:0/6:3/7:0/8:0/9:0/10:0/11:0/12:0,GBIF관찰+KPNI정명,,,,,,
,해란초아재비,해란초아재비,Kickxia elatine,,Scrophulariaceae,외래식물,24,,,귀함,5,1:0/2:0/3:0/4:0/5:1/6:1/7:3/8:0/9:0/10:0/11:0/12:0,GBIF관찰+KPNI정명,,,,,,
,산동쥐똥나무,산동쥐똥나무,Ligustrum leucanthum,,Oleaceae,자생식물,24,,,귀함,7,1:0/2:0/3:0/4:0/5:0/6:5/7:1/8:1/9:0/10:0/11:0/12:0,GBIF관찰+KPNI정명,,,,,,
,황종용,황종용,Orobanche pycnostachya,,Orobanchaceae,자생식물,24,,,귀함,1,1:0/2:0/3:0/4:0/5:1/6:0/7:0/8:0/9:0/10:0/11:0/12:0,GBIF관찰+KPNI정명,,,,,,
,민개미자리,민개미자리,Sagina procumbens,,Caryophyllaceae,외래식물,24,,,귀함,2,1:0/2:0/3:0/4:1/5:1/6:0/7:0/8:0/9:0/10:0/11:0/12:0,GBIF관찰+KPNI정명,,,,,,
,으름난초,으름난초,Cyrtosia septentrionalis,,Orchidaceae,자생식물,23,,,귀함,7,1:0/2:0/3:0/4:0/5:0/6:3/7:2/8:2/9:0/10:0/11:0/12:0,GBIF관찰+KPNI변종정명,,,,,,
,통영볼레나무,통영볼레나무,Elaeagnus pungens,,Elaeagnaceae,재배식물,23,,,귀함,6,1:0/2:2/3:2/4:0/5:0/6:0/7:0/8:0/9:0/10:0/11:1/12:1,GBIF관찰+KPNI정명,,,,,,
,검은개수염,검은개수염,Eriocaulon parvum,,Eriocaulaceae,자생식물,23,,,귀함,3,1:0/2:0/3:0/4:0/5:0/6:0/7:0/8:0/9:2/10:1/11:0/12:0,GBIF관찰+KPNI정명,,,,,,
,깔끔좁쌀풀,깔끔좁쌀풀,Euphrasia coreana,,Scrophulariaceae,자생식물,23,,,귀함,0,,GBIF관찰+KPNI정명,,,,,,
,돼지풀아재비,돼지풀아재비,Parthenium hysterophorus,,Asteraceae,외래식물,23,,,귀함,3,1:1/2:0/3:0/4:0/5:0/6:0/7:0/8:0/9:1/10:1/11:0/12:0,GBIF관찰+KPNI정명,,,,,,
,산국수나무,산국수나무,Physocarpus amurensis,,Rosaceae,자생식물,23,,,귀함,0,,GBIF관찰+KPNI정명,,,,,,
,물꼬리풀,물꼬리풀,Pogostemon stellatus,,Lamiaceae,자생식물,23,,,귀함,1,1:0/2:0/3:0/4:0/5:0/6:1/7:0/8:0/9:0/10:0/11:0/12:0,GBIF관찰+KPNI정명,,,,,,
,양재금방망이,양재금방망이,Senecio scandens,,Asteraceae,외래식물,23,,,귀함,12,1:0/2:0/3:0/4:0/5:1/6:1/7:0/8:0/9:1/10:5/11:4/12:0,GBIF관찰+KPNI정명,,,,,,
,연등심붓꽃,연등심붓꽃,Sisyrinchium micranthum,,Iridaceae,외래식물,23,,,귀함,7,1:0/2:0/3:0/4:0/5:6/6:1/7:0/8:0/9:0/10:0/11:0/12:0,GBIF관찰+KPNI정명,,,,,,
,진퍼리잔대,진퍼리잔대,Adenophora palustris,,Campanulaceae,자생식물,22,,,귀함,5,1:2/2:0/3:0/4:1/5:0/6:0/7:1/8:1/9:0/10:0/11:0/12:0,GBIF관찰+KPNI정명,,,,,,
,털족제비싸리,털족제비싸리,Amorpha canescens,,Fabaceae,재배식물,22,,,귀함,0,,GBIF관찰+KPNI정명,,,,,,
,쌍동바람꽃,쌍동바람꽃,Anemone rossii,,Ranunculaceae,자생식물,22,,,귀함,1,1:0/2:0/3:0/4:1/5:0/6:0/7:0/8:0/9:0/10:0/11:0/12:0,GBIF관찰+KPNI정명,,,,,,
,꽃개오동,꽃개오동,Catalpa bignonioides,,Bignoniaceae,재배식물,22,,,귀함,3,1:0/2:1/3:0/4:0/5:0/6:1/7:0/8:0/9:1/10:0/11:0/12:0,GBIF관찰+KPNI정명,,,,,,
,나도재쑥,나도재쑥,Descurainia pinnata,,Brassicaceae,외래식물,22,,,귀함,12,1:0/2:0/3:0/4:3/5:6/6:1/7:1/8:1/9:0/10:0/11:0/12:0,GBIF관찰+KPNI정명,,,,,,
,털향유,털향유,Galeopsis bifida,,Lamiaceae,자생식물,22,,,귀함,11,1:2/2:0/3:0/4:0/5:0/6:2/7:2/8:2/9:2/10:1/11:0/12:0,GBIF관찰+KPNI정명,,,,,,
,수염용담,수염용담,Gentianopsis barbata,,Gentianaceae,자생식물,22,,,귀함,0,,GBIF관찰+KPNI정명,,,,,,
,큰비비추,큰비비추,Hosta sieboldiana,,Liliaceae,재배식물,22,,,귀함,0,,GBIF관찰+KPNI정명,,,,,,
,들다닥냉이,들다닥냉이,Lepidium campestre,,Brassicaceae,외래식물,22,,,귀함,1,1:0/2:0/3:0/4:1/5:0/6:0/7:0/8:0/9:0/10:0/11:0/12:0,GBIF관찰+KPNI정명,,,,,,
,분홍싸리,분홍싸리,Lespedeza floribunda,,Fabaceae,외래식물,22,,,귀함,0,,GBIF관찰+KPNI정명,,,,,,
,가는잎푸른딱지꽃,가는잎푸른딱지꽃,Potentilla tanacetifolia,,Rosaceae,자생식물,22,,,귀함,0,,GBIF관찰+KPNI정명,,,,,,
,매화마름,매화마름,Ranunculus kadzusensis,,Ranunculaceae,자생식물,22,,,귀함,3,1:0/2:0/3:0/4:1/5:2/6:0/7:0/8:0/9:0/10:0/11:0/12:0,GBIF관찰+KPNI정명,,,,,,
,눈까치밥나무,눈까치밥나무,Ribes triste,,Saxifragaceae,자생식물,22,,,귀함,0,,GBIF관찰+KPNI정명,,,,,,
,층층장구채,층층장구채,Silene macrostyla,,Caryophyllaceae,자생식물,22,,,귀함,0,,GBIF관찰+KPNI정명,,,,,,
,금매화,금매화,Trollius ledebourii,,Ranunculaceae,자생식물,22,,,귀함,0,,GBIF관찰+KPNI정명,,,,,,
,구주갈퀴덩굴,구주갈퀴덩굴,Vicia sepium,,Fabaceae,외래식물,22,,,귀함,2,1:1/2:0/3:0/4:0/5:0/6:1/7:0/8:0/9:0/10:0/11:0/12:0,GBIF관찰+KPNI정명,,,,,,
,마늘냉이,마늘냉이,Alliaria petiolata,,Brassicaceae,외래식물,21,,,귀함,1,1:0/2:0/3:0/4:0/5:1/6:0/7:0/8:0/9:0/10:0/11:0/12:0,GBIF관찰+KPNI정명,,,,,,
,정향풀,정향풀,Amsonia elliptica,,Apocynaceae,자생식물,21,,,귀함,8,1:0/2:0/3:0/4:0/5:6/6:1/7:0/8:0/9:0/10:1/11:0/12:0,GBIF관찰+KPNI정명,,,,,,
,씨범꼬리,씨범꼬리,Bistorta vivipara,,Polygonaceae,자생식물,21,,,귀함,0,,GBIF관찰+KPNI정명,,,,,,
,육계나무,육계나무,Cinnamomum loureiroi,,Lauraceae,재배식물,21,,,귀함,0,,GBIF관찰+KPNI정명,,,,,,
,아마풀,아마풀,Diarthron linifolium,,Thymelaeaceae,자생식물,21,,,귀함,12,1:0/2:0/3:0/4:0/5:0/6:1/7:4/8:0/9:5/10:2/11:0/12:0,GBIF관찰+KPNI정명,,,,,,
,자주천인국,자주천인국,Echinacea purpurea,,Asteraceae,재배식물,21,,,귀함,9,1:0/2:0/3:0/4:0/5:0/6:4/7:1/8:2/9:2/10:0/11:0/12:0,GBIF관찰+KPNI정명,,,,,,
,대청부채,대청부채,Iris dichotoma,,Iridaceae,자생식물,21,,,귀함,8,1:0/2:0/3:0/4:0/5:0/6:0/7:2/8:4/9:2/10:0/11:0/12:0,GBIF관찰+KPNI정명,,,,,,
,개말나리,개말나리,Lilium medeoloides,,Liliaceae,자생식물,21,,,귀함,0,,GBIF관찰+KPNI정명,,,,,,
,덩굴모밀,덩굴모밀,Persicaria chinensis,,Polygonaceae,자생식물,21,,,귀함,5,1:1/2:0/3:0/4:0/5:0/6:0/7:0/8:0/9:1/10:1/11:2/12:0,GBIF관찰+KPNI정명,,,,,,
,백약이참나물,백약이참나물,Pimpinella saxifraga,,Apiaceae,외래식물,21,,,귀함,0,,GBIF관찰+KPNI정명,,,,,,
,은양지꽃,은양지꽃,Potentilla nivea,,Rosaceae,자생식물,21,,,귀함,5,1:0/2:0/3:0/4:0/5:1/6:1/7:0/8:0/9:0/10:3/11:0/12:0,GBIF관찰+KPNI정명,,,,,,
,다북개미자리,다북개미자리,Scleranthus annuus,,Caryophyllaceae,외래식물,21,,,귀함,1,1:0/2:0/3:0/4:0/5:0/6:0/7:1/8:0/9:0/10:0/11:0/12:0,GBIF관찰+KPNI정명,,,,,,
,석결명,석결명,Senna occidentalis,,Fabaceae,재배식물,21,,,귀함,1,1:0/2:0/3:0/4:0/5:0/6:0/7:0/8:0/9:1/10:0/11:0/12:0,GBIF관찰+KPNI정명,,,,,,
,큰별꽃,큰별꽃,Stellaria bungeana,,Caryophyllaceae,자생식물,21,,,귀함,1,1:0/2:0/3:0/4:1/5:0/6:0/7:0/8:0/9:0/10:0/11:0/12:0,GBIF관찰+KPNI정명,,,,,,
,좀개불알풀,좀개불알풀,Veronica serpyllifolia,,Scrophulariaceae,외래식물,21,,,귀함,4,1:0/2:0/3:0/4:2/5:1/6:1/7:0/8:0/9:0/10:0/11:0/12:0,GBIF관찰+KPNI정명,,,,,,
,푸른가막살,푸른가막살,Viburnum japonicum,,Caprifoliaceae,자생식물,21,,,귀함,4,1:0/2:0/3:0/4:1/5:0/6:3/7:0/8:0/9:0/10:0/11:0/12:0,GBIF관찰+KPNI정명,,,,,,
,바위댕강나무,바위댕강나무,Zabelia integrifolia,,Caprifoliaceae,자생식물,21,,,귀함,0,,GBIF관찰+KPNI정명,,,,,,
,가는산부추,가는산부추,Allium splendens,,Liliaceae,자생식물,20,,,귀함,0,,GBIF관찰+KPNI변종정명,,,,,,
,가회톱,가회톱,Ampelopsis japonica,,Vitaceae,자생식물,20,,,귀함,0,,GBIF관찰+KPNI정명,,,,,,
,마가렛트,마가렛트,Argyranthemum frutescens,,Asteraceae,재배식물,20,,,귀함,12,1:0/2:0/3:0/4:2/5:6/6:2/7:2/8:0/9:0/10:0/11:0/12:0,GBIF관찰+KPNI정명,,,,,,
,자주개황기,자주개황기,Astragalus laxmannii,,Fabaceae,자생식물,20,,,귀함,4,1:1/2:0/3:0/4:0/5:0/6:0/7:0/8:0/9:2/10:1/11:0/12:0,GBIF관찰+KPNI정명,,,,,,
,좁은잎사위질빵,좁은잎사위질빵,Clematis hexapetala,,Ranunculaceae,자생식물,20,,,귀함,0,,GBIF관찰+KPNI정명,,,,,,
,미국잔디갈고리,미국잔디갈고리,Desmodium paniculatum,,Fabaceae,외래식물,20,,,귀함,2,1:0/2:0/3:0/4:0/5:0/6:0/7:0/8:0/9:1/10:1/11:0/12:0,GBIF관찰+KPNI정명,,,,,,
,유럽패랭이꽃,유럽패랭이꽃,Dianthus armeria,,Caryophyllaceae,외래식물,20,,,귀함,2,1:0/2:0/3:0/4:0/5:1/6:1/7:0/8:0/9:0/10:0/11:0/12:0,GBIF관찰+KPNI정명,,,,,,
,갯바위패랭이꽃,갯바위패랭이꽃,Dianthus koreanus,,Caryophyllaceae,자생식물,20,,,귀함,0,,GBIF관찰+KPNI정명,,,,,,
,늦둥굴레,늦둥굴레,Polygonatum infundiflorum,,Liliaceae,자생식물,20,,,귀함,8,1:0/2:0/3:0/4:2/5:3/6:0/7:2/8:0/9:1/10:0/11:0/12:0,GBIF관찰+KPNI정명,,,,,,
,서울개발나물,서울개발나물,Pterygopleurum neurophyllum,,Apiaceae,자생식물,20,,,귀함,1,1:0/2:0/3:0/4:0/5:0/6:0/7:0/8:0/9:0/10:1/11:0/12:0,GBIF관찰+KPNI정명,,,,,,
,실비단분취,실비단분취,Saussurea salicifolia,,Asteraceae,자생식물,20,,,귀함,0,,GBIF관찰+KPNI정명,,,,,,
,긴포마편초,긴포마편초,Verbena bracteata,,Verbenaceae,외래식물,20,,,귀함,3,1:0/2:0/3:0/4:1/5:0/6:0/7:1/8:0/9:1/10:0/11:0/12:0,GBIF관찰+KPNI정명,,,,,,
,브라질마편초,브라질마편초,Verbena brasiliensis,,Verbenaceae,재배식물,20,,,귀함,5,1:0/2:0/3:0/4:0/5:0/6:1/7:1/8:0/9:1/10:2/11:0/12:0,GBIF관찰+KPNI정명,,,,,,
,야생팬지,야생팬지,Viola arvensis,,Violaceae,재배식물,20,,,귀함,4,1:0/2:0/3:0/4:2/5:0/6:2/7:0/8:0/9:0/10:0/11:0/12:0,GBIF관찰+KPNI정명,,,,,,
,긴꼬리제비꽃,긴꼬리제비꽃,Viola inconspicua,,Violaceae,외래식물,20,,,귀함,0,,GBIF관찰+KPNI정명,,,,,,
,흰뿌리제비꽃,흰뿌리제비꽃,Viola prionantha,,Violaceae,자생식물,20,,,귀함,15,1:0/2:0/3:2/4:8/5:3/6:0/7:2/8:0/9:0/10:0/11:0/12:0,GBIF관찰+KPNI정명,,,,,,
,두메부추,두메부추,Allium dumebuchum,,Liliaceae,자생식물,19,,,귀함,1,1:0/2:0/3:0/4:0/5:0/6:0/7:0/8:0/9:1/10:0/11:0/12:0,GBIF관찰+KPNI정명,,,,,,
,지모,지모,Anemarrhena asphodeloides,,Liliaceae,재배식물,19,,,귀함,4,1:0/2:0/3:0/4:0/5:2/6:0/7:1/8:0/9:1/10:0/11:0/12:0,GBIF관찰+KPNI정명,,,,,,
,외잎쑥,외잎쑥,Artemisia viridissima,,Asteraceae,자생식물,19,,,귀함,3,1:1/2:0/3:0/4:0/5:0/6:0/7:0/8:0/9:1/10:1/11:0/12:0,GBIF관찰+KPNI정명,,,,,,
,전호아재비,전호아재비,Chaerophyllum tainturieri,,Apiaceae,외래식물,19,,,귀함,3,1:0/2:0/3:0/4:0/5:1/6:1/7:0/8:0/9:0/10:0/11:1/12:0,GBIF관찰+KPNI정명,,,,,,
,가지털괭이눈,가지털괭이눈,Chrysosplenium ramosissimum,,Saxifragaceae,자생식물,19,,,귀함,1,1:0/2:0/3:0/4:0/5:1/6:0/7:0/8:0/9:0/10:0/11:0/12:0,GBIF관찰+KPNI정명,,,,,,
,연자주쥐손이,연자주쥐손이,Geranium purpureum,,Geraniaceae,외래식물,19,,,귀함,4,1:0/2:0/3:0/4:2/5:2/6:0/7:0/8:0/9:0/10:0/11:0/12:0,GBIF관찰+KPNI정명,,,,,,
,큰잎다닥냉이,큰잎다닥냉이,Lepidium draba,,Brassicaceae,외래식물,19,,,귀함,3,1:0/2:0/3:0/4:3/5:0/6:0/7:0/8:0/9:0/10:0/11:0/12:0,GBIF관찰+KPNI정명,,,,,,
,소엽풀,소엽풀,Limnophila aromatica,,Scrophulariaceae,자생식물,19,,,귀함,6,1:0/2:0/3:0/4:1/5:0/6:0/7:1/8:1/9:1/10:2/11:0/12:0,GBIF관찰+KPNI정명,,,,,,
,솔잎해란초,솔잎해란초,Nuttallanthus canadensis,,Scrophulariaceae,외래식물,19,,,귀함,3,1:0/2:1/3:1/4:1/5:0/6:0/7:0/8:0/9:0/10:0/11:0/12:0,GBIF관찰+KPNI정명,,,,,,
,산방백운풀,산방백운풀,Oldenlandia corymbosa,,Rubiaceae,외래식물,19,,,귀함,0,,GBIF관찰+KPNI정명,,,,,,
,애기송이풀,애기송이풀,Pedicularis ishidoyana,,Scrophulariaceae,자생식물,19,,,귀함,3,1:0/2:0/3:0/4:2/5:1/6:0/7:0/8:0/9:0/10:0/11:0/12:0,GBIF관찰+KPNI정명,,,,,,
,메밀여뀌,메밀여뀌,Persicaria capitata,,Polygonaceae,재배식물,19,,,귀함,9,1:2/2:0/3:1/4:0/5:1/6:2/7:2/8:0/9:0/10:0/11:1/12:0,GBIF관찰+KPNI정명,,,,,,
,콩팥노루발,콩팥노루발,Pyrola renifolia,,Pyrolaceae,자생식물,19,,,귀함,0,,GBIF관찰+KPNI정명,,,,,,
,대황,대황,Rheum rhabarbarum,,Polygonaceae,재배식물,19,,,귀함,2,1:0/2:0/3:0/4:1/5:1/6:0/7:0/8:0/9:0/10:0/11:0/12:0,GBIF관찰+KPNI정명,,,,,,
,들갓,들갓,Sinapis arvensis,,Brassicaceae,외래식물,19,,,귀함,2,1:0/2:0/3:1/4:0/5:0/6:0/7:0/8:0/9:1/10:0/11:0/12:0,GBIF관찰+KPNI정명,,,,,,
,긴잎별꽃,긴잎별꽃,Stellaria longifolia,,Caryophyllaceae,자생식물,19,,,귀함,0,,GBIF관찰+KPNI정명,,,,,,
,거문도닥나무,거문도닥나무,Wikstroemia ganpi,,Thymelaeaceae,자생식물,19,,,귀함,7,1:0/2:0/3:0/4:0/5:0/6:1/7:0/8:1/9:5/10:0/11:0/12:0,GBIF관찰+KPNI정명,,,,,,
,갯제비쑥,갯제비쑥,Artemisia littoricola,,Asteraceae,자생식물,18,,,귀함,5,1:0/2:0/3:0/4:0/5:0/6:0/7:0/8:3/9:1/10:0/11:1/12:0,GBIF관찰+KPNI정명,,,,,,
,쌍구슬풀,쌍구슬풀,Bifora radians,,Apiaceae,외래식물,18,,,귀함,13,1:0/2:0/3:0/4:0/5:13/6:0/7:0/8:0/9:0/10:0/11:0/12:0,GBIF관찰+KPNI정명,,,,,,
,광릉요강꽃,광릉요강꽃,Cypripedium japonicum,,Orchidaceae,자생식물,18,,,귀함,5,1:0/2:0/3:0/4:1/5:2/6:0/7:1/8:0/9:1/10:0/11:0/12:0,GBIF관찰+KPNI정명,,,,,,
,좀댕강나무,좀댕강나무,Diabelia serrata,,Caprifoliaceae,자생식물,18,,,귀함,1,1:0/2:0/3:0/4:0/5:1/6:0/7:0/8:0/9:0/10:0/11:0/12:0,GBIF관찰+KPNI정명,,,,,,
,의성개나리,의성개나리,Forsythia viridissima,,Oleaceae,재배식물,18,,,귀함,4,1:0/2:0/3:1/4:2/5:1/6:0/7:0/8:0/9:0/10:0/11:0/12:0,GBIF관찰+KPNI정명,,,,,,
,로젯사철란,로젯사철란,Goodyera brachystegia,,Orchidaceae,자생식물,18,,,귀함,3,1:0/2:0/3:0/4:0/5:1/6:0/7:1/8:0/9:1/10:0/11:0/12:0,GBIF관찰+KPNI정명,,,,,,
,날개하늘나리,날개하늘나리,Lilium pensylvanicum,,Liliaceae,자생식물,18,,,귀함,9,1:0/2:0/3:0/4:0/5:0/6:1/7:5/8:3/9:0/10:0/11:0/12:0,GBIF관찰+KPNI정명,,,,,,
,좁은잎덩굴용담,좁은잎덩굴용담,Pterygocalyx volubilis,,Gentianaceae,자생식물,18,,,귀함,5,1:0/2:0/3:0/4:0/5:0/6:0/7:0/8:0/9:3/10:2/11:0/12:0,GBIF관찰+KPNI정명,,,,,,
,캐나다딱총나무,캐나다딱총나무,Sambucus canadensis,,Caprifoliaceae,재배식물,18,,,귀함,9,1:0/2:0/3:0/4:0/5:2/6:3/7:4/8:0/9:0/10:0/11:0/12:0,GBIF관찰+KPNI정명,,,,,,
,산골취,산골취,Saussurea neoserrata,,Asteraceae,자생식물,18,,,귀함,4,1:0/2:0/3:0/4:0/5:0/6:1/7:0/8:0/9:2/10:1/11:0/12:0,GBIF관찰+KPNI정명,,,,,,
,오랑캐장구채,오랑캐장구채,Silene repens,,Caryophyllaceae,자생식물,18,,,귀함,1,1:0/2:0/3:0/4:0/5:0/6:0/7:0/8:1/9:0/10:0/11:0/12:0,GBIF관찰+KPNI정명,,,,,,
,가는잎털냉이,가는잎털냉이,Sisymbrium altissimum,,Brassicaceae,외래식물,18,,,귀함,5,1:0/2:0/3:0/4:0/5:5/6:0/7:0/8:0/9:0/10:0/11:0/12:0,GBIF관찰+KPNI정명,,,,,,
,어수리아재비,어수리아재비,Tordylium maximum,,Apiaceae,외래식물,18,,,귀함,0,,GBIF관찰+KPNI정명,,,,,,
,화엄제비꽃,화엄제비꽃,Viola ibukiana,,Violaceae,자생식물,18,,,귀함,3,1:0/2:0/3:0/4:2/5:1/6:0/7:0/8:0/9:0/10:0/11:0/12:0,GBIF관찰+KPNI정명,,,,,,
,산파,산파,Allium maximowiczii,,Liliaceae,자생식물,17,,,귀함,0,,GBIF관찰+KPNI정명,,,,,,
,갈퀴지치,갈퀴지치,Asperugo procumbens,,Boraginaceae,외래식물,17,,,귀함,3,1:0/2:0/3:0/4:3/5:0/6:0/7:0/8:0/9:0/10:0/11:0/12:0,GBIF관찰+KPNI정명,,,,,,
,유럽단추쑥,유럽단추쑥,Cotula australis,,Asteraceae,외래식물,17,,,귀함,0,,GBIF관찰+KPNI변종정명,,,,,,
,유럽큰고추풀,유럽큰고추풀,Gratiola officinalis,,Scrophulariaceae,외래식물,17,,,귀함,1,1:0/2:0/3:0/4:0/5:0/6:1/7:0/8:0/9:0/10:0/11:0/12:0,GBIF관찰+KPNI정명,,,,,,
,지네발란,지네발란,Pelatantheria scolopendrifolia,,Orchidaceae,자생식물,17,,,귀함,2,1:2/2:0/3:0/4:0/5:0/6:0/7:0/8:0/9:0/10:0/11:0/12:0,GBIF관찰+KPNI정명,,,,,,
,패랭이아재비,패랭이아재비,Petrorhagia nanteuilii,,Caryophyllaceae,외래식물,17,,,귀함,0,,GBIF관찰+KPNI정명,,,,,,
,왕찔레나무,왕찔레나무,Rosa laevigata,,Rosaceae,외래식물,17,,,귀함,1,1:0/2:0/3:0/4:1/5:0/6:0/7:0/8:0/9:0/10:0/11:0/12:0,GBIF관찰+KPNI정명,,,,,,
,들버들,들버들,Salix subopposita,,Salicaceae,자생식물,17,,,귀함,0,,GBIF관찰+KPNI정명,,,,,,
,세이지,세이지,Salvia officinalis,,Lamiaceae,재배식물,17,,,귀함,1,1:0/2:0/3:0/4:0/5:0/6:0/7:1/8:0/9:0/10:0/11:0/12:0,GBIF관찰+KPNI정명,,,,,,
,왕별꽃,왕별꽃,Stellaria radians,,Caryophyllaceae,자생식물,17,,,귀함,4,1:0/2:0/3:0/4:0/5:0/6:0/7:1/8:2/9:1/10:0/11:0/12:0,GBIF관찰+KPNI정명,,,,,,
,좀쪽동백나무,좀쪽동백나무,Styrax shiraianus,,Styracaceae,자생식물,17,,,귀함,5,1:0/2:0/3:0/4:2/5:2/6:1/7:0/8:0/9:0/10:0/11:0/12:0,GBIF관찰+KPNI정명,,,,,,
,금잔화,금잔화,Calendula arvensis,,Asteraceae,재배식물,16,,,귀함,6,1:0/2:0/3:0/4:0/5:1/6:2/7:1/8:2/9:0/10:0/11:0/12:0,GBIF관찰+KPNI정명,,,,,,
,대흥란,대흥란,Cymbidium macrorhizon,,Orchidaceae,자생식물,16,,,귀함,2,1:0/2:0/3:0/4:0/5:0/6:0/7:0/8:0/9:0/10:1/11:1/12:0,GBIF관찰+KPNI정명,,,,,,
,검은곡정초,검은곡정초,Eriocaulon atrum,,Eriocaulaceae,자생식물,16,,,귀함,0,,GBIF관찰+KPNI정명,,,,,,
,부지깽이나물,부지깽이나물,Erysimum amurense,,Brassicaceae,자생식물,16,,,귀함,1,1:0/2:0/3:0/4:0/5:0/6:0/7:1/8:0/9:0/10:0/11:0/12:0,GBIF관찰+KPNI정명,,,,,,
,가는쑥부지깽이,가는쑥부지깽이,Erysimum macilentum,,Brassicaceae,자생식물,16,,,귀함,3,1:0/2:0/3:1/4:2/5:0/6:0/7:0/8:0/9:0/10:0/11:0/12:0,GBIF관찰+KPNI정명,,,,,,
,선연리초,선연리초,Lathyrus komarovii,,Fabaceae,자생식물,16,,,귀함,1,1:1/2:0/3:0/4:0/5:0/6:0/7:0/8:0/9:0/10:0/11:0/12:0,GBIF관찰+KPNI정명,,,,,,
,좁은잎해란초,좁은잎해란초,Linaria vulgaris,,Scrophulariaceae,자생식물,16,,,귀함,14,1:0/2:0/3:0/4:0/5:0/6:2/7:2/8:4/9:4/10:2/11:0/12:0,GBIF관찰+KPNI정명,,,,,,
,흑난초,흑난초,Liparis nervosa,,Orchidaceae,자생식물,16,,,귀함,5,1:0/2:0/3:0/4:0/5:4/6:0/7:0/8:1/9:0/10:0/11:0/12:0,GBIF관찰+KPNI정명,,,,,,
,섬까치수염,섬까치수염,Lysimachia acroadenia,,Primulaceae,자생식물,16,,,귀함,1,1:0/2:0/3:0/4:0/5:0/6:0/7:1/8:0/9:0/10:0/11:0/12:0,GBIF관찰+KPNI정명,,,,,,
,페루꽈리,페루꽈리,Nicandra physalodes,,Solanaceae,외래식물,16,,,귀함,2,1:0/2:0/3:0/4:0/5:0/6:0/7:1/8:0/9:0/10:1/11:0/12:0,GBIF관찰+KPNI정명,,,,,,
,애기마디풀,애기마디풀,Polygonum plebeium,,Polygonaceae,자생식물,16,,,귀함,0,,GBIF관찰+KPNI정명,,,,,,
,만년청,만년청,Rohdea japonica,,Commelinaceae,재배식물,16,,,귀함,9,1:0/2:0/3:2/4:4/5:2/6:1/7:0/8:0/9:0/10:0/11:0/12:0,GBIF관찰+KPNI정명,,,,,,
,육지꽃버들,육지꽃버들,Salix schwerinii,,Salicaceae,자생식물,16,,,귀함,1,1:0/2:0/3:0/4:0/5:0/6:0/7:0/8:0/9:1/10:0/11:0/12:0,GBIF관찰+KPNI정명,,,,,,
,병아리다리,병아리다리,Salomonia ciliata,,Polygalaceae,자생식물,16,,,귀함,8,1:0/2:0/3:0/4:0/5:0/6:3/7:0/8:1/9:3/10:1/11:0/12:0,GBIF관찰+KPNI정명,,,,,,
,홍도서덜취,홍도서덜취,Saussurea polylepis,,Asteraceae,자생식물,16,,,귀함,4,1:1/2:0/3:0/4:0/5:1/6:2/7:0/8:0/9:0/10:0/11:0/12:0,GBIF관찰+KPNI정명,,,,,,
,꽃갈퀴덩굴,꽃갈퀴덩굴,Sherardia arvensis,,Rubiaceae,외래식물,16,,,귀함,0,,GBIF관찰+KPNI정명,,,,,,
,개통발,개통발,Utricularia intermedia,,Lentibulariaceae,자생식물,16,,,귀함,0,,GBIF관찰+KPNI정명,,,,,,
,미국물칭개,미국물칭개,Veronica americana,,Scrophulariaceae,외래식물,16,,,귀함,8,1:1/2:0/3:0/4:0/5:0/6:0/7:0/8:0/9:4/10:1/11:1/12:1,GBIF관찰+KPNI정명,,,,,,
,빈카,빈카,Vinca minor,,Rubiaceae,재배식물,16,,,귀함,5,1:0/2:0/3:0/4:5/5:0/6:0/7:0/8:0/9:0/10:0/11:0/12:0,GBIF관찰+KPNI정명,,,,,,
,넓은잎제비꽃,넓은잎제비꽃,Viola mirabilis,,Violaceae,자생식물,16,,,귀함,0,,GBIF관찰+KPNI정명,,,,,,
,양파,양파,Allium cepa,,Liliaceae,재배식물,15,,,귀함,1,1:0/2:0/3:0/4:1/5:0/6:0/7:0/8:0/9:0/10:0/11:0/12:0,GBIF관찰+KPNI정명,,,,,,
,선갯장대,선갯장대,Arabis erecta,,Brassicaceae,자생식물,15,,,귀함,1,1:0/2:0/3:0/4:1/5:0/6:0/7:0/8:0/9:0/10:0/11:0/12:0,GBIF관찰+KPNI정명,,,,,,
,나도독미나리,나도독미나리,Conium maculatum,,Apiaceae,외래식물,15,,,귀함,7,1:0/2:0/3:0/4:0/5:4/6:0/7:2/8:1/9:0/10:0/11:0/12:0,GBIF관찰+KPNI정명,,,,,,
,산꽃다지,산꽃다지,Draba glabella,,Brassicaceae,자생식물,15,,,귀함,0,,GBIF관찰+KPNI정명,,,,,,
,큰꽃땅비싸리,큰꽃땅비싸리,Indigofera grandiflora,,Fabaceae,자생식물,15,,,귀함,8,1:0/2:0/3:0/4:0/5:5/6:1/7:2/8:0/9:0/10:0/11:0/12:0,GBIF관찰+KPNI정명,,,,,,
,미모사,미모사,Mimosa pudica,,Fabaceae,재배식물,15,,,귀함,4,1:0/2:0/3:1/4:0/5:0/6:0/7:0/8:0/9:3/10:0/11:0/12:0,GBIF관찰+KPNI정명,,,,,,
,애기물매화,애기물매화,Parnassia alpicola,,Saxifragaceae,자생식물,15,,,귀함,1,1:0/2:0/3:0/4:0/5:1/6:0/7:0/8:0/9:0/10:0/11:0/12:0,GBIF관찰+KPNI정명,,,,,,
,가시꽈리,가시꽈리,Physaliastrum echinatum,,Solanaceae,자생식물,15,,,귀함,6,1:0/2:0/3:0/4:0/5:0/6:0/7:0/8:1/9:5/10:0/11:0/12:0,GBIF관찰+KPNI정명,,,,,,
,비단분취,비단분취,Saussurea komaroviana,,Asteraceae,자생식물,15,,,귀함,0,,GBIF관찰+KPNI정명,,,,,,
,쇠분취,쇠분취,Saussurea sinuata,,Asteraceae,자생식물,15,,,귀함,8,1:1/2:0/3:0/4:0/5:0/6:1/7:0/8:3/9:3/10:0/11:0/12:0,GBIF관찰+KPNI정명,,,,,,
,좀쉬땅나무,좀쉬땅나무,Sorbaria kirilowii,,Rosaceae,재배식물,15,,,귀함,1,1:0/2:0/3:0/4:0/5:0/6:1/7:0/8:0/9:0/10:0/11:0/12:0,GBIF관찰+KPNI정명,,,,,,
,긴잎조팝나무,긴잎조팝나무,Spiraea media,,Rosaceae,자생식물,15,,,귀함,0,,GBIF관찰+KPNI정명,,,,,,
,왕죽대아재비,왕죽대아재비,Streptopus koreanus,,Liliaceae,자생식물,15,,,귀함,9,1:0/2:0/3:0/4:0/5:1/6:1/7:5/8:1/9:0/10:1/11:0/12:0,GBIF관찰+KPNI정명,,,,,,
,혹난초,혹난초,Bulbophyllum inconspicuum,,Orchidaceae,자생식물,14,,,귀함,0,,GBIF관찰+KPNI정명,,,,,,
,누운닭의장풀,누운닭의장풀,Commelina caroliniana,,Commelinaceae,외래식물,14,,,귀함,0,,GBIF관찰+KPNI정명,,,,,,
,흰독말풀,흰독말풀,Datura wrightii,,Solanaceae,재배식물,14,,,귀함,14,1:0/2:0/3:0/4:0/5:2/6:0/7:4/8:2/9:4/10:2/11:0/12:0,GBIF관찰+KPNI정명,,,,,,
,등대꽃나무,등대꽃나무,Enkianthus campanulatus,,Ericaceae,재배식물,14,,,귀함,3,1:0/2:0/3:0/4:1/5:2/6:0/7:0/8:0/9:0/10:0/11:0/12:0,GBIF관찰+KPNI정명,,,,,,
,큰피막이풀,큰피막이풀,Hydrocotyle javanica,,Apiaceae,자생식물,14,,,귀함,0,,GBIF관찰+KPNI정명,,,,,,
,좁은잎벌노랑이,좁은잎벌노랑이,Lotus tenuis,,Fabaceae,외래식물,14,,,귀함,0,,GBIF관찰+KPNI정명,,,,,,
,산돌배,산돌배,Pyrus ussuriensis,,Rosaceae,자생식물,14,,,귀함,5,1:0/2:0/3:0/4:2/5:2/6:0/7:0/8:0/9:1/10:0/11:0/12:0,GBIF관찰+KPNI정명,,,,,,
,말냉이장구채,말냉이장구채,Silene noctiflora,,Caryophyllaceae,외래식물,14,,,귀함,0,,GBIF관찰+KPNI정명,,,,,,
,넌출월귤,넌출월귤,Vaccinium oxycoccos,,Ericaceae,자생식물,14,,,귀함,0,,GBIF관찰+KPNI정명,,,,,,
,개승마,개승마,Actaea biternata,,Ranunculaceae,자생식물,13,,,귀함,0,,GBIF관찰+KPNI정명,,,,,,
,숲바람꽃,숲바람꽃,Anemone umbrosa,,Ranunculaceae,자생식물,13,,,귀함,3,1:0/2:0/3:1/4:2/5:0/6:0/7:0/8:0/9:0/10:0/11:0/12:0,GBIF관찰+KPNI정명,,,,,,
,애기비쑥,애기비쑥,Artemisia fauriei,,Asteraceae,자생식물,13,,,귀함,0,,GBIF관찰+KPNI정명,,,,,,
,산쑥부쟁이,산쑥부쟁이,Aster lautureanus,,Asteraceae,자생식물,13,,,귀함,0,,GBIF관찰+KPNI정명,,,,,,
,돌방풍,돌방풍,Carlesia sinensis,,Apiaceae,자생식물,13,,,귀함,1,1:0/2:0/3:0/4:0/5:0/6:0/7:0/8:1/9:0/10:0/11:0/12:0,GBIF관찰+KPNI정명,,,,,,
,성주풀,성주풀,Centranthera cochinchinensis,,Scrophulariaceae,자생식물,13,,,귀함,2,1:0/2:0/3:0/4:0/5:0/6:0/7:0/8:2/9:0/10:0/11:0/12:0,GBIF관찰+KPNI정명,,,,,,
,한라고들빼기,한라고들빼기,Crepidiastrum hallaisanense,,Asteraceae,자생식물,13,,,귀함,1,1:0/2:0/3:0/4:0/5:1/6:0/7:0/8:0/9:0/10:0/11:0/12:0,GBIF관찰+KPNI정명,,,,,,
,털복주머니란,털복주머니란,Cypripedium guttatum,,Orchidaceae,자생식물,13,,,귀함,0,,GBIF관찰+KPNI정명,,,,,,
,장백패랭이꽃,장백패랭이꽃,Dianthus repens,,Caryophyllaceae,자생식물,13,,,귀함,0,,GBIF관찰+KPNI정명,,,,,,
,참닻꽃,참닻꽃,Halenia coreana,,Gentianaceae,자생식물,13,,,귀함,2,1:0/2:0/3:0/4:0/5:0/6:0/7:0/8:2/9:0/10:0/11:0/12:0,GBIF관찰+KPNI정명,,,,,,
,눈해변싸리,눈해변싸리,Lespedeza macrovirgata,,Fabaceae,자생식물,13,,,귀함,0,,GBIF관찰+KPNI정명,,,,,,
,상동잎쥐똥나무,상동잎쥐똥나무,Ligustrum quihoui,,Oleaceae,자생식물,13,,,귀함,0,,GBIF관찰+KPNI정명,,,,,,
,좀전동싸리,좀전동싸리,Melilotus indicus,,Fabaceae,외래식물,13,,,귀함,1,1:0/2:0/3:0/4:0/5:0/6:0/7:0/8:0/9:1/10:0/11:0/12:0,GBIF관찰+KPNI정명,,,,,,
,개연꽃,개연꽃,Nuphar japonica,,Nymphaeaceae,자생식물,13,,,귀함,1,1:0/2:0/3:0/4:0/5:1/6:0/7:0/8:0/9:0/10:0/11:0/12:0,GBIF관찰+KPNI정명,,,,,,
,애기분홍낮달맞이꽃,애기분홍낮달맞이꽃,Oenothera rosea,,Onagraceae,재배식물,13,,,귀함,11,1:0/2:0/3:0/4:0/5:6/6:3/7:0/8:1/9:1/10:0/11:0/12:0,GBIF관찰+KPNI정명,,,,,,
,가솔송,가솔송,Phyllodoce caerulea,,Ericaceae,자생식물,13,,,귀함,0,,GBIF관찰+KPNI정명,,,,,,
,물상추,물상추,Pistia stratiotes,,Araceae,재배식물,13,,,귀함,10,1:0/2:0/3:0/4:0/5:0/6:0/7:2/8:1/9:4/10:2/11:1/12:0,GBIF관찰+KPNI정명,,,,,,
,털개구리자리,털개구리자리,Ranunculus sardous,,Ranunculaceae,외래식물,13,,,귀함,1,1:0/2:0/3:0/4:0/5:1/6:0/7:0/8:0/9:0/10:0/11:0/12:0,GBIF관찰+KPNI정명,,,,,,
,토대황,토대황,Rumex aquaticus,,Polygonaceae,자생식물,13,,,귀함,0,,GBIF관찰+KPNI정명,,,,,,
,진퍼리버들,진퍼리버들,Salix myrtilloides,,Salicaceae,자생식물,13,,,귀함,0,,GBIF관찰+KPNI정명,,,,,,
,창골무꽃,창골무꽃,Scutellaria barbata,,Lamiaceae,자생식물,13,,,귀함,2,1:0/2:0/3:0/4:0/5:2/6:0/7:0/8:0/9:0/10:0/11:0/12:0,GBIF관찰+KPNI정명,,,,,,
,분홍꽃조개나물,분홍꽃조개나물,Ajuga nipponensis,,Lamiaceae,자생식물,12,,,귀함,0,,GBIF관찰+KPNI정명,,,,,,
,봄맞이냉이,봄맞이냉이,Cardamine hirsuta,,Brassicaceae,외래식물,12,,,귀함,0,,GBIF관찰+KPNI정명,,,,,,
,큰꽃장대,큰꽃장대,Dontostemon hispidus,,Brassicaceae,자생식물,12,,,귀함,1,1:0/2:0/3:0/4:0/5:1/6:0/7:0/8:0/9:0/10:0/11:0/12:0,GBIF관찰+KPNI정명,,,,,,
,벌깨풀,벌깨풀,Dracocephalum rupestre,,Lamiaceae,자생식물,12,,,귀함,1,1:0/2:0/3:0/4:0/5:0/6:0/7:0/8:1/9:0/10:0/11:0/12:0,GBIF관찰+KPNI정명,,,,,,
,금영화,금영화,Eschscholzia californica,,Papaveraceae,재배식물,12,,,귀함,5,1:0/2:0/3:0/4:2/5:2/6:1/7:0/8:0/9:0/10:0/11:0/12:0,GBIF관찰+KPNI정명,,,,,,
,감초,감초,Glycyrrhiza uralensis,,Fabaceae,재배식물,12,,,귀함,0,,GBIF관찰+KPNI정명,,,,,,
,목향,목향,Inula helenium,,Asteraceae,재배식물,12,,,귀함,2,1:0/2:0/3:0/4:0/5:2/6:0/7:0/8:0/9:0/10:0/11:0/12:0,GBIF관찰+KPNI정명,,,,,,
,들사마귀풀,들사마귀풀,Murdannia nudiflora,,Commelinaceae,외래식물,12,,,귀함,0,,GBIF관찰+KPNI정명,,,,,,
,초종용,초종용,Orobanche coerulescens,,Orobanchaceae,자생식물,12,,,귀함,0,,GBIF관찰+KPNI정명,,,,,,
,금강인가목,금강인가목,Pentactina rupicola,,Rosaceae,자생식물,12,,,귀함,0,,GBIF관찰+KPNI정명,,,,,,
,선둥굴레,선둥굴레,Polygonatum grandicaule,,Liliaceae,자생식물,12,,,귀함,6,1:0/2:0/3:0/4:1/5:2/6:3/7:0/8:0/9:0/10:0/11:0/12:0,GBIF관찰+KPNI정명,,,,,,
,큰개구리발톱,큰개구리발톱,Semiaquilegia quelpaertensis,,Ranunculaceae,자생식물,12,,,귀함,4,1:0/2:0/3:2/4:2/5:0/6:0/7:0/8:0/9:0/10:0/11:0/12:0,GBIF관찰+KPNI정명,,,,,,
,그늘꿩의다리,그늘꿩의다리,Thalictrum osmorhizoides,,Ranunculaceae,자생식물,12,,,귀함,0,,GBIF관찰+KPNI정명,,,,,,
,발톱꿩의다리,발톱꿩의다리,Thalictrum sparsiflorum,,Ranunculaceae,자생식물,12,,,귀함,0,,GBIF관찰+KPNI정명,,,,,,
,좀머귀나무,좀머귀나무,Zanthoxylum fauriei,,Rutaceae,자생식물,12,,,귀함,0,,GBIF관찰+KPNI정명,,,,,,
,가는줄돌쩌귀,가는줄돌쩌귀,Aconitum volubile,,Ranunculaceae,자생식물,11,,,귀함,1,1:1/2:0/3:0/4:0/5:0/6:0/7:0/8:0/9:0/10:0/11:0/12:0,GBIF관찰+KPNI정명,,,,,,
,당삽주,당삽주,Atractylodes koreana,,Asteraceae,자생식물,11,,,귀함,2,1:0/2:0/3:0/4:1/5:0/6:0/7:0/8:0/9:1/10:0/11:0/12:0,GBIF관찰+KPNI정명,,,,,,
,탐라현호색,탐라현호색,Corydalis hallaisanensis,,Fumariaceae,자생식물,11,,,귀함,4,1:0/2:0/3:2/4:2/5:0/6:0/7:0/8:0/9:0/10:0/11:0/12:0,GBIF관찰+KPNI정명,,,,,,
,큰백령풀,큰백령풀,Diodia virginiana,,Rubiaceae,외래식물,11,,,귀함,0,,GBIF관찰+KPNI정명,,,,,,
,하늘바라기,하늘바라기,Heliopsis helianthoides,,Asteraceae,재배식물,11,,,귀함,0,,GBIF관찰+KPNI정명,,,,,,
,물양귀비,물양귀비,Hydrocleys nymphoides,,Alismataceae,재배식물,11,,,귀함,10,1:0/2:0/3:0/4:0/5:0/6:0/7:4/8:1/9:4/10:1/11:0/12:0,GBIF관찰+KPNI정명,,,,,,
,사리풀,사리풀,Hyoscyamus niger,,Solanaceae,재배식물,11,,,귀함,1,1:0/2:0/3:0/4:0/5:0/6:0/7:1/8:0/9:0/10:0/11:0/12:0,GBIF관찰+KPNI정명,,,,,,
,제주무엽란,제주무엽란,Lecanorchis kiusiana,,Orchidaceae,자생식물,11,,,귀함,3,1:0/2:1/3:0/4:0/5:1/6:1/7:0/8:0/9:0/10:0/11:0/12:0,GBIF관찰+KPNI정명,,,,,,
,좀맥문동,좀맥문동,Liriope minor,,Liliaceae,자생식물,11,,,귀함,4,1:0/2:0/3:0/4:0/5:0/6:2/7:0/8:2/9:0/10:0/11:0/12:0,GBIF관찰+KPNI정명,,,,,,
,후미푸사선인장,후미푸사선인장,Opuntia humifusa,,Cactaceae,재배식물,11,,,귀함,10,1:0/2:2/3:0/4:1/5:1/6:3/7:1/8:1/9:1/10:0/11:0/12:0,GBIF관찰+KPNI정명,,,,,,
,두메자운,두메자운,Oxytropis anertii,,Fabaceae,자생식물,11,,,귀함,0,,GBIF관찰+KPNI정명,,,,,,
,드람불꽃,드람불꽃,Phlox drummondii,,Polemoniaceae,재배식물,11,,,귀함,5,1:0/2:0/3:0/4:0/5:0/6:0/7:3/8:1/9:1/10:0/11:0/12:0,GBIF관찰+KPNI정명,,,,,,
,빈추나무,빈추나무,Prinsepia sinensis,,Rosaceae,자생식물,11,,,귀함,0,,GBIF관찰+KPNI정명,,,,,,
,분홍할미꽃,분홍할미꽃,Pulsatilla dahurica,,Ranunculaceae,자생식물,11,,,귀함,0,,GBIF관찰+KPNI정명,,,,,,
,산할미꽃,산할미꽃,Pulsatilla nivalis,,Ranunculaceae,자생식물,11,,,귀함,1,1:0/2:0/3:0/4:0/5:0/6:0/7:0/8:0/9:0/10:0/11:1/12:0,GBIF관찰+KPNI정명,,,,,,
,주름구슬냉이,주름구슬냉이,Rapistrum rugosum,,Brassicaceae,외래식물,11,,,귀함,3,1:0/2:0/3:0/4:0/5:0/6:3/7:0/8:0/9:0/10:0/11:0/12:0,GBIF관찰+KPNI정명,,,,,,
,탐라바위취,탐라바위취,Saxifraga cortusifolia,,Saxifragaceae,자생식물,11,,,귀함,0,,GBIF관찰+KPNI정명,,,,,,
,주걱비름,주걱비름,Sedum tosaense,,Crassulaceae,자생식물,11,,,귀함,1,1:0/2:0/3:0/4:0/5:0/6:0/7:0/8:0/9:0/10:0/11:0/12:1,GBIF관찰+KPNI정명,,,,,,
,초록별꽃,초록별꽃,Stellaria neglecta,,Caryophyllaceae,자생식물,11,,,귀함,3,1:0/2:0/3:0/4:1/5:1/6:0/7:0/8:0/9:0/10:1/11:0/12:0,GBIF관찰+KPNI정명,,,,,,
,우선국,우선국,Symphyotrichum novi-belgii,,Asteraceae,재배식물,11,,,귀함,3,1:0/2:0/3:0/4:0/5:0/6:2/7:0/8:0/9:0/10:1/11:0/12:0,GBIF관찰+KPNI정명,,,,,,
,넓은잎초오,넓은잎초오,Aconitum sczukinii,,Ranunculaceae,자생식물,10,,,귀함,0,,GBIF관찰+KPNI정명,,,,,,
178,아게라텀,불로화,Ageratum houstonianum,,Asteraceae,재배식물,10,,,귀함,5,1:0/2:0/3:0/4:0/5:0/6:0/7:1/8:2/9:1/10:0/11:1/12:0,GBIF관찰+KPNI정명,Y,,보라,화단,중,-
,태백바람꽃,태백바람꽃,Anemone pendulisepala,,Ranunculaceae,자생식물,10,,,귀함,8,1:0/2:0/3:0/4:7/5:1/6:0/7:0/8:0/9:0/10:0/11:0/12:0,GBIF관찰+KPNI정명,,,,,,
,나도어저귀,나도어저귀,Anoda cristata,,Malvaceae,외래식물,10,,,귀함,2,1:0/2:0/3:0/4:0/5:0/6:0/7:1/8:1/9:0/10:0/11:0/12:0,GBIF관찰+KPNI정명,,,,,,
,외잎승마,외잎승마,Astilbe simplicifolia,,Saxifragaceae,자생식물,10,,,귀함,0,,GBIF관찰+KPNI정명,,,,,,
,개황기,개황기,Astragalus uliginosus,,Fabaceae,자생식물,10,,,귀함,0,,GBIF관찰+KPNI정명,,,,,,
,개제비란,개제비란,Dactylorhiza viridis,,Orchidaceae,자생식물,10,,,귀함,0,,GBIF관찰+KPNI정명,,,,,,
,국화쥐손이,국화쥐손이,Erodium stephanianum,,Geraniaceae,자생식물,10,,,귀함,0,,GBIF관찰+KPNI정명,,,,,,
,북만리화,북만리화,Forsythia mandschurica,,Oleaceae,자생식물,10,,,귀함,0,,GBIF관찰+KPNI정명,,,,,,
,삼쥐손이,삼쥐손이,Geranium soboliferum,,Geraniaceae,자생식물,10,,,귀함,0,,GBIF관찰+KPNI정명,,,,,,
,구름병아리난초,구름병아리난초,Hemipilia cucullata,,Orchidaceae,자생식물,10,,,귀함,0,,GBIF관찰+KPNI정명,,,,,,
,털다닥냉이,털다닥냉이,Lepidium pinnatifidum,,Brassicaceae,외래식물,10,,,귀함,0,,GBIF관찰+KPNI정명,,,,,,
,종둥굴레,종둥굴레,Polygonatum acuminatifolium,,Liliaceae,자생식물,10,,,귀함,2,1:0/2:0/3:0/4:0/5:2/6:0/7:0/8:0/9:0/10:0/11:0/12:0,GBIF관찰+KPNI정명,,,,,,
,개마디풀,개마디풀,Polygonum equisetiforme,,Polygonaceae,외래식물,10,,,귀함,0,,GBIF관찰+KPNI정명,,,,,,
,반짝버들,반짝버들,Salix pseudopentandra,,Salicaceae,자생식물,10,,,귀함,1,1:0/2:0/3:0/4:0/5:0/6:0/7:0/8:0/9:1/10:0/11:0/12:0,GBIF관찰+KPNI정명,,,,,,
,염주장구채,염주장구채,Silene conoidea,,Caryophyllaceae,외래식물,10,,,귀함,3,1:0/2:0/3:0/4:0/5:1/6:2/7:0/8:0/9:0/10:0/11:0/12:0,GBIF관찰+KPNI정명,,,,,,
,애기석잠풀,애기석잠풀,Stachys agraria,,Lamiaceae,외래식물,10,,,귀함,0,,GBIF관찰+KPNI정명,,,,,,
,피뿌리풀,피뿌리풀,Stellera chamaejasme,,Thymelaeaceae,자생식물,10,,,귀함,0,,GBIF관찰+KPNI정명,,,,,,
,세포큰조롱,세포큰조롱,Vincetoxicum volubile,,Apocynaceae,자생식물,10,,,귀함,2,1:0/2:0/3:0/4:0/5:0/6:0/7:0/8:2/9:0/10:0/11:0/12:0,GBIF관찰+KPNI정명,,,,,,
,참줄바꽃,참줄바꽃,Aconitum neotortuosum,,Ranunculaceae,자생식물,9,,,귀함,7,1:0/2:0/3:0/4:0/5:0/6:0/7:0/8:0/9:2/10:5/11:0/12:0,GBIF관찰+KPNI정명,,,,,,
,선줄바꽃,선줄바꽃,Aconitum raddeanum,,Ranunculaceae,자생식물,9,,,귀함,0,,GBIF관찰+KPNI정명,,,,,,
,부전바디,부전바디,Angelica nakaiana,,Apiaceae,자생식물,9,,,귀함,0,,GBIF관찰+KPNI정명,,,,,,
,가는잎쑥,가는잎쑥,Artemisia subulata,,Asteraceae,자생식물,9,,,귀함,5,1:0/2:0/3:0/4:0/5:0/6:0/7:1/8:1/9:3/10:0/11:0/12:0,GBIF관찰+KPNI정명,,,,,,
,봄나도냉이,봄나도냉이,Barbarea verna,,Brassicaceae,외래식물,9,,,귀함,2,1:0/2:0/3:0/4:1/5:0/6:0/7:0/8:1/9:0/10:0/11:0/12:0,GBIF관찰+KPNI정명,,,,,,
,김의난초,김의난초,Cephalanthera longifolia,,Orchidaceae,자생식물,9,,,귀함,1,1:0/2:0/3:0/4:0/5:1/6:0/7:0/8:0/9:0/10:0/11:0/12:0,GBIF관찰+KPNI정명,,,,,,
,큰장대,큰장대,Clausia trichosepala,,Brassicaceae,자생식물,9,,,귀함,5,1:0/2:0/3:0/4:0/5:3/6:2/7:0/8:0/9:0/10:0/11:0/12:0,GBIF관찰+KPNI정명,,,,,,
,위령선,위령선,Clematis florida,,Ranunculaceae,재배식물,9,,,귀함,0,,GBIF관찰+KPNI정명,,,,,,
,큰괴불주머니,큰괴불주머니,Corydalis gigantea,,Fumariaceae,자생식물,9,,,귀함,1,1:0/2:0/3:0/4:0/5:1/6:0/7:0/8:0/9:0/10:0/11:0/12:0,GBIF관찰+KPNI정명,,,,,,
,노랑복주머니란,노랑복주머니란,Cypripedium calceolus,,Orchidaceae,자생식물,9,,,귀함,0,,GBIF관찰+KPNI정명,,,,,,
,줄바늘꽃,줄바늘꽃,Epilobium ciliatum,,Onagraceae,자생식물,9,,,귀함,1,1:0/2:0/3:0/4:0/5:1/6:0/7:0/8:0/9:0/10:0/11:0/12:0,GBIF관찰+KPNI정명,,,,,,
,서양말냉이,서양말냉이,Iberis amara,,Brassicaceae,재배식물,9,,,귀함,1,1:0/2:0/3:0/4:0/5:0/6:0/7:0/8:0/9:1/10:0/11:0/12:0,GBIF관찰+KPNI정명,,,,,,
,등포풀,등포풀,Limosella aquatica,,Scrophulariaceae,자생식물,9,,,귀함,7,1:0/2:0/3:0/4:0/5:5/6:2/7:0/8:0/9:0/10:0/11:0/12:0,GBIF관찰+KPNI정명,,,,,,
,대만뿔남천,대만뿔남천,Mahonia japonica,,Berberidaceae,재배식물,9,,,귀함,5,1:1/2:0/3:0/4:0/5:1/6:1/7:2/8:0/9:0/10:0/11:0/12:0,GBIF관찰+KPNI정명,,,,,,
,서양전동싸리,서양전동싸리,Melilotus dentatus,,Fabaceae,외래식물,9,,,귀함,0,,GBIF관찰+KPNI정명,,,,,,
,형개,형개,Nepeta tenuifolia,,Lamiaceae,재배식물,9,,,귀함,0,,GBIF관찰+KPNI정명,,,,,,
,시계꽃,시계꽃,Passiflora caerulea,,Passifloraceae,재배식물,9,,,귀함,7,1:4/2:0/3:0/4:0/5:0/6:1/7:0/8:2/9:0/10:0/11:0/12:0,GBIF관찰+KPNI정명,,,,,,
,나도풍란,나도풍란,Phalaenopsis japonica,,Orchidaceae,자생식물,9,,,귀함,3,1:0/2:0/3:0/4:0/5:0/6:1/7:2/8:0/9:0/10:0/11:0/12:0,GBIF관찰+KPNI변종정명,,,,,,
,닥장버들,닥장버들,Salix brachypoda,,Salicaceae,자생식물,9,,,귀함,0,,GBIF관찰+KPNI정명,,,,,,
,가는잎금방망이,가는잎금방망이,Senecio inaequidens,,Asteraceae,외래식물,9,,,귀함,1,1:0/2:0/3:0/4:0/5:0/6:1/7:0/8:0/9:0/10:0/11:0/12:0,GBIF관찰+KPNI정명,,,,,,
,초석잠풀,초석잠풀,Stachys affinis,,Lamiaceae,재배식물,9,,,귀함,4,1:0/2:0/3:0/4:0/5:1/6:2/7:0/8:0/9:0/10:1/11:0/12:0,GBIF관찰+KPNI정명,,,,,,
,죽대아재비,죽대아재비,Streptopus amplexifolius,,Liliaceae,자생식물,9,,,귀함,0,,GBIF관찰+KPNI정명,,,,,,
,쑥국화,쑥국화,Tanacetum vulgare,,Asteraceae,자생식물,9,,,귀함,0,,GBIF관찰+KPNI정명,,,,,,
,대청지치,대청지치,Thyrocarpus glochidiatus,,Boraginaceae,자생식물,9,,,귀함,2,1:0/2:0/3:0/4:0/5:2/6:0/7:0/8:0/9:0/10:0/11:0/12:0,GBIF관찰+KPNI정명,,,,,,
,흰꽃물고추나물,흰꽃물고추나물,Triadenum breviflorum,,Clusiaceae,자생식물,9,,,귀함,5,1:0/2:0/3:0/4:0/5:0/6:1/7:0/8:1/9:2/10:1/11:0/12:0,GBIF관찰+KPNI정명,,,,,,
,붉은하늘타리,붉은하늘타리,Trichosanthes cucumeroides,,Cucurbitaceae,자생식물,9,,,귀함,1,1:0/2:0/3:0/4:0/5:0/6:0/7:1/8:0/9:0/10:0/11:0/12:0,GBIF관찰+KPNI정명,,,,,,
,물지채,물지채,Triglochin palustris,,Juncaginaceae,자생식물,9,,,귀함,0,,GBIF관찰+KPNI정명,,,,,,
,애기금강제비꽃,애기금강제비꽃,Viola yazawana,,Violaceae,자생식물,9,,,귀함,2,1:0/2:0/3:0/4:0/5:1/6:0/7:1/8:0/9:0/10:0/11:0/12:0,GBIF관찰+KPNI정명,,,,,,
,고로보이짚신나물,고로보이짚신나물,Agrimonia gorovoii,,Rosaceae,자생식물,8,,,귀함,1,1:0/2:0/3:0/4:1/5:0/6:0/7:0/8:0/9:0/10:0/11:0/12:0,GBIF관찰+KPNI정명,,,,,,
,국화바람꽃,국화바람꽃,Anemone pseudoaltaica,,Ranunculaceae,자생식물,8,,,귀함,0,,GBIF관찰+KPNI정명,,,,,,
,백두산떡쑥,백두산떡쑥,Antennaria dioica,,Asteraceae,자생식물,8,,,귀함,0,,GBIF관찰+KPNI정명,,,,,,
,금어초,금어초,Antirrhinum majus,,Scrophulariaceae,재배식물,8,,,귀함,0,,GBIF관찰+KPNI정명,,,,,,
,돌부채,돌부채,Bergenia crassifolia,,Saxifragaceae,자생식물,8,,,귀함,0,,GBIF관찰+KPNI정명,,,,,,
,사향엉겅퀴,사향엉겅퀴,Carduus nutans,,Asteraceae,외래식물,8,,,귀함,2,1:0/2:0/3:0/4:0/5:0/6:1/7:0/8:1/9:0/10:0/11:0/12:0,GBIF관찰+KPNI정명,,,,,,
,애기점나도나물,애기점나도나물,Cerastium pumilum,,Caryophyllaceae,외래식물,8,,,귀함,0,,GBIF관찰+KPNI정명,,,,,,
,풀산딸나무,풀산딸나무,Cornus canadensis,,Cornaceae,자생식물,8,,,귀함,0,,GBIF관찰+KPNI정명,,,,,,
,봉화현호색,봉화현호색,Corydalis bonghwaensis,,Fumariaceae,자생식물,8,,,귀함,0,,GBIF관찰+KPNI정명,,,,,,
,선현호색,선현호색,Corydalis ohii,,Fumariaceae,자생식물,8,,,귀함,4,1:0/2:0/3:0/4:4/5:0/6:0/7:0/8:0/9:0/10:0/11:0/12:0,GBIF관찰+KPNI정명,,,,,,
,벼룩이울타리,벼룩이울타리,Eremogone juncea,,Caryophyllaceae,자생식물,8,,,귀함,0,,GBIF관찰+KPNI정명,,,,,,
,산지치,산지치,Eritrichium sichotense,,Boraginaceae,자생식물,8,,,귀함,3,1:0/2:0/3:0/4:0/5:0/6:3/7:0/8:0/9:0/10:0/11:0/12:0,GBIF관찰+KPNI정명,,,,,,
,패모,패모,Fritillaria usuriensis,,Liliaceae,자생식물,8,,,귀함,0,,GBIF관찰+KPNI정명,,,,,,
,대청,대청,Isatis tinctoria,,Brassicaceae,자생식물,8,,,귀함,1,1:0/2:0/3:0/4:1/5:0/6:0/7:0/8:0/9:0/10:0/11:0/12:0,GBIF관찰+KPNI정명,,,,,,
,자주방가지똥,자주방가지똥,Lactuca sibirica,,Asteraceae,자생식물,8,,,귀함,2,1:0/2:0/3:0/4:0/5:1/6:0/7:0/8:0/9:1/10:0/11:0/12:0,GBIF관찰+KPNI정명,,,,,,
,버들까치수염,버들까치수염,Lysimachia thyrsiflora,,Primulaceae,자생식물,8,,,귀함,2,1:0/2:0/3:0/4:0/5:1/6:1/7:0/8:0/9:0/10:0/11:0/12:0,GBIF관찰+KPNI정명,,,,,,
,긴꽃며느리밥풀,긴꽃며느리밥풀,Melampyrum koreanum,,Scrophulariaceae,자생식물,8,,,귀함,2,1:0/2:0/3:0/4:0/5:0/6:0/7:0/8:0/9:0/10:2/11:0/12:0,GBIF관찰+KPNI정명,,,,,,
,우영사마귀풀,우영사마귀풀,Murdannia loriformis,,Commelinaceae,외래식물,8,,,귀함,0,,GBIF관찰+KPNI정명,,,,,,
,나도수영,나도수영,Oxyria digyna,,Polygonaceae,자생식물,8,,,귀함,0,,GBIF관찰+KPNI정명,,,,,,
,한라잠자리란,한라잠자리란,Platanthera minor,,Orchidaceae,자생식물,8,,,귀함,0,,GBIF관찰+KPNI변종정명,,,,,,
,전주물꼬리풀,전주물꼬리풀,Pogostemon yatabeanus,,Lamiaceae,자생식물,8,,,귀함,5,1:0/2:0/3:0/4:0/5:1/6:0/7:0/8:1/9:1/10:2/11:0/12:0,GBIF관찰+KPNI정명,,,,,,
,매자잎버들,매자잎버들,Salix berberifolia,,Salicaceae,자생식물,8,,,귀함,0,,GBIF관찰+KPNI정명,,,,,,
,큰오이풀,큰오이풀,Sanguisorba stipulata,,Rosaceae,자생식물,8,,,귀함,1,1:0/2:0/3:0/4:0/5:0/6:0/7:1/8:0/9:0/10:0/11:0/12:0,GBIF관찰+KPNI정명,,,,,,
,너도양지꽃,너도양지꽃,Sibbaldia procumbens,,Rosaceae,자생식물,8,,,귀함,1,1:0/2:0/3:0/4:0/5:0/6:1/7:0/8:0/9:0/10:0/11:0/12:0,GBIF관찰+KPNI정명,,,,,,
,진홍토끼풀,진홍토끼풀,Trifolium incarnatum,,Fabaceae,외래식물,8,,,귀함,0,,GBIF관찰+KPNI정명,,,,,,
,나도여로,나도여로,Anticlea sibirica,,Liliaceae,자생식물,7,,,귀함,2,1:0/2:0/3:0/4:0/5:0/6:0/7:0/8:2/9:0/10:0/11:0/12:0,GBIF관찰+KPNI정명,,,,,,
,겨자무,겨자무,Armoracia rusticana,,Brassicaceae,재배식물,7,,,귀함,2,1:0/2:0/3:0/4:2/5:0/6:0/7:0/8:0/9:0/10:0/11:0/12:0,GBIF관찰+KPNI정명,,,,,,
,꽃상치,꽃상치,Cichorium endivia,,Asteraceae,재배식물,7,,,귀함,0,,GBIF관찰+KPNI정명,,,,,,
,붉은털이슬,붉은털이슬,Circaea erubescens,,Onagraceae,자생식물,7,,,귀함,2,1:0/2:0/3:0/4:0/5:0/6:0/7:1/8:1/9:0/10:0/11:0/12:0,GBIF관찰+KPNI정명,,,,,,
,줄현호색,줄현호색,Corydalis bungeana,,Fumariaceae,자생식물,7,,,귀함,2,1:0/2:0/3:0/4:2/5:0/6:0/7:0/8:0/9:0/10:0/11:0/12:0,GBIF관찰+KPNI정명,,,,,,
,대구돌나물,대구돌나물,Crassula aquatica,,Crassulaceae,자생식물,7,,,귀함,1,1:0/2:0/3:0/4:0/5:1/6:0/7:0/8:0/9:0/10:0/11:0/12:0,GBIF관찰+KPNI정명,,,,,,
,황단나무,황단나무,Dalbergia hupeana,,Fabaceae,자생식물,7,,,귀함,1,1:0/2:0/3:0/4:0/5:0/6:0/7:1/8:0/9:0/10:0/11:0/12:0,GBIF관찰+KPNI정명,,,,,,
,지면패랭이꽃,지면패랭이꽃,Dianthus deltoides,,Caryophyllaceae,재배식물,7,,,귀함,1,1:0/2:0/3:0/4:1/5:0/6:0/7:0/8:0/9:0/10:0/11:0/12:0,GBIF관찰+KPNI정명,,,,,,
,큰산좁쌀풀,큰산좁쌀풀,Euphrasia hirtella,,Scrophulariaceae,자생식물,7,,,귀함,0,,GBIF관찰+KPNI정명,,,,,,
,미역취아재비,미역취아재비,Euthamia graminifolia,,Asteraceae,외래식물,7,,,귀함,0,,GBIF관찰+KPNI정명,,,,,,
,묏황기,묏황기,Hedysarum alpinum,,Fabaceae,자생식물,7,,,귀함,0,,GBIF관찰+KPNI정명,,,,,,
,나도씨눈란,나도씨눈란,Herminium monorchis,,Orchidaceae,자생식물,7,,,귀함,2,1:0/2:0/3:0/4:0/5:0/6:0/7:1/8:1/9:0/10:0/11:0/12:0,GBIF관찰+KPNI정명,,,,,,
,서양고추나물,서양고추나물,Hypericum perforatum,,Clusiaceae,재배식물,7,,,귀함,2,1:0/2:0/3:0/4:0/5:0/6:2/7:0/8:0/9:0/10:0/11:0/12:0,GBIF관찰+KPNI정명,,,,,,
,세손이,세손이,Lindera triloba,,Lauraceae,재배식물,7,,,귀함,1,1:0/2:0/3:0/4:0/5:0/6:0/7:0/8:0/9:1/10:0/11:0/12:0,GBIF관찰+KPNI정명,,,,,,
,왜지치,왜지치,Myosotis sylvatica,,Boraginaceae,자생식물,7,,,귀함,0,,GBIF관찰+KPNI정명,,,,,,
,민말똥비름,민말똥비름,Sedum alfredii,,Crassulaceae,자생식물,7,,,귀함,0,,GBIF관찰+KPNI정명,,,,,,
,은빛까마중,은빛까마중,Solanum elaeagnifolium,,Solanaceae,외래식물,7,,,귀함,0,,GBIF관찰+KPNI정명,,,,,,
,옥천앵두,옥천앵두,Solanum pseudocapsicum,,Solanaceae,재배식물,7,,,귀함,0,,GBIF관찰+KPNI정명,,,,,,
,무산상자,무산상자,Sphallerocarpus gracilis,,Apiaceae,자생식물,7,,,귀함,0,,GBIF관찰+KPNI정명,,,,,,
,그늘별꽃,그늘별꽃,Stellaria sessiliflora,,Caryophyllaceae,자생식물,7,,,귀함,1,1:0/2:0/3:0/4:1/5:0/6:0/7:0/8:0/9:0/10:0/11:0/12:0,GBIF관찰+KPNI정명,,,,,,
,자주땅귀개,자주땅귀개,Utricularia uliginosa,,Lentibulariaceae,자생식물,7,,,귀함,3,1:0/2:0/3:0/4:0/5:0/6:0/7:0/8:0/9:3/10:0/11:0/12:0,GBIF관찰+KPNI정명,,,,,,
,긴털댕강나무,긴털댕강나무,Zabelia densipila,,Caprifoliaceae,자생식물,7,,,귀함,0,,GBIF관찰+KPNI정명,,,,,,
,한라투구꽃,한라투구꽃,Aconitum quelpaertense,,Ranunculaceae,자생식물,6,,,귀함,0,,GBIF관찰+KPNI정명,,,,,,
,산물머위,산물머위,Adenostemma madurense,,Asteraceae,자생식물,6,,,귀함,0,,GBIF관찰+KPNI정명,,,,,,
,돌부추,돌부추,Allium koreanum,,Liliaceae,자생식물,6,,,귀함,3,1:0/2:0/3:0/4:0/5:1/6:0/7:2/8:0/9:0/10:0/11:0/12:0,GBIF관찰+KPNI정명,,,,,,
,애기실부추,애기실부추,Allium tenuissimum,,Liliaceae,자생식물,6,,,귀함,0,,GBIF관찰+KPNI정명,,,,,,
,병풀아재비,병풀아재비,Bowlesia incana,,Apiaceae,외래식물,6,,,귀함,0,,GBIF관찰+KPNI정명,,,,,,
,두메냉이,두메냉이,Cardamine changbaiana,,Brassicaceae,자생식물,6,,,귀함,0,,GBIF관찰+KPNI정명,,,,,,
,진퍼리꽃나무,진퍼리꽃나무,Chamaedaphne calyculata,,Ericaceae,자생식물,6,,,귀함,0,,GBIF관찰+KPNI정명,,,,,,
,남방향유,남방향유,Elsholtzia griffithii,,Lamiaceae,외래식물,6,,,귀함,1,1:0/2:0/3:0/4:0/5:0/6:0/7:0/8:0/9:1/10:0/11:0/12:0,GBIF관찰+KPNI변종정명,,,,,,
,영암풀,영암풀,Exallage chrysotricha,,Rubiaceae,자생식물,6,,,귀함,1,1:0/2:0/3:0/4:0/5:0/6:0/7:1/8:0/9:0/10:0/11:0/12:0,GBIF관찰+KPNI정명,,,,,,
,미국큰고추풀,미국큰고추풀,Gratiola neglecta,,Scrophulariaceae,외래식물,6,,,귀함,1,1:0/2:0/3:0/4:0/5:0/6:1/7:0/8:0/9:0/10:0/11:0/12:0,GBIF관찰+KPNI정명,,,,,,
,개잠자리난초,개잠자리난초,Habenaria cruciformis,,Orchidaceae,자생식물,6,,,귀함,1,1:0/2:0/3:0/4:0/5:0/6:0/7:0/8:1/9:0/10:0/11:0/12:0,GBIF관찰+KPNI정명,,,,,,
,애기해바라기,애기해바라기,Helianthus debilis subsp. cucumerifolius,Helianthus debilis,Asteraceae,재배식물,6,,,귀함,0,,GBIF관찰+KPNI이명해소,,,,,,
159,송엽국,송엽국,Lampranthus spectabilis,,Aizoaceae,재배식물,6,,,귀함,4,1:0/2:0/3:0/4:1/5:0/6:0/7:1/8:1/9:1/10:0/11:0/12:0,GBIF관찰+KPNI정명,Y,,분홍,화단·경사면,중,채송화
,큰키다닥냉이,큰키다닥냉이,Lepidium latifolium,,Brassicaceae,외래식물,6,,,귀함,0,,GBIF관찰+KPNI정명,,,,,,
,가는잎미선콩,가는잎미선콩,Lupinus angustifolius,,Fabaceae,외래식물,6,,,귀함,0,,GBIF관찰+KPNI정명,,,,,,
,칠보치마,칠보치마,Metanarthecium luteoviride,,Liliaceae,자생식물,6,,,귀함,0,,GBIF관찰+KPNI정명,,,,,,
,구름범의귀,구름범의귀,Micranthes laciniata,,Saxifragaceae,자생식물,6,,,귀함,1,1:0/2:0/3:0/4:0/5:0/6:0/7:1/8:0/9:0/10:0/11:0/12:0,GBIF관찰+KPNI정명,,,,,,
,고산물망초,고산물망초,Myosotis alpestris,,Boraginaceae,재배식물,6,,,귀함,3,1:0/2:0/3:0/4:1/5:0/6:1/7:0/8:0/9:1/10:0/11:0/12:0,GBIF관찰+KPNI정명,,,,,,
,참개연꽃,참개연꽃,Nuphar subintegerrima,,Nymphaeaceae,자생식물,6,,,귀함,0,,GBIF관찰+KPNI정명,,,,,,
,두메양귀비,두메양귀비,Papaver coreanum,,Papaveraceae,자생식물,6,,,귀함,0,,GBIF관찰+KPNI정명,,,,,,
,노랑꽃누운땅꽈리,노랑꽃누운땅꽈리,Physalis lagascae,,Solanaceae,외래식물,6,,,귀함,0,,GBIF관찰+KPNI정명,,,,,,
,층층갈고리둥굴레,층층갈고리둥굴레,Polygonatum sibiricum,,Liliaceae,자생식물,6,,,귀함,4,1:0/2:0/3:0/4:2/5:1/6:1/7:0/8:0/9:0/10:0/11:0/12:0,GBIF관찰+KPNI정명,,,,,,
,주걱노루발,주걱노루발,Pyrola minor,,Pyrolaceae,자생식물,6,,,귀함,0,,GBIF관찰+KPNI정명,,,,,,
,넓은잎까치밥나무,넓은잎까치밥나무,Ribes latifolium,,Saxifragaceae,자생식물,6,,,귀함,2,1:0/2:0/3:0/4:2/5:0/6:0/7:0/8:0/9:0/10:0/11:0/12:0,GBIF관찰+KPNI정명,,,,,,
,멕시코백령풀,멕시코백령풀,Richardia brasiliensis,,Rubiaceae,외래식물,6,,,귀함,0,,GBIF관찰+KPNI정명,,,,,,
,가지꼭두서니,가지꼭두서니,Rubia hexaphylla,,Rubiaceae,자생식물,6,,,귀함,3,1:1/2:0/3:0/4:0/5:0/6:1/7:0/8:0/9:1/10:0/11:0/12:0,GBIF관찰+KPNI정명,,,,,,
163,깨꽃,깨꽃,Salvia splendens,,Lamiaceae,재배식물,6,,,귀함,5,1:0/2:0/3:0/4:0/5:1/6:0/7:0/8:0/9:1/10:3/11:0/12:0,GBIF관찰+KPNI정명,Y,,붉은색,화단,하,-
,두메오이풀,두메오이풀,Sanguisorba obtusa,,Rosaceae,자생식물,6,,,귀함,0,,GBIF관찰+KPNI정명,,,,,,
,두메분취,두메분취,Saussurea tomentosa,,Asteraceae,자생식물,6,,,귀함,1,1:1/2:0/3:0/4:0/5:0/6:0/7:0/8:0/9:0/10:0/11:0/12:0,GBIF관찰+KPNI정명,,,,,,
,산각시취,산각시취,Saussurea umbrosa,,Asteraceae,자생식물,6,,,귀함,0,,GBIF관찰+KPNI정명,,,,,,
,깃털장대,깃털장대,Sisymbrium irio,,Brassicaceae,외래식물,6,,,귀함,0,,GBIF관찰+KPNI정명,,,,,,
,대암개발나물,대암개발나물,Sium tenue,,Apiaceae,자생식물,6,,,귀함,0,,GBIF관찰+KPNI정명,,,,,,
,갈래조팝나무,갈래조팝나무,Spiraea trilobata,,Rosaceae,자생식물,6,,,귀함,0,,GBIF관찰+KPNI정명,,,,,,
,묏꿩의다리,묏꿩의다리,Thalictrum sachalinense,,Ranunculaceae,자생식물,6,,,귀함,1,1:0/2:0/3:0/4:0/5:0/6:1/7:0/8:0/9:0/10:0/11:0/12:0,GBIF관찰+KPNI정명,,,,,,
,북금매화,북금매화,Trollius chinensis,,Ranunculaceae,자생식물,6,,,귀함,1,1:0/2:0/3:0/4:0/5:1/6:0/7:0/8:0/9:0/10:0/11:0/12:0,GBIF관찰+KPNI정명,,,,,,
,북투구꽃,북투구꽃,Aconitum kirinense,,Ranunculaceae,자생식물,5,,,귀함,0,,GBIF관찰+KPNI정명,,,,,,
,줄꽃주머니,줄꽃주머니,Adlumia asiatica,,Papaveraceae,자생식물,5,,,귀함,0,,GBIF관찰+KPNI정명,,,,,,
,솔인진,솔인진,Ajania pallasiana,,Asteraceae,자생식물,5,,,귀함,0,,GBIF관찰+KPNI정명,,,,,,
,곤약,곤약,Amorphophallus konjac,,Araceae,재배식물,5,,,귀함,0,,GBIF관찰+KPNI정명,,,,,,
,미국꽃말이,미국꽃말이,Amsinckia lycopsoides,,Boraginaceae,외래식물,5,,,귀함,3,1:0/2:0/3:0/4:1/5:2/6:0/7:0/8:0/9:0/10:0/11:0/12:0,GBIF관찰+KPNI정명,,,,,,
,애기석남,애기석남,Andromeda polifolia,,Ericaceae,자생식물,5,,,귀함,0,,GBIF관찰+KPNI정명,,,,,,
,사막갓,사막갓,Brassica tournefortii,,Brassicaceae,외래식물,5,,,귀함,0,,GBIF관찰+KPNI정명,,,,,,
,버어먼초,버어먼초,Burmannia cryptopetala,,Burmanniaceae,자생식물,5,,,귀함,0,,GBIF관찰+KPNI정명,,,,,,
,덩굴조희풀,덩굴조희풀,Clematis pseudotubulosa,,Ranunculaceae,자생식물,5,,,귀함,0,,GBIF관찰+KPNI정명,,,,,,
,매화오리나무,매화오리나무,Clethra barbinervis,,Clethraceae,자생식물,5,,,귀함,0,,GBIF관찰+KPNI정명,,,,,,
,왕닭의장풀,왕닭의장풀,Commelina diffusa,,Commelinaceae,외래식물,5,,,귀함,2,1:0/2:0/3:0/4:0/5:0/6:0/7:0/8:1/9:1/10:0/11:0/12:0,GBIF관찰+KPNI변종정명,,,,,,
,카네이션,카네이션,Dianthus caryophyllus,,Caryophyllaceae,재배식물,5,,,귀함,2,1:0/2:0/3:0/4:0/5:1/6:0/7:0/8:0/9:0/10:1/11:0/12:0,GBIF관찰+KPNI정명,,,,,,
,대상화,대상화,Eriocapitella hupehensis,,Ranunculaceae,재배식물,5,,,귀함,3,1:0/2:0/3:0/4:0/5:0/6:0/7:0/8:0/9:2/10:0/11:1/12:0,GBIF관찰+KPNI정명,,,,,,
,실갈퀴,실갈퀴,Galium linearifolium,,Rubiaceae,자생식물,5,,,귀함,0,,GBIF관찰+KPNI정명,,,,,,
,너도제비란,너도제비란,Hemipilia joo-iokiana,,Orchidaceae,자생식물,5,,,귀함,0,,GBIF관찰+KPNI정명,,,,,,
,키큰꿩의비름,키큰꿩의비름,Hylotelephium pallescens,,Crassulaceae,자생식물,5,,,귀함,1,1:0/2:0/3:0/4:0/5:0/6:0/7:0/8:0/9:1/10:0/11:0/12:0,GBIF관찰+KPNI정명,,,,,,
,가는잎가시상추,가는잎가시상추,Lactuca saligna,,Asteraceae,외래식물,5,,,귀함,0,,GBIF관찰+KPNI정명,,,,,,
,화살곰취,화살곰취,Ligularia jamesii,,Asteraceae,자생식물,5,,,귀함,1,1:0/2:0/3:0/4:0/5:0/6:0/7:1/8:0/9:0/10:0/11:0/12:0,GBIF관찰+KPNI정명,,,,,,
,한라옥잠난초,한라옥잠난초,Liparis auriculata,,Orchidaceae,자생식물,5,,,귀함,0,,GBIF관찰+KPNI정명,,,,,,
,들벌노랑이,들벌노랑이,Lotus pedunculatus,,Fabaceae,외래식물,5,,,귀함,1,1:0/2:0/3:0/4:0/5:0/6:0/7:1/8:0/9:0/10:0/11:0/12:0,GBIF관찰+KPNI정명,,,,,,
,녹양박하,녹양박하,Mentha spicata,,Lamiaceae,재배식물,5,,,귀함,1,1:0/2:0/3:0/4:0/5:0/6:0/7:0/8:0/9:1/10:0/11:0/12:0,GBIF관찰+KPNI정명,,,,,,
,진흙풀,진흙풀,Microcarpaea minima,,Scrophulariaceae,자생식물,5,,,귀함,3,1:1/2:0/3:0/4:1/5:0/6:0/7:0/8:0/9:0/10:1/11:0/12:0,GBIF관찰+KPNI정명,,,,,,
,다도해산들깨,다도해산들깨,Mosla dadoensis,,Lamiaceae,자생식물,5,,,귀함,0,,GBIF관찰+KPNI정명,,,,,,
,부산마디풀,부산마디풀,Polygonum humifusum,,Polygonaceae,자생식물,5,,,귀함,1,1:0/2:0/3:0/4:0/5:0/6:0/7:0/8:0/9:1/10:0/11:0/12:0,GBIF관찰+KPNI정명,,,,,,
,중국할미꽃,중국할미꽃,Pulsatilla chinensis,,Ranunculaceae,자생식물,5,,,귀함,1,1:0/2:0/3:0/4:0/5:1/6:0/7:0/8:0/9:0/10:0/11:0/12:0,GBIF관찰+KPNI정명,,,,,,
,호노루발,호노루발,Pyrola dahurica,,Pyrolaceae,자생식물,5,,,귀함,0,,GBIF관찰+KPNI정명,,,,,,
,함경딸기,함경딸기,Rubus arcticus,,Rosaceae,자생식물,5,,,귀함,0,,GBIF관찰+KPNI정명,,,,,,
,호대황,호대황,Rumex gmelinii,,Polygonaceae,자생식물,5,,,귀함,0,,GBIF관찰+KPNI정명,,,,,,
,버들취,버들취,Saussurea amurensis,,Asteraceae,자생식물,5,,,귀함,0,,GBIF관찰+KPNI정명,,,,,,
,남포분취,남포분취,Saussurea chinnampoensis,,Asteraceae,자생식물,5,,,귀함,0,,GBIF관찰+KPNI정명,,,,,,
,백운취,백운취,Saussurea insularis,,Asteraceae,자생식물,5,,,귀함,1,1:0/2:0/3:0/4:0/5:0/6:0/7:0/8:0/9:1/10:0/11:0/12:0,GBIF관찰+KPNI정명,,,,,,
,둥근잎비름,둥근잎비름,Sedum makinoi,,Crassulaceae,자생식물,5,,,귀함,3,1:0/2:0/3:0/4:2/5:1/6:0/7:0/8:0/9:0/10:0/11:0/12:0,GBIF관찰+KPNI정명,,,,,,
,멕시코돌나물,멕시코돌나물,Sedum mexicanum,,Crassulaceae,재배식물,5,,,귀함,4,1:0/2:0/3:0/4:0/5:1/6:1/7:0/8:0/9:2/10:0/11:0/12:0,GBIF관찰+KPNI정명,,,,,,
,별꽃풀,별꽃풀,Swertia veratroides,,Gentianaceae,자생식물,5,,,귀함,1,1:0/2:0/3:0/4:0/5:0/6:1/7:0/8:0/9:0/10:0/11:0/12:0,GBIF관찰+KPNI정명,,,,,,
,덩굴옻나무,덩굴옻나무,Toxicodendron orientale,,Anacardiaceae,자생식물,5,,,귀함,0,,GBIF관찰+KPNI정명,,,,,,
,구름제비꽃,구름제비꽃,Viola crassa,,Violaceae,자생식물,5,,,귀함,0,,GBIF관찰+KPNI정명,,,,,,
,좀부추,좀부추,Allium minus,,Liliaceae,자생식물,4,,,귀함,2,1:0/2:0/3:0/4:0/5:0/6:0/7:0/8:0/9:2/10:0/11:0/12:0,GBIF관찰+KPNI정명,,,,,,
,외대바람꽃,외대바람꽃,Anemone nikoensis,,Ranunculaceae,자생식물,4,,,귀함,0,,GBIF관찰+KPNI정명,,,,,,
,좁은잎가막사리,좁은잎가막사리,Bidens cernua,,Asteraceae,자생식물,4,,,귀함,3,1:1/2:0/3:0/4:0/5:0/6:0/7:0/8:0/9:2/10:0/11:0/12:0,GBIF관찰+KPNI정명,,,,,,
,어항마름,어항마름,Cabomba caroliniana,,Cabombaceae,재배식물,4,,,귀함,0,,GBIF관찰+KPNI정명,,,,,,
,좀골담초,좀골담초,Caragana microphylla,,Fabaceae,자생식물,4,,,귀함,2,1:0/2:0/3:0/4:1/5:1/6:0/7:0/8:0/9:0/10:0/11:0/12:0,GBIF관찰+KPNI정명,,,,,,
,산궁궁이,산궁궁이,Conioselinum smithii,,Apiaceae,자생식물,4,,,귀함,0,,GBIF관찰+KPNI정명,,,,,,
,수염현호색,수염현호색,Corydalis caudata,,Fumariaceae,자생식물,4,,,귀함,4,1:0/2:0/3:0/4:4/5:0/6:0/7:0/8:0/9:0/10:0/11:0/12:0,GBIF관찰+KPNI정명,,,,,,
,둥근잎개야광,둥근잎개야광,Cotoneaster integerrimus,,Rosaceae,자생식물,4,,,귀함,0,,GBIF관찰+KPNI정명,,,,,,
,두잎약난초,두잎약난초,Cremastra unguiculata,,Orchidaceae,자생식물,4,,,귀함,0,,GBIF관찰+KPNI정명,,,,,,
,한란,한란,Cymbidium kanran,,Orchidaceae,자생식물,4,,,귀함,0,,GBIF관찰+KPNI정명,,,,,,
,넓은잎큰조롱,넓은잎큰조롱,Cynanchum boudieri,,Apocynaceae,재배식물,4,,,귀함,2,1:0/2:0/3:0/4:0/5:0/6:0/7:0/8:0/9:1/10:1/11:0/12:0,GBIF관찰+KPNI정명,,,,,,
,양반풀,양반풀,Cynanchum thesioides,,Apocynaceae,자생식물,4,,,귀함,0,,GBIF관찰+KPNI정명,,,,,,
,참제비고깔,참제비고깔,Delphinium ajacis,,Ranunculaceae,재배식물,4,,,귀함,0,,GBIF관찰+KPNI정명,,,,,,
,참돌매화나무,참돌매화나무,Diapensia lapponica,,Diapensiaceae,재배식물,4,,,귀함,0,,GBIF관찰+KPNI정명,,,,,,
,애기병꽃,애기병꽃,Diervilla sessilifolia,,Caprifoliaceae,재배식물,4,,,귀함,0,,GBIF관찰+KPNI정명,,,,,,
,관모개미자리,관모개미자리,Eremogone capillaris,,Caryophyllaceae,자생식물,4,,,귀함,0,,GBIF관찰+KPNI정명,,,,,,
,애기좁쌀풀,애기좁쌀풀,Euphrasia coreanalpina,,Scrophulariaceae,자생식물,4,,,귀함,0,,GBIF관찰+KPNI정명,,,,,,
,까실천인국,까실천인국,Gaillardia aristata,,Asteraceae,재배식물,4,,,귀함,0,,GBIF관찰+KPNI정명,,,,,,
,민둥갈퀴덩굴,민둥갈퀴덩굴,Galium tricornutum,,Rubiaceae,외래식물,4,,,귀함,1,1:0/2:0/3:0/4:0/5:0/6:0/7:1/8:0/9:0/10:0/11:0/12:0,GBIF관찰+KPNI정명,,,,,,
,산용담,산용담,Gentiana algida,,Gentianaceae,자생식물,4,,,귀함,0,,GBIF관찰+KPNI정명,,,,,,
,꽃생강,꽃생강,Hedychium coronarium,,Zingiberaceae,재배식물,4,,,귀함,2,1:0/2:0/3:0/4:0/5:0/6:0/7:0/8:0/9:2/10:0/11:0/12:0,GBIF관찰+KPNI정명,,,,,,
,성널수국,성널수국,Hydrangea luteovenosa,,Saxifragaceae,자생식물,4,,,귀함,0,,GBIF관찰+KPNI정명,,,,,,
,나비잎유홍초,나비잎유홍초,Ipomoea cristulata,,Convolvulaceae,외래식물,4,,,귀함,0,,GBIF관찰+KPNI변종정명,,,,,,
,긴잎곰취,긴잎곰취,Ligularia jaluensis,,Asteraceae,자생식물,4,,,귀함,0,,GBIF관찰+KPNI정명,,,,,,
,치자풀,치자풀,Monochasma sheareri,,Scrophulariaceae,자생식물,4,,,귀함,1,1:0/2:0/3:0/4:1/5:0/6:0/7:0/8:0/9:0/10:0/11:0/12:0,GBIF관찰+KPNI정명,,,,,,
,애기무엽란,애기무엽란,Neottia acuminata,,Orchidaceae,자생식물,4,,,귀함,0,,GBIF관찰+KPNI정명,,,,,,
,백운란,백운란,Odontochilus nakaianus,,Orchidaceae,자생식물,4,,,귀함,0,,GBIF관찰+KPNI정명,,,,,,
,왕달맞이꽃,왕달맞이꽃,Oenothera macrocarpa,,Onagraceae,재배식물,4,,,귀함,0,,GBIF관찰+KPNI정명,,,,,,
,올리브나무,올리브나무,Olea europaea,,Oleaceae,재배식물,4,,,귀함,1,1:0/2:0/3:0/4:0/5:0/6:0/7:0/8:0/9:0/10:0/11:1/12:0,GBIF관찰+KPNI정명,,,,,,
,속단아재비,속단아재비,Paraphlomis koreana,,Lamiaceae,자생식물,4,,,귀함,0,,GBIF관찰+KPNI정명,,,,,,
,애기제비란,애기제비란,Platanthera maximowicziana,,Orchidaceae,자생식물,4,,,귀함,1,1:0/2:0/3:0/4:0/5:0/6:0/7:1/8:0/9:0/10:0/11:0/12:0,GBIF관찰+KPNI정명,,,,,,
,가거양지꽃,가거양지꽃,Potentilla gageodoensis,,Rosaceae,자생식물,4,,,귀함,1,1:0/2:0/3:0/4:1/5:0/6:0/7:0/8:0/9:0/10:0/11:0/12:0,GBIF관찰+KPNI정명,,,,,,
,돌앵초,돌앵초,Primula saxatilis,,Primulaceae,자생식물,4,,,귀함,0,,GBIF관찰+KPNI정명,,,,,,
,만주미나리아재비,만주미나리아재비,Ranunculus grandis,,Ranunculaceae,자생식물,4,,,귀함,0,,GBIF관찰+KPNI정명,,,,,,
,좀참꽃,좀참꽃,Rhododendron redowskianum,,Ericaceae,자생식물,4,,,귀함,0,,GBIF관찰+KPNI정명,,,,,,
,단풍잎복분자,단풍잎복분자,Rubus chingii,,Rosaceae,자생식물,4,,,귀함,0,,GBIF관찰+KPNI정명,,,,,,
,제주산딸기,제주산딸기,Rubus nishimuranus,,Rosaceae,자생식물,4,,,귀함,1,1:0/2:0/3:0/4:0/5:1/6:0/7:0/8:0/9:0/10:0/11:0/12:0,GBIF관찰+KPNI정명,,,,,,
,선개미자리,선개미자리,Sagina micropetala,,Caryophyllaceae,외래식물,4,,,귀함,0,,GBIF관찰+KPNI정명,,,,,,
,구슬골무꽃,구슬골무꽃,Scutellaria moniliorhiza,,Lamiaceae,자생식물,4,,,귀함,0,,GBIF관찰+KPNI정명,,,,,,
,노랑까마중,노랑까마중,Solanum villosum,,Solanaceae,외래식물,4,,,귀함,1,1:0/2:0/3:0/4:0/5:0/6:0/7:0/8:0/9:0/10:1/11:0/12:0,GBIF관찰+KPNI정명,,,,,,
,바이칼꿩의다리,바이칼꿩의다리,Thalictrum baicalense,,Ranunculaceae,자생식물,4,,,귀함,0,,GBIF관찰+KPNI정명,,,,,,
,관동,관동,Tussilago farfara,,Asteraceae,재배식물,4,,,귀함,2,1:0/2:0/3:1/4:0/5:1/6:0/7:0/8:0/9:0/10:0/11:0/12:0,GBIF관찰+KPNI정명,,,,,,
,잔나비나물,잔나비나물,Vicia bifolia,,Fabaceae,자생식물,4,,,귀함,0,,GBIF관찰+KPNI정명,,,,,,
,방울제비꽃,방울제비꽃,Viola breviflora,,Violaceae,자생식물,4,,,귀함,0,,GBIF관찰+KPNI정명,,,,,,
,노랑부추,노랑부추,Allium condensatum,,Liliaceae,자생식물,3,,,귀함,0,,GBIF관찰+KPNI정명,,,,,,
,흰쑥,흰쑥,Artemisia stelleriana,,Asteraceae,자생식물,3,,,귀함,1,1:0/2:0/3:0/4:0/5:0/6:0/7:0/8:0/9:1/10:0/11:0/12:0,GBIF관찰+KPNI정명,,,,,,
,울진노루오줌,울진노루오줌,Astilbe uljinensis,,Saxifragaceae,자생식물,3,,,귀함,0,,GBIF관찰+KPNI정명,,,,,,
,산부채,산부채,Calla palustris,,Araceae,자생식물,3,,,귀함,0,,GBIF관찰+KPNI정명,,,,,,
,꽃냉이,꽃냉이,Cardamine pratensis,,Brassicaceae,자생식물,3,,,귀함,0,,GBIF관찰+KPNI정명,,,,,,
,해변노박덩굴,해변노박덩굴,Celastrus punctatus,,Celastraceae,자생식물,3,,,귀함,0,,GBIF관찰+KPNI정명,,,,,,
,기는괭이눈,기는괭이눈,Chrysosplenium epigealum,,Saxifragaceae,자생식물,3,,,귀함,0,,GBIF관찰+KPNI정명,,,,,,
,개탑꽃,개탑꽃,Clinopodium fauriei,,Lamiaceae,자생식물,3,,,귀함,0,,GBIF관찰+KPNI정명,,,,,,
,죽백란,죽백란,Cymbidium lancifolium,,Orchidaceae,자생식물,3,,,귀함,0,,GBIF관찰+KPNI정명,,,,,,
,주걱끈끈이주걱,주걱끈끈이주걱,Drosera spatulata,,Droseraceae,재배식물,3,,,귀함,1,1:0/2:0/3:0/4:0/5:0/6:1/7:0/8:0/9:0/10:0/11:0/12:0,GBIF관찰+KPNI정명,,,,,,
,천수국아재비,천수국아재비,Dyssodia papposa,,Asteraceae,외래식물,3,,,귀함,0,,GBIF관찰+KPNI정명,,,,,,
,회령바늘꽃,회령바늘꽃,Epilobium fastigiato-ramosum,,Onagraceae,자생식물,3,,,귀함,1,1:0/2:0/3:0/4:0/5:0/6:0/7:0/8:0/9:0/10:1/11:0/12:0,GBIF관찰+KPNI정명,,,,,,
,장흥곡정초,장흥곡정초,Eriocaulon buergerianum,,Eriocaulaceae,자생식물,3,,,귀함,0,,GBIF관찰+KPNI정명,,,,,,
,큰잎냉이,큰잎냉이,Erucastrum gallicum,,Brassicaceae,외래식물,3,,,귀함,0,,GBIF관찰+KPNI정명,,,,,,
,쓴메밀,쓴메밀,Fagopyrum tataricum,,Polygonaceae,외래식물,3,,,귀함,0,,GBIF관찰+KPNI정명,,,,,,
,갈래잎어수리,갈래잎어수리,Heracleum dissectum,,Apiaceae,자생식물,3,,,귀함,0,,GBIF관찰+KPNI정명,,,,,,
,만주붓꽃,만주붓꽃,Iris mandshurica,,Iridaceae,자생식물,3,,,귀함,0,,GBIF관찰+KPNI정명,,,,,,
,선나팔꽃,선나팔꽃,Jacquemontia tamnifolia,,Convolvulaceae,외래식물,3,,,귀함,0,,GBIF관찰+KPNI정명,,,,,,
,린네풀,린네풀,Linnaea borealis,,Caprifoliaceae,자생식물,3,,,귀함,0,,GBIF관찰+KPNI정명,,,,,,
,이란미나리,이란미나리,Lisaea heterocarpa,,Apiaceae,외래식물,3,,,귀함,0,,GBIF관찰+KPNI정명,,,,,,
,당남천죽,당남천죽,Mahonia fortunei,,Berberidaceae,재배식물,3,,,귀함,0,,GBIF관찰+KPNI정명,,,,,,
,세잎솜대,세잎솜대,Maianthemum trifolium,,Liliaceae,자생식물,3,,,귀함,0,,GBIF관찰+KPNI정명,,,,,,
,구슬다닥냉이,구슬다닥냉이,Neslia paniculata,,Brassicaceae,외래식물,3,,,귀함,0,,GBIF관찰+KPNI정명,,,,,,
,시루산돔부,시루산돔부,Oxytropis strobilacea,,Fabaceae,자생식물,3,,,귀함,0,,GBIF관찰+KPNI정명,,,,,,
,구름제비란,구름제비란,Platanthera ophrydioides,,Orchidaceae,자생식물,3,,,귀함,1,1:0/2:0/3:0/4:0/5:0/6:0/7:1/8:0/9:0/10:0/11:0/12:0,GBIF관찰+KPNI정명,,,,,,
,미국갯마디풀,미국갯마디풀,Polygonum ramosissimum,,Polygonaceae,외래식물,3,,,귀함,1,1:0/2:0/3:0/4:0/5:0/6:0/7:0/8:0/9:0/10:1/11:0/12:0,GBIF관찰+KPNI정명,,,,,,
,갈래꿀풀,갈래꿀풀,Prunella intermedia,,Lamiaceae,자생식물,3,,,귀함,0,,GBIF관찰+KPNI정명,,,,,,
,가시까치밥나무,가시까치밥나무,Ribes diacantha,,Saxifragaceae,자생식물,3,,,귀함,0,,GBIF관찰+KPNI정명,,,,,,
,명자순,명자순,Ribes maximoviczianum,,Saxifragaceae,자생식물,3,,,귀함,0,,GBIF관찰+KPNI정명,,,,,,
,섬강개갓냉이,섬강개갓냉이,Rorippa apetala,,Brassicaceae,자생식물,3,,,귀함,1,1:0/2:0/3:0/4:0/5:0/6:1/7:0/8:0/9:0/10:0/11:0/12:0,GBIF관찰+KPNI정명,,,,,,
,민생열귀나무,민생열귀나무,Rosa silenidiflora,,Rosaceae,자생식물,3,,,귀함,0,,GBIF관찰+KPNI정명,,,,,,
,다발골무꽃,다발골무꽃,Scutellaria asperiflora,,Lamiaceae,자생식물,3,,,귀함,0,,GBIF관찰+KPNI정명,,,,,,
,잎꽃돌나물,잎꽃돌나물,Sedum kiangnanense,,Crassulaceae,자생식물,3,,,귀함,0,,GBIF관찰+KPNI정명,,,,,,
,호산장구채,호산장구채,Silene foliosa,,Caryophyllaceae,자생식물,3,,,귀함,0,,GBIF관찰+KPNI정명,,,,,,
,실통발,실통발,Utricularia minor,,Lentibulariaceae,자생식물,3,,,귀함,0,,GBIF관찰+KPNI정명,,,,,,
,미국마편초,미국마편초,Verbena hastata,,Verbenaceae,재배식물,3,,,귀함,0,,GBIF관찰+KPNI정명,,,,,,
,사향제비꽃,사향제비꽃,Viola obtusa,,Violaceae,자생식물,3,,,귀함,1,1:0/2:0/3:0/4:1/5:0/6:0/7:0/8:0/9:0/10:0/11:0/12:0,GBIF관찰+KPNI정명,,,,,,
,창원제비꽃,창원제비꽃,Viola palmata,,Violaceae,외래식물,3,,,귀함,0,,GBIF관찰+KPNI정명,,,,,,
,신안새우난초,신안새우난초,Calanthe aristulifera,,Orchidaceae,자생식물,2,,,귀함,0,,GBIF관찰+KPNI변종정명,,,,,,
,큰매화노루발,큰매화노루발,Chimaphila umbellata,,Pyrolaceae,자생식물,2,,,귀함,0,,GBIF관찰+KPNI정명,,,,,,
,천지괭이눈,천지괭이눈,Chrysosplenium macrospermum,,Saxifragaceae,자생식물,2,,,귀함,0,,GBIF관찰+KPNI정명,,,,,,
,가지곡정초,가지곡정초,Eriocaulon setaceum,,Eriocaulaceae,자생식물,2,,,귀함,1,1:0/2:0/3:0/4:0/5:0/6:0/7:0/8:0/9:1/10:0/11:0/12:0,GBIF관찰+KPNI정명,,,,,,
,한라천마,한라천마,Gastrodia pubilabiata,,Orchidaceae,자생식물,2,,,귀함,1,1:0/2:0/3:0/4:0/5:0/6:0/7:0/8:0/9:0/10:1/11:0/12:0,GBIF관찰+KPNI정명,,,,,,
,우단쥐손이,우단쥐손이,Geranium wlassovianum,,Geraniaceae,자생식물,2,,,귀함,0,,GBIF관찰+KPNI정명,,,,,,
,노랑제주무엽란,노랑제주무엽란,Lecanorchis suginoana,,Orchidaceae,자생식물,2,,,귀함,0,,GBIF관찰+KPNI정명,,,,,,
,홀꽃노루발,홀꽃노루발,Moneses uniflora,,Pyrolaceae,자생식물,2,,,귀함,0,,GBIF관찰+KPNI정명,,,,,,
,한라새둥지란,한라새둥지란,Neottia kiusiana,,Orchidaceae,자생식물,2,,,귀함,0,,GBIF관찰+KPNI정명,,,,,,
,영아리난초,영아리난초,Nervilia nipponica,,Orchidaceae,자생식물,2,,,귀함,0,,GBIF관찰+KPNI정명,,,,,,
,유럽수련,유럽수련,Nymphaea alba,,Nymphaeaceae,재배식물,2,,,귀함,1,1:0/2:0/3:0/4:0/5:1/6:0/7:0/8:0/9:0/10:0/11:0/12:0,GBIF관찰+KPNI정명,,,,,,
,새끼노루발,새끼노루발,Orthilia secunda,,Pyrolaceae,자생식물,2,,,귀함,0,,GBIF관찰+KPNI정명,,,,,,
,갈기기름나물,갈기기름나물,Peucedanum chujaense,,Apiaceae,자생식물,2,,,귀함,0,,GBIF관찰+KPNI정명,,,,,,
,애기개별꽃,애기개별꽃,Pseudostellaria baekdusanensis,,Caryophyllaceae,자생식물,2,,,귀함,0,,GBIF관찰+KPNI정명,,,,,,
,서양딱총나무,서양딱총나무,Sambucus nigra,,Caprifoliaceae,재배식물,2,,,귀함,0,,GBIF관찰+KPNI정명,,,,,,
,얼룩닭의장풀,얼룩닭의장풀,Tradescantia fluminensis,,Commelinaceae,재배식물,2,,,귀함,1,1:0/2:0/3:0/4:0/5:0/6:1/7:0/8:0/9:0/10:0/11:0/12:0,GBIF관찰+KPNI정명,,,,,,
146,잔대,잔대,Adenophora triphylla var. japonica,Adenophora triphylla,Campanulaceae,자생식물,0,8~9월,가을,,808,1:81/2:0/3:3/4:33/5:59/6:62/7:74/8:247/9:184/10:57/11:8/12:0,기존200종(관찰기록없음)·관찰수는원종중복이라제외,Y,Adenophora triphylla,보라,산지·풀밭,중,-
,왕자귀나무,왕자귀나무,Albizia macrophylla,,,자생식물,0,,,,0,,GBIF관찰+KPNI이명해소,,,,,,
,참두메부추,참두메부추,Allium alatoscapum,,,자생식물,0,,,,0,,GBIF관찰+KPNI이명해소,,,,,,
78,아네모네,,Anemone coronaria,,,미확인,0,,,,0,,기존200종(관찰기록없음),Y,,기타,화단,중,-
184,쑥부쟁이,쑥부쟁이,Aster indicus,,Asteraceae,자생식물,0,,,,0,,기존200종(관찰기록없음),Y,Aster yomena,보라,길가·풀밭,상,"벌개미취,미국쑥부쟁이"
187,참취,참취,Aster scaber,,Asteraceae,자생식물,0,,,,0,,기존200종(관찰기록없음),Y,,흰색,산지 숲,상,미국쑥부쟁이
131,노루오줌,노루오줌,Astilbe chinensis,,Saxifragaceae,자생식물,0,,,,0,,기존200종(관찰기록없음),Y,Astilbe rubra,분홍,산지 계곡,중,-
167,베고니아,,Begonia semperflorens,,,미확인,0,,,,0,,기존200종(관찰기록없음),Y,,분홍,화단·화분,중,임파첸스
145,섬초롱꽃,섬초롱꽃,Campanula takesimana,,Campanulaceae,자생식물,0,,,,0,,기존200종(관찰기록없음),Y,,분홍,울릉도·화단,중,초롱꽃
175,칸나,,Canna generalis,,,미확인,0,,,,0,,기존200종(관찰기록없음),Y,,붉은색,화단·공원,하,-
164,맨드라미,,Celosia cristata,,,미확인,0,,,,0,,기존200종(관찰기록없음),Y,,붉은색,화단,하,-
44,애기똥풀,,Chelidonium majus,,,미확인,0,,,,0,,기존200종(관찰기록없음),Y,,노랑,길가·담장 밑,중,씀바귀
179,국화,국화,Chrysanthemum morifolium,,,재배식물,0,,,,0,,기존200종(관찰기록없음),Y,,기타,화단·전시·화분,중,"산국,감국"
182,구절초,구절초,Chrysanthemum naktongensis,,,자생식물,0,,,,0,,기존200종(관찰기록없음),Y,Dendranthema zawadskii,흰색,산지·화단,중,"쑥부쟁이,벌개미취"
180,산국,산국,Chrysanthemum seticuspe,,,자생식물,0,,,,0,,기존200종(관찰기록없음),Y,Chrysanthemum boreale,노랑,산기슭·풀밭,상,"감국,국화"
49,엉겅퀴,엉겅퀴,Cirsium japonicum var. maackii,Cirsium japonicum,Asteraceae,자생식물,0,5~7월,여름,,40,1:0/2:0/3:0/4:3/5:14/6:14/7:6/8:1/9:2/10:0/11:0/12:0,기존200종(관찰기록없음)·관찰수는원종중복이라제외,Y,Cirsium japonicum,보라,들·산기슭,중,지칭개
100,으아리,으아리,Clematis mandshurica,,Ranunculaceae,자생식물,0,,,,0,,기존200종(관찰기록없음),Y,Clematis terniflora,흰색,산기슭,상,사위질빵
125,층층이꽃,층층이꽃,Clinopodium chinense var. parviflorum,Clinopodium chinense,,자생식물,0,,,,0,,기존200종(관찰기록없음),Y,Clinopodium chinense,분홍,산기슭·풀밭,상,배초향
57,현호색,현호색,Corydalis remota,,Fumariaceae,자생식물,0,,,,0,,기존200종(관찰기록없음),Y,,보라,산지 숲,상,-
72,크로커스,,Crocus vernus,,,미확인,0,,,,0,,기존200종(관찰기록없음),Y,,보라,화단,중,-
173,다알리아,,Dahlia pinnata,,,미확인,0,,,,0,,기존200종(관찰기록없음),Y,,기타,화단,중,백일홍
119,수염패랭이꽃,수염패랭이꽃,Dianthus barbatus var. asiaticus,Dianthus barbatus,,자생식물,0,,,,0,,기존200종(관찰기록없음),Y,Dianthus barbatus,붉은색,화단,중,패랭이꽃
101,개망초,개망초,Erigeron annuus,,Asteraceae,외래식물,0,,,,0,,기존200종(관찰기록없음),Y,,흰색,공터·길가,중,"망초,실망초"
76,프리지어,,Freesia refracta,,,미확인,0,,,,0,,기존200종(관찰기록없음),Y,,노랑,화단·화분,중,-
,애기중의무릇,애기중의무릇,Gagea terracianoana,,,자생식물,0,,,,0,,GBIF관찰+KPNI이명해소,,,,,,
172,가자니아,,Gazania rigens,,,미확인,0,,,,0,,기존200종(관찰기록없음),Y,,노랑,화단,중,-
174,글라디올러스,,Gladiolus hybridus,,,미확인,0,,,,0,,기존200종(관찰기록없음),Y,,기타,화단·밭,중,-
177,천일홍,,Gomphrena globosa,,Amaranthaceae,미확인,0,,,,0,,기존200종(관찰기록없음),Y,,분홍,화단,하,-
171,안개꽃,안개초,Gypsophila elegans,,,재배식물,0,,,,0,,기존200종(관찰기록없음),Y,,흰색,화단·꽃다발,중,-
48,지칭개,,Hemistepta lyrata,,,미확인,0,,,,0,,기존200종(관찰기록없음),Y,,보라,길가·공터,중,엉겅퀴
,일월비비추,일월비비추,Hosta nakaiana,,,자생식물,0,,,,0,,GBIF관찰+KPNI이명해소,,,,,,
70,히아신스,,Hyacinthus orientalis,,,미확인,0,,,,0,,기존200종(관찰기록없음),Y,,보라,화단·화분,하,무스카리
166,임파첸스,,Impatiens walleriana,,,미확인,0,,,,0,,기존200종(관찰기록없음),Y,,분홍,화단 그늘,상,"봉선화,베고니아"
127,라벤더,,Lavandula angustifolia,,,미확인,0,,,,0,,기존200종(관찰기록없음),Y,,보라,화단·허브 농원,하,-
148,백합,백합,Lilium longiflorum,,,재배식물,0,,,,0,,기존200종(관찰기록없음),Y,,흰색,화단·화분,중,참나리
55,벌노랑이,벌노랑이,Lotus corniculatus var. japonica,Lotus corniculatus,Fabaceae,자생식물,0,5~8월,여름,,76,1:0/2:0/3:0/4:3/5:12/6:19/7:22/8:16/9:4/10:0/11:0/12:0,기존200종(관찰기록없음)·관찰수는원종중복이라제외,Y,Lotus corniculatus,노랑,길가·잔디밭,중,-
136,좁쌀풀,좁쌀풀,Lysimachia vulgaris var. davurica,Lysimachia vulgaris,,자생식물,0,,,,0,,기존200종(관찰기록없음),Y,Lysimachia vulgaris,노랑,습지·풀밭,중,-
128,부처꽃,부처꽃,Lythrum salicaria subsp. anceps,Lythrum salicaria,Lythraceae,자생식물,0,7~9월,여름,,288,1:13/2:0/3:0/4:4/5:7/6:26/7:101/8:86/9:42/10:8/11:1/12:0,기존200종(관찰기록없음)·관찰수는원종중복이라제외,Y,Lythrum anceps,보라,습지·물가,중,-
126,박하,박하,Mentha arvensis var. piperascens,Mentha arvensis,,자생식물,0,,,,0,,기존200종(관찰기록없음),Y,Mentha canadensis,보라,물가·밭,상,-
199,억새,,Miscanthus sinensis,,Poaceae,미확인,0,,,,0,,기존200종(관찰기록없음),Y,,기타,산지·하천·억새밭,중,수크령
71,무스카리,,Muscari armeniacum,,,미확인,0,,,,0,,기존200종(관찰기록없음),Y,,파랑,화단,하,히아신스
80,물망초,물망초,Myosotis scorpioides,,Boraginaceae,재배식물,0,,,,0,,기존200종(관찰기록없음),Y,,파랑,화단·물가,상,꽃마리
69,수선화,,Narcissus tazetta,,,미확인,0,,,,0,,기존200종(관찰기록없음),Y,,노랑,화단·공원,하,-
116,낮달맞이꽃,낮달맞이꽃,Oenothera tetragona,,,재배식물,0,,,,0,,기존200종(관찰기록없음),Y,Oenothera speciosa,분홍,화단·도로변,하,달맞이꽃
27,모란,모란,Paeonia suffruticosa,,,재배식물,0,,,,0,,기존200종(관찰기록없음),Y,,붉은색,정원·고궁,중,작약
191,마타리,마타리,Patrinia serratulifolia,,,자생식물,0,,,,0,,GBIF관찰+KPNI이명해소,Y,Patrinia scabiosifolia,노랑,산기슭·풀밭,중,뚝갈
165,제라늄,,Pelargonium inquinans,,,미확인,0,,,,0,,기존200종(관찰기록없음),Y,,붉은색,화분·베란다,중,-
200,수크령,,Pennisetum alopecuroides,,Poaceae,미확인,0,,,,0,,기존200종(관찰기록없음),Y,,기타,길가·도로변,중,억새
139,여뀌,여뀌,Persicaria hydropiper,,Polygonaceae,자생식물,0,,,,0,,기존200종(관찰기록없음),Y,,분홍,물가·논둑,상,"개여뀌,고마리"
160,페튜니아,,Petunia hybrida,,,미확인,0,,,,0,,기존200종(관찰기록없음),Y,,기타,화단·걸이 화분,중,-
133,기린초,기린초,Phedimus aizoon var. floribundus,Phedimus aizoon,Crassulaceae,자생식물,0,5~8월,여름,,138,1:4/2:0/3:0/4:1/5:18/6:49/7:34/8:19/9:13/10:0/11:0/12:0,기존200종(관찰기록없음)·관찰수는원종중복이라제외,Y,Phedimus kamtschaticus,노랑,바위·화단,중,돌나물
79,꽃잔디,꽃잔디,Phlox subulata,,,재배식물,0,,,,0,,기존200종(관찰기록없음),Y,,분홍,화단·경사면,하,-
122,꿀풀,꿀풀,Prunella vulgaris subsp. asiatica,Prunella vulgaris,Lamiaceae,자생식물,0,5~7월,여름,,1193,1:14/2:0/3:5/4:44/5:279/6:452/7:245/8:88/9:39/10:21/11:6/12:0,기존200종(관찰기록없음)·관찰수는원종중복이라제외,Y,Prunella vulgaris,보라,풀밭·산기슭,중,배초향
8,복사꽃,복사나무,Prunus persica,,Rosaceae,재배식물,0,,,,0,,기존200종(관찰기록없음),Y,,분홍,과수원·주택가,상,"살구꽃,벚꽃"
5,벚꽃,왕벚나무,Prunus yedoensis,,,재배식물,0,,,,0,,기존200종(관찰기록없음),Y,,분홍,가로수·공원,상,"매화,살구꽃,자두꽃"
93,칡꽃,,Pueraria lobata,,Fabaceae,미확인,0,,,,0,,기존200종(관찰기록없음),Y,,보라,산기슭·공터,중,"싸리,등나무"
58,할미꽃,할미꽃,Pulsatilla koreana,,Ranunculaceae,자생식물,0,,,,0,,기존200종(관찰기록없음),Y,,보라,산소·풀밭,하,-
77,라넌큘러스,,Ranunculus asiaticus,,,미확인,0,,,,0,,기존200종(관찰기록없음),Y,,기타,화단·화분,중,-
4,영산홍,영산홍,Rhododendron indicum,,,재배식물,0,,,,0,,기존200종(관찰기록없음),Y,,붉은색,화단·가로 조경,중,"철쭉,진달래"
81,장미,,Rosa hybrida,,,미확인,0,,,,0,,기존200종(관찰기록없음),Y,,붉은색,화단·담장,중,"찔레꽃,해당화"
107,원추천인국,원추천인국,Rudbeckia bicolor,,Asteraceae,재배식물,0,,,,0,,기존200종(관찰기록없음),Y,Rudbeckia hirta,노랑,화단·도로변,중,"삼잎국화,해바라기"
121,끈끈이대나물,끈끈이대나물,Silene armeria,,Caryophyllaceae,재배식물,0,,,,0,,기존200종(관찰기록없음),Y,,분홍,길가·공터,중,-
18,조팝나무,조팝나무,Spiraea prunifolia f. simpliciflora,Spiraea prunifolia,Rosaceae,자생식물,0,4~5월,봄,,1176,1:15/2:4/3:74/4:525/5:328/6:78/7:53/8:29/9:20/10:40/11:10/12:0,기존200종(관찰기록없음)·관찰수는원종중복이라제외,Y,Spiraea prunifolia,흰색,공원·도로변,중,쥐똥나무
19,수수꽃다리,수수꽃다리,Syringa oblata var. dilatata,Syringa oblata,,자생식물,0,,,,0,,기존200종(관찰기록없음),Y,Syringa dilatata,보라,공원·학교,중,-
162,만수국,만수국,Tagetes patula,,Asteraceae,재배식물,0,,,,0,,기존200종(관찰기록없음),Y,,노랑,화단,상,메리골드
176,한련화,,Tropaeolum majus,,,미확인,0,,,,0,,기존200종(관찰기록없음),Y,,주황,화단·화분,중,-
68,튤립,,Tulipa gesneriana,,,미확인,0,,,,0,,기존200종(관찰기록없음),Y,,기타,화단·공원,하,-
169,버베나,가든버베나,Verbena hybrida,,,재배식물,0,,,,0,,기존200종(관찰기록없음),Y,,보라,화단·화분,중,버들마편초
34,남산제비꽃,남산제비꽃,Viola albida var. chaerophylloides,Viola albida,Violaceae,자생식물,0,4~5월,봄,,2185,1:47/2:2/3:163/4:845/5:466/6:197/7:113/8:96/9:137/10:94/11:25/12:0,기존200종(관찰기록없음)·관찰수는원종중복이라제외,Y,Viola albida,흰색,산지,상,제비꽃
74,비올라,,Viola cornuta,,,미확인,0,,,,0,,기존200종(관찰기록없음),Y,,기타,화단·화분,상,팬지
73,팬지,팬지,Viola wittrockiana,,,재배식물,0,,,,0,,기존200종(관찰기록없음),Y,,기타,화단·화분,중,"비올라,제비꽃"
