파일명,도감번호,이름,학명,과,개화기_초안,희귀도_초안,상태
0001_개나리.png,1,개나리,Forsythia koreana,Oleaceae,3~4월,흔함,납품됨(4자리로 개명 필요)
0002_진달래.png,2,진달래,Rhododendron mucronulatum,Ericaceae,3~5월,흔함,납품됨(4자리로 개명 필요)
0003_철쭉.png,3,철쭉,Rhododendron schlippenbachii,Ericaceae,4~7월,흔함,납품됨(4자리로 개명 필요)
0004_영산홍.png,4,영산홍,Rhododendron indicum,,,,납품됨(4자리로 개명 필요)
0005_벚꽃.png,5,벚꽃,Prunus yedoensis,,,,납품됨(4자리로 개명 필요)
0006_매화.png,6,매화,Prunus mume,Rosaceae,3월,흔함,납품됨(4자리로 개명 필요)
0007_살구꽃.png,7,살구꽃,Prunus armeniaca,Rosaceae,3~6월,보통,납품됨(4자리로 개명 필요)
0008_복사꽃.png,8,복사꽃,Prunus persica,Rosaceae,,,납품됨(4자리로 개명 필요)
0009_자두꽃.png,9,자두꽃,Prunus salicina,Rosaceae,,보통,납품됨(4자리로 개명 필요)
0010_백목련.png,10,백목련,Magnolia denudata,Magnoliaceae,3~4월,보통,납품됨(4자리로 개명 필요)
0011_목련.png,11,목련,Magnolia kobus,Magnoliaceae,3~6월,흔함,납품됨(4자리로 개명 필요)
0012_자목련.png,12,자목련,Magnolia liliiflora,Magnoliaceae,,보통,납품됨(4자리로 개명 필요)
0013_산수유.png,13,산수유,Cornus officinalis,Cornaceae,3~4월,흔함,납품됨(4자리로 개명 필요)
0014_생강나무.png,14,생강나무,Lindera obtusiloba,Lauraceae,,흔함,납품됨(4자리로 개명 필요)
0015_동백꽃.png,15,동백꽃,Camellia japonica,Theaceae,3~5월,흔함,납품됨(4자리로 개명 필요)
0016_애기동백.png,16,애기동백,Camellia sasanqua,Theaceae,12~1월,보통,납품됨(4자리로 개명 필요)
0017_명자나무꽃.png,17,명자나무꽃,Chaenomeles speciosa,Rosaceae,3~4월,보통,납품됨(4자리로 개명 필요)
0018_조팝나무.png,18,조팝나무,Spiraea prunifolia f. simpliciflora,Rosaceae,4~5월,,납품됨(4자리로 개명 필요)
0019_수수꽃다리.png,19,수수꽃다리,Syringa oblata var. dilatata,,,,납품됨(4자리로 개명 필요)
0020_이팝나무.png,20,이팝나무,Chionanthus retusus,Oleaceae,4~5월,흔함,납품됨(4자리로 개명 필요)
0021_아까시나무.png,21,아까시나무,Robinia pseudoacacia,Fabaceae,5~6월,흔함,납품됨(4자리로 개명 필요)
0022_등나무.png,22,등나무,Wisteria floribunda,Fabaceae,4~6월,흔함,납품됨(4자리로 개명 필요)
0023_병꽃나무.png,23,병꽃나무,Weigela subsessilis,Caprifoliaceae,4~6월,흔함,납품됨(4자리로 개명 필요)
0024_황매화.png,24,황매화,Kerria japonica,Rosaceae,4월,흔함,납품됨(4자리로 개명 필요)
0025_산딸나무.png,25,산딸나무,Cornus kousa,Cornaceae,5~6월,흔함,납품됨(4자리로 개명 필요)
0026_쥐똥나무.png,26,쥐똥나무,Ligustrum obtusifolium,Oleaceae,4~7월,흔함,납품됨(4자리로 개명 필요)
0027_모란.png,27,모란,Paeonia suffruticosa,,,,납품됨(4자리로 개명 필요)
0028_작약.png,28,작약,Paeonia lactiflora,Ranunculaceae,4~6월,보통,납품됨(4자리로 개명 필요)
0029_찔레꽃.png,29,찔레꽃,Rosa multiflora,Rosaceae,4~6월,흔함,납품됨(4자리로 개명 필요)
0030_마가목.png,30,마가목,Sorbus commixta,Rosaceae,,흔함,납품됨(4자리로 개명 필요)
0031_민들레.png,31,민들레,Taraxacum mongolicum,Asteraceae,4~5월,보통,납품됨(4자리로 개명 필요)
0032_서양민들레.png,32,서양민들레,Taraxacum officinale,Asteraceae,4~5월,흔함,납품됨(4자리로 개명 필요)
0033_제비꽃.png,33,제비꽃,Viola mandshurica,Violaceae,4~5월,흔함,납품됨(4자리로 개명 필요)
0034_남산제비꽃.png,34,남산제비꽃,Viola albida var. chaerophylloides,Violaceae,4~5월,,납품됨(4자리로 개명 필요)
0035_꽃마리.png,35,꽃마리,Trigonotis peduncularis,Boraginaceae,4~5월,흔함,납품됨(4자리로 개명 필요)
0036_큰개불알풀.png,36,큰개불알풀,Veronica persica,Scrophulariaceae,3~5월,흔함,납품됨(4자리로 개명 필요)
0037_봄맞이꽃.png,37,봄맞이꽃,Androsace umbellata,Primulaceae,4월,흔함,납품됨(4자리로 개명 필요)
0038_별꽃.png,38,별꽃,Stellaria media,Caryophyllaceae,3~5월,흔함,납품됨(4자리로 개명 필요)
0039_쇠별꽃.png,39,쇠별꽃,Stellaria aquatica,Caryophyllaceae,5~6월,흔함,납품됨(4자리로 개명 필요)
0040_개별꽃.png,40,개별꽃,Pseudostellaria heterophylla,Caryophyllaceae,4~5월,흔함,납품됨(4자리로 개명 필요)
0041_광대나물.png,41,광대나물,Lamium amplexicaule,Lamiaceae,3~4월,흔함,납품됨(4자리로 개명 필요)
0042_자주광대나물.png,42,자주광대나물,Lamium purpureum,Lamiaceae,3~4월,흔함,납품됨(4자리로 개명 필요)
0043_냉이.png,43,냉이,Capsella bursa-pastoris,Brassicaceae,3~5월,흔함,납품됨(4자리로 개명 필요)
0044_애기똥풀.png,44,애기똥풀,Chelidonium majus,,,,납품됨(4자리로 개명 필요)
0045_씀바귀.png,45,씀바귀,Ixeridium dentatum,Asteraceae,5~6월,흔함,납품됨(4자리로 개명 필요)
0046_고들빼기.png,46,고들빼기,Crepidiastrum sonchifolium,Asteraceae,4~6월,흔함,납품됨(4자리로 개명 필요)
0047_뽀리뱅이.png,47,뽀리뱅이,Youngia japonica,Asteraceae,4~6월,흔함,납품됨(4자리로 개명 필요)
0048_지칭개.png,48,지칭개,Hemistepta lyrata,,,,납품됨(4자리로 개명 필요)
0049_엉겅퀴.png,49,엉겅퀴,Cirsium japonicum var. maackii,Asteraceae,5~7월,,납품됨(4자리로 개명 필요)
0050_유채꽃.png,50,유채꽃,Brassica napus,Brassicaceae,4~5월,흔함,납품됨(4자리로 개명 필요)
0051_토끼풀.png,51,토끼풀,Trifolium repens,Fabaceae,4~7월,흔함,납품됨(4자리로 개명 필요)
0052_붉은토끼풀.png,52,붉은토끼풀,Trifolium pratense,Fabaceae,5~9월,흔함,납품됨(4자리로 개명 필요)
0053_살갈퀴.png,53,살갈퀴,Vicia sativa,Fabaceae,4~5월,흔함,납품됨(4자리로 개명 필요)
0054_자운영.png,54,자운영,Astragalus sinicus,Fabaceae,4~5월,흔함,납품됨(4자리로 개명 필요)
0055_벌노랑이.png,55,벌노랑이,Lotus corniculatus var. japonica,Fabaceae,5~8월,,납품됨(4자리로 개명 필요)
0056_금낭화.png,56,금낭화,Lamprocapnos spectabilis,Papaveraceae,4~5월,흔함,납품됨(4자리로 개명 필요)
0057_현호색.png,57,현호색,Corydalis remota,Fumariaceae,,,납품됨(4자리로 개명 필요)
0058_할미꽃.png,58,할미꽃,Pulsatilla koreana,Ranunculaceae,,,납품됨(4자리로 개명 필요)
0059_노루귀.png,59,노루귀,Hepatica asiatica,Ranunculaceae,2~5월,흔함,납품됨(4자리로 개명 필요)
0060_복수초.png,60,복수초,Adonis amurensis,Ranunculaceae,3~5월,흔함,납품됨(4자리로 개명 필요)
0061_변산바람꽃.png,61,변산바람꽃,Eranthis byunsanensis,Ranunculaceae,2~3월,보통,납품됨(4자리로 개명 필요)
0062_앵초.png,62,앵초,Primula sieboldii,Primulaceae,4~5월,흔함,납품됨(4자리로 개명 필요)
0063_은방울꽃.png,63,은방울꽃,Convallaria keiskei,Liliaceae,4~6월,흔함,납품됨(4자리로 개명 필요)
0064_붓꽃.png,64,붓꽃,Iris sanguinea,Iridaceae,5월,흔함,납품됨(4자리로 개명 필요)
0065_꽃창포.png,65,꽃창포,Iris ensata,Iridaceae,5~7월,흔함,납품됨(4자리로 개명 필요)
0066_노랑꽃창포.png,66,노랑꽃창포,Iris pseudacorus,Iridaceae,5월,흔함,납품됨(4자리로 개명 필요)
0067_등심붓꽃.png,67,등심붓꽃,Sisyrinchium rosulatum,Iridaceae,,보통,납품됨(4자리로 개명 필요)
0068_튤립.png,68,튤립,Tulipa gesneriana,,,,납품됨(4자리로 개명 필요)
0069_수선화.png,69,수선화,Narcissus tazetta,,,,납품됨(4자리로 개명 필요)
0070_히아신스.png,70,히아신스,Hyacinthus orientalis,,,,납품됨(4자리로 개명 필요)
0071_무스카리.png,71,무스카리,Muscari armeniacum,,,,납품됨(4자리로 개명 필요)
0072_크로커스.png,72,크로커스,Crocus vernus,,,,납품됨(4자리로 개명 필요)
0073_팬지.png,73,팬지,Viola wittrockiana,,,,납품됨(4자리로 개명 필요)
0074_비올라.png,74,비올라,Viola cornuta,,,,납품됨(4자리로 개명 필요)
0075_데이지.png,75,데이지,Bellis perennis,Asteraceae,,보통,납품됨(4자리로 개명 필요)
0076_프리지어.png,76,프리지어,Freesia refracta,,,,납품됨(4자리로 개명 필요)
0077_라넌큘러스.png,77,라넌큘러스,Ranunculus asiaticus,,,,납품됨(4자리로 개명 필요)
0078_아네모네.png,78,아네모네,Anemone coronaria,,,,납품됨(4자리로 개명 필요)
0079_꽃잔디.png,79,꽃잔디,Phlox subulata,,,,납품됨(4자리로 개명 필요)
0080_물망초.png,80,물망초,Myosotis scorpioides,Boraginaceae,,,납품됨(4자리로 개명 필요)
0081_장미.png,81,장미,Rosa hybrida,,,,납품됨(4자리로 개명 필요)
0082_해당화.png,82,해당화,Rosa rugosa,Rosaceae,5~8월,흔함,납품됨(4자리로 개명 필요)
0083_수국.png,83,수국,Hydrangea macrophylla,Saxifragaceae,4~7월,보통,납품됨(4자리로 개명 필요)
0084_산수국.png,84,산수국,Hydrangea serrata,Saxifragaceae,6~7월,흔함,납품됨(4자리로 개명 필요)
0085_나무수국.png,85,나무수국,Hydrangea paniculata,Saxifragaceae,7~9월,보통,납품됨(4자리로 개명 필요)
0086_능소화.png,86,능소화,Campsis grandiflora,Bignoniaceae,6~8월,보통,납품됨(4자리로 개명 필요)
0087_배롱나무.png,87,배롱나무,Lagerstroemia indica,Lythraceae,7~9월,흔함,납품됨(4자리로 개명 필요)
0088_무궁화.png,88,무궁화,Hibiscus syriacus,Malvaceae,7~9월,흔함,납품됨(4자리로 개명 필요)
0089_부용.png,89,부용,Hibiscus mutabilis,Malvaceae,6~10월,보통,납품됨(4자리로 개명 필요)
0090_자귀나무.png,90,자귀나무,Albizia julibrissin,Fabaceae,6~9월,흔함,납품됨(4자리로 개명 필요)
0091_회화나무.png,91,회화나무,Styphnolobium japonicum,Fabaceae,7~8월,보통,납품됨(4자리로 개명 필요)
0092_싸리.png,92,싸리,Lespedeza bicolor,Fabaceae,5~10월,흔함,납품됨(4자리로 개명 필요)
0093_칡꽃.png,93,칡꽃,Pueraria lobata,Fabaceae,,,납품됨(4자리로 개명 필요)
0094_인동덩굴.png,94,인동덩굴,Lonicera japonica,Caprifoliaceae,4~6월,흔함,납품됨(4자리로 개명 필요)
0095_치자나무.png,95,치자나무,Gardenia jasminoides,Rubiaceae,12월,보통,납품됨(4자리로 개명 필요)
0096_모감주나무.png,96,모감주나무,Koelreuteria paniculata,Sapindaceae,6~8월,흔함,납품됨(4자리로 개명 필요)
0097_개오동.png,97,개오동,Catalpa ovata,Bignoniaceae,5~8월,보통,납품됨(4자리로 개명 필요)
0098_큰꽃으아리.png,98,큰꽃으아리,Clematis patens,Ranunculaceae,5월,흔함,납품됨(4자리로 개명 필요)
0099_사위질빵.png,99,사위질빵,Clematis apiifolia,Ranunculaceae,,흔함,납품됨(4자리로 개명 필요)
0100_으아리.png,100,으아리,Clematis mandshurica,Ranunculaceae,,,납품됨(4자리로 개명 필요)
0101_개망초.png,101,개망초,Erigeron annuus,Asteraceae,,,납품됨(4자리로 개명 필요)
0102_망초.png,102,망초,Erigeron canadensis,Asteraceae,6~10월,흔함,납품됨(4자리로 개명 필요)
0103_실망초.png,103,실망초,Erigeron bonariensis,Asteraceae,6~10월,흔함,납품됨(4자리로 개명 필요)
0104_큰금계국.png,104,큰금계국,Coreopsis lanceolata,Asteraceae,5~7월,흔함,납품됨(4자리로 개명 필요)
0105_금계국.png,105,금계국,Coreopsis basalis,Asteraceae,5~9월,보통,납품됨(4자리로 개명 필요)
0106_기생초.png,106,기생초,Coreopsis tinctoria,Asteraceae,6~9월,보통,납품됨(4자리로 개명 필요)
0107_원추천인국.png,107,원추천인국,Rudbeckia bicolor,Asteraceae,,,납품됨(4자리로 개명 필요)
0108_삼잎국화.png,108,삼잎국화,Rudbeckia laciniata,Asteraceae,5~8월,보통,납품됨(4자리로 개명 필요)
0109_해바라기.png,109,해바라기,Helianthus annuus,Asteraceae,7~10월,보통,납품됨(4자리로 개명 필요)
0110_코스모스.png,110,코스모스,Cosmos bipinnatus,Asteraceae,9~10월,흔함,납품됨(4자리로 개명 필요)
0111_노랑코스모스.png,111,노랑코스모스,Cosmos sulphureus,Asteraceae,8~10월,보통,납품됨(4자리로 개명 필요)
0112_나팔꽃.png,112,나팔꽃,Ipomoea nil,Convolvulaceae,7~10월,흔함,납품됨(4자리로 개명 필요)
0113_메꽃.png,113,메꽃,Calystegia pubescens,Convolvulaceae,5~9월,흔함,납품됨(4자리로 개명 필요)
0114_애기나팔꽃.png,114,애기나팔꽃,Ipomoea lacunosa,Convolvulaceae,9~10월,흔함,납품됨(4자리로 개명 필요)
0115_달맞이꽃.png,115,달맞이꽃,Oenothera biennis,Onagraceae,5~10월,흔함,납품됨(4자리로 개명 필요)
0116_낮달맞이꽃.png,116,낮달맞이꽃,Oenothera tetragona,,,,납품됨(4자리로 개명 필요)
0117_접시꽃.png,117,접시꽃,Alcea rosea,Malvaceae,6~7월,보통,납품됨(4자리로 개명 필요)
0118_패랭이꽃.png,118,패랭이꽃,Dianthus chinensis,Caryophyllaceae,6~9월,흔함,납품됨(4자리로 개명 필요)
0119_수염패랭이꽃.png,119,수염패랭이꽃,Dianthus barbatus var. asiaticus,,,,납품됨(4자리로 개명 필요)
0120_술패랭이꽃.png,120,술패랭이꽃,Dianthus longicalyx,Caryophyllaceae,7~8월,흔함,납품됨(4자리로 개명 필요)
0121_끈끈이대나물.png,121,끈끈이대나물,Silene armeria,Caryophyllaceae,,,납품됨(4자리로 개명 필요)
0122_꿀풀.png,122,꿀풀,Prunella vulgaris subsp. asiatica,Lamiaceae,5~7월,,납품됨(4자리로 개명 필요)
0123_배초향.png,123,배초향,Agastache rugosa,Lamiaceae,8~10월,흔함,납품됨(4자리로 개명 필요)
0124_익모초.png,124,익모초,Leonurus japonicus,Lamiaceae,6~10월,흔함,납품됨(4자리로 개명 필요)
0125_층층이꽃.png,125,층층이꽃,Clinopodium chinense var. parviflorum,,,,납품됨(4자리로 개명 필요)
0126_박하.png,126,박하,Mentha arvensis var. piperascens,,,,납품됨(4자리로 개명 필요)
0127_라벤더.png,127,라벤더,Lavandula angustifolia,,,,납품됨(4자리로 개명 필요)
0128_부처꽃.png,128,부처꽃,Lythrum salicaria subsp. anceps,Lythraceae,7~9월,,납품됨(4자리로 개명 필요)
0129_물봉선.png,129,물봉선,Impatiens textorii,Balsaminaceae,9~10월,흔함,납품됨(4자리로 개명 필요)
0130_봉선화.png,130,봉선화,Impatiens balsamina,Balsaminaceae,7~10월,보통,납품됨(4자리로 개명 필요)
0131_노루오줌.png,131,노루오줌,Astilbe chinensis,Saxifragaceae,,,납품됨(4자리로 개명 필요)
0132_돌나물.png,132,돌나물,Sedum sarmentosum,Crassulaceae,4~7월,흔함,납품됨(4자리로 개명 필요)
0133_기린초.png,133,기린초,Phedimus aizoon var. floribundus,Crassulaceae,5~8월,,납품됨(4자리로 개명 필요)
0134_큰까치수염.png,134,큰까치수염,Lysimachia clethroides,Primulaceae,5~9월,흔함,납품됨(4자리로 개명 필요)
0135_까치수염.png,135,까치수염,Lysimachia barystachys,Primulaceae,5~8월,흔함,납품됨(4자리로 개명 필요)
0136_좁쌀풀.png,136,좁쌀풀,Lysimachia vulgaris var. davurica,,,,납품됨(4자리로 개명 필요)
0137_짚신나물.png,137,짚신나물,Agrimonia pilosa,Rosaceae,5~9월,흔함,납품됨(4자리로 개명 필요)
0138_이질풀.png,138,이질풀,Geranium thunbergii,Geraniaceae,8~9월,흔함,납품됨(4자리로 개명 필요)
0139_여뀌.png,139,여뀌,Persicaria hydropiper,Polygonaceae,,,납품됨(4자리로 개명 필요)
0140_개여뀌.png,140,개여뀌,Persicaria longiseta,Polygonaceae,9~10월,흔함,납품됨(4자리로 개명 필요)
0141_고마리.png,141,고마리,Persicaria thunbergii,Polygonaceae,9~10월,흔함,납품됨(4자리로 개명 필요)
0142_이삭여뀌.png,142,이삭여뀌,Persicaria filiformis,Polygonaceae,7~10월,흔함,납품됨(4자리로 개명 필요)
0143_도라지.png,143,도라지,Platycodon grandiflorus,Campanulaceae,7~8월,흔함,납품됨(4자리로 개명 필요)
0144_초롱꽃.png,144,초롱꽃,Campanula punctata,Campanulaceae,5~7월,흔함,납품됨(4자리로 개명 필요)
0145_섬초롱꽃.png,145,섬초롱꽃,Campanula takesimana,Campanulaceae,,,납품됨(4자리로 개명 필요)
0146_잔대.png,146,잔대,Adenophora triphylla var. japonica,Campanulaceae,8~9월,,납품됨(4자리로 개명 필요)
0147_참나리.png,147,참나리,Lilium lancifolium,Liliaceae,5~7월,흔함,납품됨(4자리로 개명 필요)
0148_백합.png,148,백합,Lilium longiflorum,,,,납품됨(4자리로 개명 필요)
0149_원추리.png,149,원추리,Hemerocallis fulva,Liliaceae,7~8월,흔함,납품됨(4자리로 개명 필요)
0150_노랑원추리.png,150,노랑원추리,Hemerocallis thunbergii,Liliaceae,7~8월,보통,납품됨(4자리로 개명 필요)
0151_옥잠화.png,151,옥잠화,Hosta plantaginea,Liliaceae,5~9월,보통,납품됨(4자리로 개명 필요)
0152_비비추.png,152,비비추,Hosta longipes,Liliaceae,5~9월,흔함,납품됨(4자리로 개명 필요)
0153_상사화.png,153,상사화,Lycoris squamigera,Amaryllidaceae,7~8월,보통,납품됨(4자리로 개명 필요)
0154_연꽃.png,154,연꽃,Nelumbo nucifera,Nelumbonaceae,6~9월,흔함,납품됨(4자리로 개명 필요)
0155_수련.png,155,수련,Nymphaea tetragona,Nymphaeaceae,5~10월,보통,납품됨(4자리로 개명 필요)
0156_부추꽃.png,156,부추꽃,Allium tuberosum,Liliaceae,8~10월,보통,납품됨(4자리로 개명 필요)
0157_백일홍.png,157,백일홍,Zinnia elegans,Asteraceae,6~10월,보통,납품됨(4자리로 개명 필요)
0158_채송화.png,158,채송화,Portulaca grandiflora,Portulacaceae,7~9월,보통,납품됨(4자리로 개명 필요)
0159_송엽국.png,159,송엽국,Lampranthus spectabilis,Aizoaceae,,귀함,납품됨(4자리로 개명 필요)
0160_페튜니아.png,160,페튜니아,Petunia hybrida,,,,납품됨(4자리로 개명 필요)
0161_메리골드.png,161,메리골드,Tagetes erecta,Asteraceae,8~11월,보통,납품됨(4자리로 개명 필요)
0162_만수국.png,162,만수국,Tagetes patula,Asteraceae,,,납품됨(4자리로 개명 필요)
0163_깨꽃.png,163,깨꽃,Salvia splendens,Lamiaceae,,귀함,납품됨(4자리로 개명 필요)
0164_맨드라미.png,164,맨드라미,Celosia cristata,,,,납품됨(4자리로 개명 필요)
0165_제라늄.png,165,제라늄,Pelargonium inquinans,,,,납품됨(4자리로 개명 필요)
0166_임파첸스.png,166,임파첸스,Impatiens walleriana,,,,납품됨(4자리로 개명 필요)
0167_베고니아.png,167,베고니아,Begonia semperflorens,,,,납품됨(4자리로 개명 필요)
0168_버들마편초.png,168,버들마편초,Verbena bonariensis,Verbenaceae,,보통,납품됨(4자리로 개명 필요)
0169_버베나.png,169,버베나,Verbena hybrida,,,,납품됨(4자리로 개명 필요)
0170_수레국화.png,170,수레국화,Centaurea cyanus,Asteraceae,5월,보통,납품됨(4자리로 개명 필요)
0171_안개꽃.png,171,안개꽃,Gypsophila elegans,,,,납품됨(4자리로 개명 필요)
0172_가자니아.png,172,가자니아,Gazania rigens,,,,납품됨(4자리로 개명 필요)
0173_다알리아.png,173,다알리아,Dahlia pinnata,,,,납품됨(4자리로 개명 필요)
0174_글라디올러스.png,174,글라디올러스,Gladiolus hybridus,,,,납품됨(4자리로 개명 필요)
0175_칸나.png,175,칸나,Canna generalis,,,,납품됨(4자리로 개명 필요)
0176_한련화.png,176,한련화,Tropaeolum majus,,,,납품됨(4자리로 개명 필요)
0177_천일홍.png,177,천일홍,Gomphrena globosa,Amaranthaceae,,,납품됨(4자리로 개명 필요)
0178_아게라텀.png,178,아게라텀,Ageratum houstonianum,Asteraceae,,귀함,납품됨(4자리로 개명 필요)
0179_국화.png,179,국화,Chrysanthemum morifolium,,,,납품됨(4자리로 개명 필요)
0180_산국.png,180,산국,Chrysanthemum seticuspe,,,,납품됨(4자리로 개명 필요)
0181_감국.png,181,감국,Chrysanthemum indicum,Asteraceae,9~11월,흔함,납품됨(4자리로 개명 필요)
0182_구절초.png,182,구절초,Chrysanthemum naktongensis,,,,납품됨(4자리로 개명 필요)
0183_벌개미취.png,183,벌개미취,Aster koraiensis,Asteraceae,7~9월,흔함,납품됨(4자리로 개명 필요)
0184_쑥부쟁이.png,184,쑥부쟁이,Aster indicus,Asteraceae,,,납품됨(4자리로 개명 필요)
0185_개미취.png,185,개미취,Aster tataricus,Asteraceae,8~9월,흔함,납품됨(4자리로 개명 필요)
0186_미국쑥부쟁이.png,186,미국쑥부쟁이,Symphyotrichum pilosum,Asteraceae,9~10월,흔함,납품됨(4자리로 개명 필요)
0187_참취.png,187,참취,Aster scaber,Asteraceae,,,납품됨(4자리로 개명 필요)
0188_꽃무릇.png,188,꽃무릇,Lycoris radiata,Amaryllidaceae,9월,보통,납품됨(4자리로 개명 필요)
0189_용담.png,189,용담,Gentiana scabra,Gentianaceae,10월,흔함,납품됨(4자리로 개명 필요)
0190_투구꽃.png,190,투구꽃,Aconitum jaluense,Ranunculaceae,9~10월,흔함,납품됨(4자리로 개명 필요)
0191_마타리.png,191,마타리,Patrinia serratulifolia,,,,납품됨(4자리로 개명 필요)
0192_뚝갈.png,192,뚝갈,Patrinia villosa,Valerianaceae,7~9월,흔함,납품됨(4자리로 개명 필요)
0193_며느리밥풀꽃.png,193,며느리밥풀꽃,Melampyrum roseum,Scrophulariaceae,7~9월,흔함,납품됨(4자리로 개명 필요)
0194_왕고들빼기.png,194,왕고들빼기,Lactuca indica,Asteraceae,8~10월,흔함,납품됨(4자리로 개명 필요)
0195_방가지똥.png,195,방가지똥,Sonchus oleraceus,Asteraceae,,흔함,납품됨(4자리로 개명 필요)
0196_미국가막사리.png,196,미국가막사리,Bidens frondosa,Asteraceae,9~10월,흔함,납품됨(4자리로 개명 필요)
0197_서양등골나물.png,197,서양등골나물,Ageratina altissima,Asteraceae,9~10월,흔함,납품됨(4자리로 개명 필요)
0198_산부추.png,198,산부추,Allium thunbergii,Liliaceae,9~10월,흔함,납품됨(4자리로 개명 필요)
0199_억새.png,199,억새,Miscanthus sinensis,Poaceae,,,납품됨(4자리로 개명 필요)
0200_수크령.png,200,수크령,Pennisetum alopecuroides,Poaceae,,,납품됨(4자리로 개명 필요)
0201_가거양지꽃.png,201,가거양지꽃,Potentilla gageodoensis,Rosaceae,,귀함,미납품
0202_가는개여뀌.png,202,가는개여뀌,Persicaria trigonocarpa,Polygonaceae,,보통,미납품
0203_가는괴불주머니.png,203,가는괴불주머니,Corydalis raddeana,Fumariaceae,,보통,미납품
0204_가는금불초.png,204,가는금불초,Inula linariifolia,Asteraceae,,보통,미납품
0205_가는기름나물.png,205,가는기름나물,Kitagawia komarovii,Apiaceae,,보통,미납품
0206_가는기린초.png,206,가는기린초,Phedimus aizoon,Crassulaceae,5~8월,흔함,미납품
0207_가는끈끈이장구채.png,207,가는끈끈이장구채,Silene antirrhina,Caryophyllaceae,,보통,미납품
0208_가는네잎갈퀴.png,208,가는네잎갈퀴,Galium trifidum,Rubiaceae,,보통,미납품
0209_가는다리장구채.png,209,가는다리장구채,Silene jeniseensis,Caryophyllaceae,,보통,미납품
0210_가는대나물.png,210,가는대나물,Gypsophila pacifica,Caryophyllaceae,,보통,미납품
0211_가는돌쩌귀.png,211,가는돌쩌귀,Aconitum villosum,Ranunculaceae,,보통,미납품
0212_가는등갈퀴.png,212,가는등갈퀴,Vicia tenuifolia,Fabaceae,,보통,미납품
0213_가는마디꽃.png,213,가는마디꽃,Rotala mexicana,Lythraceae,8~10월,보통,미납품
0214_가는바디.png,214,가는바디,Ostericum maximowiczii,Apiaceae,,보통,미납품
0215_가는산부추.png,215,가는산부추,Allium splendens,Liliaceae,,귀함,미납품
0216_가는쑥부지깽이.png,216,가는쑥부지깽이,Erysimum macilentum,Brassicaceae,,귀함,미납품
0217_가는잎가시상추.png,217,가는잎가시상추,Lactuca saligna,Asteraceae,,귀함,미납품
0218_가는잎개별꽃.png,218,가는잎개별꽃,Pseudostellaria sylvatica,Caryophyllaceae,,보통,미납품
0219_가는잎금방망이.png,219,가는잎금방망이,Senecio inaequidens,Asteraceae,,귀함,미납품
0220_가는잎미선콩.png,220,가는잎미선콩,Lupinus angustifolius,Fabaceae,,귀함,미납품
0221_가는잎산들깨.png,221,가는잎산들깨,Mosla chinensis,Lamiaceae,9~10월,보통,미납품
0222_가는잎소리쟁이.png,222,가는잎소리쟁이,Rumex stenophyllus,Polygonaceae,,보통,미납품
0223_가는잎쑥.png,223,가는잎쑥,Artemisia subulata,Asteraceae,,귀함,미납품
0224_가는잎조팝나무.png,224,가는잎조팝나무,Spiraea thunbergii,Rosaceae,,보통,미납품
0225_가는잎털냉이.png,225,가는잎털냉이,Sisymbrium altissimum,Brassicaceae,,귀함,미납품
0226_가는잎푸른딱지꽃.png,226,가는잎푸른딱지꽃,Potentilla tanacetifolia,Rosaceae,,귀함,미납품
0227_가는잎한련초.png,227,가는잎한련초,Eclipta alba,Asteraceae,,보통,미납품
0228_가는잎할미꽃.png,228,가는잎할미꽃,Pulsatilla cernua,Ranunculaceae,4~5월,흔함,미납품
0229_가는잎향유.png,229,가는잎향유,Elsholtzia angustifolia,Lamiaceae,,보통,미납품
0230_가는장구채.png,230,가는장구채,Silene yanoei,Caryophyllaceae,7~9월,흔함,미납품
0231_가는장대.png,231,가는장대,Dontostemon dentatus,Brassicaceae,,보통,미납품
0232_가는줄돌쩌귀.png,232,가는줄돌쩌귀,Aconitum volubile,Ranunculaceae,,귀함,미납품
0233_가막사리.png,233,가막사리,Bidens tripartita,Asteraceae,9~10월,흔함,미납품
0234_가막살나무.png,234,가막살나무,Viburnum dilatatum,Caprifoliaceae,4~7월,흔함,미납품
0235_가새잎개갓냉이.png,235,가새잎개갓냉이,Rorippa sylvestris,Brassicaceae,,보통,미납품
0236_가솔송.png,236,가솔송,Phyllodoce caerulea,Ericaceae,,귀함,미납품
0237_가시까치밥나무.png,237,가시까치밥나무,Ribes diacantha,Saxifragaceae,,귀함,미납품
0238_가시꽈리.png,238,가시꽈리,Physaliastrum echinatum,Solanaceae,,귀함,미납품
0239_가시박.png,239,가시박,Sicyos angulatus,Cucurbitaceae,8~9월,흔함,미납품
0240_가시상추.png,240,가시상추,Lactuca serriola,Asteraceae,5~8월,흔함,미납품
0241_가시여뀌.png,241,가시여뀌,Persicaria dissitiflora,Polygonaceae,6~9월,흔함,미납품
0242_가시연꽃.png,242,가시연꽃,Euryale ferox,Nymphaeaceae,,보통,미납품
0243_가시오갈피.png,243,가시오갈피,Eleutherococcus senticosus,Araliaceae,,보통,미납품
0244_가죽나무.png,244,가죽나무,Ailanthus altissima,Simaroubaceae,5~10월,흔함,미납품
0245_가지.png,245,가지,Solanum melongena,Solanaceae,,보통,미납품
0246_가지곡정초.png,246,가지곡정초,Eriocaulon setaceum,Eriocaulaceae,,귀함,미납품
0247_가지괭이눈.png,247,가지괭이눈,Chrysosplenium ramosum,Saxifragaceae,4~5월,보통,미납품
0248_가지꼭두서니.png,248,가지꼭두서니,Rubia hexaphylla,Rubiaceae,,귀함,미납품
0249_가지더부살이.png,249,가지더부살이,Phacellanthus tubiflorus,Orobanchaceae,,보통,미납품
0250_가지털괭이눈.png,250,가지털괭이눈,Chrysosplenium ramosissimum,Saxifragaceae,,귀함,미납품
0251_가회톱.png,251,가회톱,Ampelopsis japonica,Vitaceae,,귀함,미납품
0252_각시둥굴레.png,252,각시둥굴레,Polygonatum humile,Liliaceae,4~5월,흔함,미납품
0253_각시마.png,253,각시마,Dioscorea tenuipes,Dioscoreaceae,5~10월,흔함,미납품
0254_각시붓꽃.png,254,각시붓꽃,Iris rossii,Iridaceae,4~5월,흔함,미납품
0255_각시서덜취.png,255,각시서덜취,Saussurea macrolepis,Asteraceae,8~9월,보통,미납품
0256_각시원추리.png,256,각시원추리,Hemerocallis dumortieri,Liliaceae,6~8월,보통,미납품
0257_각시제비꽃.png,257,각시제비꽃,Viola boissieuana,Violaceae,,보통,미납품
0258_각시취.png,258,각시취,Saussurea pulchella,Asteraceae,9월,흔함,미납품
0259_각시투구꽃.png,259,각시투구꽃,Aconitum monanthum,Ranunculaceae,,귀함,미납품
0260_갈고리네잎갈퀴.png,260,갈고리네잎갈퀴,Galium pseudoasprellum,Rubiaceae,,보통,미납품
0261_갈기기름나물.png,261,갈기기름나물,Peucedanum chujaense,Apiaceae,,귀함,미납품
0262_갈기조팝나무.png,262,갈기조팝나무,Spiraea trichocarpa,Rosaceae,5~7월,보통,미납품
0263_갈래꿀풀.png,263,갈래꿀풀,Prunella intermedia,Lamiaceae,,귀함,미납품
0264_갈래잎어수리.png,264,갈래잎어수리,Heracleum dissectum,Apiaceae,,귀함,미납품
0265_갈래조팝나무.png,265,갈래조팝나무,Spiraea trilobata,Rosaceae,,귀함,미납품
0266_갈매기난초.png,266,갈매기난초,Platanthera japonica,Orchidaceae,,보통,미납품
0267_갈매나무.png,267,갈매나무,Rhamnus davurica,Rhamnaceae,,흔함,미납품
0268_갈퀴꼭두서니.png,268,갈퀴꼭두서니,Rubia cordifolia,Rubiaceae,4~9월,흔함,미납품
0269_갈퀴나물.png,269,갈퀴나물,Vicia amoena,Fabaceae,5~9월,흔함,미납품
0270_갈퀴아재비.png,270,갈퀴아재비,Asperula lasiantha,Rubiaceae,6~8월,보통,미납품
0271_갈퀴지치.png,271,갈퀴지치,Asperugo procumbens,Boraginaceae,,귀함,미납품
0272_갈퀴현호색.png,272,갈퀴현호색,Corydalis grandicalyx,Fumariaceae,4월,보통,미납품
0273_감나무.png,273,감나무,Diospyros kaki,Ebenaceae,5~9월,흔함,미납품
0274_감자.png,274,감자,Solanum tuberosum,Solanaceae,,보통,미납품
0275_감자개발나물.png,275,감자개발나물,Sium ninsi,Apiaceae,8~10월,흔함,미납품
0276_감자난초.png,276,감자난초,Oreorchis patens,Orchidaceae,5월,흔함,미납품
0277_감절대.png,277,감절대,Reynoutria forbesii,Polygonaceae,9~10월,보통,미납품
0278_감초.png,278,감초,Glycyrrhiza uralensis,Fabaceae,,귀함,미납품
0279_감탕나무.png,279,감탕나무,Ilex integra,Aquifoliaceae,4~6월,흔함,미납품
0280_감태나무.png,280,감태나무,Lindera glauca,Lauraceae,,흔함,미납품
0281_갓.png,281,갓,Brassica juncea,Brassicaceae,4~5월,흔함,미납품
0282_강계버들.png,282,강계버들,Salix kangensis,Salicaceae,,보통,미납품
0283_강화황기.png,283,강화황기,Astragalus sikokianus,Fabaceae,,보통,미납품
0284_개갈퀴.png,284,개갈퀴,Galium maximowiczii,Rubiaceae,7~8월,흔함,미납품
0285_개갓냉이.png,285,개갓냉이,Rorippa indica,Brassicaceae,5~6월,흔함,미납품
0286_개곽향.png,286,개곽향,Teucrium japonicum,Lamiaceae,7~8월,보통,미납품
0287_개구리갓.png,287,개구리갓,Ranunculus ternatus,Ranunculaceae,,보통,미납품
0288_개구리미나리.png,288,개구리미나리,Ranunculus tachiroei,Ranunculaceae,,보통,미납품
0289_개구리발톱.png,289,개구리발톱,Semiaquilegia adoxoides,Ranunculaceae,3~5월,흔함,미납품
0290_개구리자리.png,290,개구리자리,Ranunculus sceleratus,Ranunculaceae,4~6월,흔함,미납품
0291_개꽃아재비.png,291,개꽃아재비,Anthemis cotula,Asteraceae,,보통,미납품
0292_개느삼.png,292,개느삼,Sophora koreensis,Fabaceae,,보통,미납품
0293_개다래.png,293,개다래,Actinidia polygama,Actinidiaceae,5~7월,흔함,미납품
0294_개당주나무.png,294,개당주나무,Ribes fasciculatum,Saxifragaceae,3~6월,흔함,미납품
0295_개대황.png,295,개대황,Rumex longifolius,Polygonaceae,,보통,미납품
0296_개도둑놈의갈고리.png,296,개도둑놈의갈고리,Hylodesmum podocarpum,Fabaceae,7~9월,흔함,미납품
0297_개똥쑥.png,297,개똥쑥,Artemisia annua,Asteraceae,5~6월,보통,미납품
0298_개마디풀.png,298,개마디풀,Polygonum equisetiforme,Polygonaceae,,귀함,미납품
0299_개말나리.png,299,개말나리,Lilium medeoloides,Liliaceae,,귀함,미납품
0300_개맥문동.png,300,개맥문동,Liriope spicata,Liliaceae,7~9월,흔함,미납품
0301_개미자리.png,301,개미자리,Sagina japonica,Caryophyllaceae,4~7월,흔함,미납품
0302_개박하.png,302,개박하,Nepeta cataria,Lamiaceae,,보통,미납품
0303_개발나물.png,303,개발나물,Sium suave,Apiaceae,5~10월,흔함,미납품
0304_개버무리.png,304,개버무리,Clematis serratifolia,Ranunculaceae,9월,보통,미납품
0305_개벚지나무.png,305,개벚지나무,Prunus glandulifolia,Rosaceae,5월,보통,미납품
0306_개벼룩.png,306,개벼룩,Moehringia lateriflora,Caryophyllaceae,,보통,미납품
0307_개병풍.png,307,개병풍,Astilboides tabularis,Saxifragaceae,,보통,미납품
0308_개보리뺑이.png,308,개보리뺑이,Lapsanastrum apogonoides,Asteraceae,4~5월,보통,미납품
0309_개복수초.png,309,개복수초,Adonis pseudoamurensis,Ranunculaceae,2~4월,흔함,미납품
0310_개불알풀.png,310,개불알풀,Veronica polita,Scrophulariaceae,3~5월,흔함,미납품
0311_개사상자.png,311,개사상자,Torilis scabra,Apiaceae,5~7월,흔함,미납품
0312_개사철쑥.png,312,개사철쑥,Artemisia caruifolia,Asteraceae,,보통,미납품
0313_개산초.png,313,개산초,Zanthoxylum armatum,Rutaceae,,흔함,미납품
0314_개살구나무.png,314,개살구나무,Prunus mandshurica,Rosaceae,4~8월,보통,미납품
0315_개선갈퀴.png,315,개선갈퀴,Galium trifloriforme,Rubiaceae,9월,보통,미납품
0316_개수염.png,316,개수염,Eriocaulon miquelianum,Eriocaulaceae,,보통,미납품
0317_개승마.png,317,개승마,Actaea biternata,Ranunculaceae,,귀함,미납품
0318_개시호.png,318,개시호,Bupleurum longeradiatum,Apiaceae,,흔함,미납품
0319_개싸리.png,319,개싸리,Lespedeza tomentosa,Fabaceae,8~9월,흔함,미납품
0320_개쑥갓.png,320,개쑥갓,Senecio vulgaris,Asteraceae,3~7월,흔함,미납품
0321_개아마.png,321,개아마,Linum stelleroides,Linaceae,,보통,미납품
0322_개양귀비.png,322,개양귀비,Papaver rhoeas,Papaveraceae,5~6월,보통,미납품
0323_개엉겅퀴.png,323,개엉겅퀴,Cirsium japonicum,Asteraceae,5~7월,보통,미납품
0324_개연꽃.png,324,개연꽃,Nuphar japonica,Nymphaeaceae,,귀함,미납품
0325_개옻나무.png,325,개옻나무,Toxicodendron trichocarpum,Anacardiaceae,5~6월,흔함,미납품
0326_개자리.png,326,개자리,Medicago polymorpha,Fabaceae,4~7월,흔함,미납품
0327_개잠자리난초.png,327,개잠자리난초,Habenaria cruciformis,Orchidaceae,,귀함,미납품
0328_개제비란.png,328,개제비란,Dactylorhiza viridis,Orchidaceae,,귀함,미납품
0329_개종용.png,329,개종용,Lathraea japonica,Orobanchaceae,,보통,미납품
0330_개차즈기.png,330,개차즈기,Amethystea caerulea,Lamiaceae,,보통,미납품
0331_개키버들.png,331,개키버들,Salix integra,Salicaceae,,보통,미납품
0332_개탑꽃.png,332,개탑꽃,Clinopodium fauriei,Lamiaceae,,귀함,미납품
0333_개통발.png,333,개통발,Utricularia intermedia,Lentibulariaceae,,귀함,미납품
0334_개현삼.png,334,개현삼,Scrophularia alata,Scrophulariaceae,,보통,미납품
0335_개황기.png,335,개황기,Astragalus uliginosus,Fabaceae,,귀함,미납품
0336_갯강활.png,336,갯강활,Angelica japonica,Apiaceae,4~7월,보통,미납품
0337_갯개미자리.png,337,갯개미자리,Spergularia marina,Caryophyllaceae,5~7월,보통,미납품
0338_갯고들빼기.png,338,갯고들빼기,Crepidiastrum lanceolatum,Asteraceae,,보통,미납품
0339_갯괴불주머니.png,339,갯괴불주머니,Corydalis platycarpa,Fumariaceae,4~5월,보통,미납품
0340_갯기름나물.png,340,갯기름나물,Peucedanum japonicum,Apiaceae,4~7월,흔함,미납품
0341_갯까치수염.png,341,갯까치수염,Lysimachia mauritiana,Primulaceae,5~7월,흔함,미납품
0342_갯당근.png,342,갯당근,Daucus littoralis,Apiaceae,,보통,미납품
0343_갯대추나무.png,343,갯대추나무,Paliurus ramosissimus,Rhamnaceae,,보통,미납품
0344_갯마디풀.png,344,갯마디풀,Polygonum arenastrum,Polygonaceae,,보통,미납품
0345_갯메꽃.png,345,갯메꽃,Calystegia soldanella,Convolvulaceae,5~7월,흔함,미납품
0346_갯바위패랭이꽃.png,346,갯바위패랭이꽃,Dianthus koreanus,Caryophyllaceae,,귀함,미납품
0347_갯방풍.png,347,갯방풍,Glehnia littoralis,Apiaceae,5~7월,보통,미납품
0348_갯버들.png,348,갯버들,Salix gracilistyla,Salicaceae,3~5월,흔함,미납품
0349_갯부추.png,349,갯부추,Allium pseudojaponicum,Liliaceae,,보통,미납품
0350_갯사상자.png,350,갯사상자,Cnidium japonicum,Apiaceae,6~10월,흔함,미납품
0351_갯실새삼.png,351,갯실새삼,Cuscuta chinensis,Convolvulaceae,,보통,미납품
0352_갯씀바귀.png,352,갯씀바귀,Ixeris repens,Asteraceae,5~10월,보통,미납품
0353_갯완두.png,353,갯완두,Lathyrus japonicus,Fabaceae,5~6월,흔함,미납품
0354_갯장대.png,354,갯장대,Arabis stelleri,Brassicaceae,,보통,미납품
0355_갯제비쑥.png,355,갯제비쑥,Artemisia littoricola,Asteraceae,,귀함,미납품
0356_갯질경.png,356,갯질경,Limonium tetragonum,Plumbaginaceae,,흔함,미납품
0357_갯패랭이꽃.png,357,갯패랭이꽃,Dianthus japonicus,Caryophyllaceae,,보통,미납품
0358_거문도닥나무.png,358,거문도닥나무,Wikstroemia ganpi,Thymelaeaceae,,귀함,미납품
0359_거문딸기.png,359,거문딸기,Rubus trifidus,Rosaceae,,보통,미납품
0360_거센털꽃마리.png,360,거센털꽃마리,Trigonotis radicans,Boraginaceae,4~5월,흔함,미납품
0361_거제딸기.png,361,거제딸기,Rubus tozawae,Rosaceae,,보통,미납품
0362_거지딸기.png,362,거지딸기,Rubus sumatranus,Rosaceae,,보통,미납품
0363_검나무싸리.png,363,검나무싸리,Lespedeza melanantha,Fabaceae,,보통,미납품
0364_검노린재나무.png,364,검노린재나무,Symplocos tanakana,Symplocaceae,5~6월,흔함,미납품
0365_검양옻나무.png,365,검양옻나무,Toxicodendron succedaneum,Anacardiaceae,5~7월,보통,미납품
0366_검은개선갈퀴.png,366,검은개선갈퀴,Galium japonicum,Rubiaceae,,보통,미납품
0367_검은개수염.png,367,검은개수염,Eriocaulon parvum,Eriocaulaceae,,귀함,미납품
0368_검은곡정초.png,368,검은곡정초,Eriocaulon atrum,Eriocaulaceae,,귀함,미납품
0369_검은딸기.png,369,검은딸기,Rubus croceacanthus,Rosaceae,,보통,미납품
0370_검종덩굴.png,370,검종덩굴,Clematis fusca,Ranunculaceae,5~8월,흔함,미납품
0371_게박쥐나물.png,371,게박쥐나물,Parasenecio adenostyloides,Asteraceae,,보통,미납품
0372_겨울딸기.png,372,겨울딸기,Rubus buergeri,Rosaceae,6~9월,보통,미납품
0373_겨이삭여뀌.png,373,겨이삭여뀌,Persicaria taquetii,Polygonaceae,,보통,미납품
0374_겨자무.png,374,겨자무,Armoracia rusticana,Brassicaceae,,귀함,미납품
0375_결명자.png,375,결명자,Senna tora,Fabaceae,8~10월,보통,미납품
0376_계수나무.png,376,계수나무,Cercidiphyllum japonicum,Cercidiphyllaceae,,보통,미납품
0377_계요등.png,377,계요등,Paederia foetida,Rubiaceae,5~10월,흔함,미납품
0378_고광나무.png,378,고광나무,Philadelphus schrenkii,Saxifragaceae,5~6월,흔함,미납품
0379_고깔닭의장풀.png,379,고깔닭의장풀,Commelina benghalensis,Commelinaceae,,귀함,미납품
0380_고깔제비꽃.png,380,고깔제비꽃,Viola rossii,Violaceae,4~5월,흔함,미납품
0381_고려엉겅퀴.png,381,고려엉겅퀴,Cirsium setidens,Asteraceae,8~9월,흔함,미납품
0382_고로보이짚신나물.png,382,고로보이짚신나물,Agrimonia gorovoii,Rosaceae,,귀함,미납품
0383_고산물망초.png,383,고산물망초,Myosotis alpestris,Boraginaceae,,귀함,미납품
0384_고삼.png,384,고삼,Sophora flavescens,Fabaceae,5~8월,흔함,미납품
0385_고수.png,385,고수,Coriandrum sativum,Apiaceae,,보통,미납품
0386_고슴도치풀.png,386,고슴도치풀,Triumfetta japonica,Tiliaceae,8~9월,보통,미납품
0387_고욤나무.png,387,고욤나무,Diospyros lotus,Ebenaceae,5~10월,흔함,미납품
0388_고추.png,388,고추,Capsicum annuum,Solanaceae,,흔함,미납품
0389_고추나무.png,389,고추나무,Staphylea bumalda,Staphyleaceae,4~7월,흔함,미납품
0390_고추나물.png,390,고추나물,Hypericum erectum,Clusiaceae,6~9월,흔함,미납품
0391_고추냉이.png,391,고추냉이,Eutrema japonicum,Brassicaceae,,보통,미납품
0392_곡정초.png,392,곡정초,Eriocaulon cinereum,Eriocaulaceae,,보통,미납품
0393_곤달비.png,393,곤달비,Ligularia stenocephala,Asteraceae,,보통,미납품
0394_곤약.png,394,곤약,Amorphophallus konjac,Araceae,,귀함,미납품
0395_골담초.png,395,골담초,Caragana sinica,Fabaceae,4~5월,보통,미납품
0396_골등골나물.png,396,골등골나물,Eupatorium lindleyanum,Asteraceae,7~10월,흔함,미납품
0397_골무꽃.png,397,골무꽃,Scutellaria indica,Lamiaceae,5~6월,흔함,미납품
0398_골병꽃나무.png,398,골병꽃나무,Weigela hortensis,Caprifoliaceae,,보통,미납품
0399_골잎원추리.png,399,골잎원추리,Hemerocallis coreana,Liliaceae,7~8월,보통,미납품
0400_곰딸기.png,400,곰딸기,Rubus phoenicolasius,Rosaceae,5~7월,흔함,미납품
0401_곰의말채나무.png,401,곰의말채나무,Cornus macrophylla,Cornaceae,4~9월,흔함,미납품
0402_곰취.png,402,곰취,Ligularia fischeri,Asteraceae,5~9월,흔함,미납품
0403_공단풀.png,403,공단풀,Sida spinosa,Malvaceae,8~10월,보통,미납품
0404_공조팝나무.png,404,공조팝나무,Spiraea cantoniensis,Rosaceae,,보통,미납품
0405_과꽃.png,405,과꽃,Callistephus chinensis,Asteraceae,,보통,미납품
0406_곽향.png,406,곽향,Teucrium veronicoides,Lamiaceae,,보통,미납품
0407_관동.png,407,관동,Tussilago farfara,Asteraceae,,귀함,미납품
0408_관모개미자리.png,408,관모개미자리,Eremogone capillaris,Caryophyllaceae,,귀함,미납품
0409_광나무.png,409,광나무,Ligustrum japonicum,Oleaceae,,흔함,미납품
0410_광릉골무꽃.png,410,광릉골무꽃,Scutellaria insignis,Lamiaceae,6월,보통,미납품
0411_광릉요강꽃.png,411,광릉요강꽃,Cypripedium japonicum,Orchidaceae,,귀함,미납품
0412_괭이눈.png,412,괭이눈,Chrysosplenium grayanum,Saxifragaceae,4~5월,흔함,미납품
0413_괭이밥.png,413,괭이밥,Oxalis corniculata,Oxalidaceae,,흔함,미납품
0414_괭이싸리.png,414,괭이싸리,Lespedeza pilosa,Fabaceae,5~10월,흔함,미납품
0415_괴불나무.png,415,괴불나무,Lonicera maackii,Caprifoliaceae,5월,흔함,미납품
0416_괴불주머니.png,416,괴불주머니,Corydalis pallida,Fumariaceae,4~5월,보통,미납품
0417_구골나무.png,417,구골나무,Osmanthus heterophyllus,Oleaceae,10~11월,보통,미납품
0418_구기자나무.png,418,구기자나무,Lycium chinense,Solanaceae,,흔함,미납품
0419_구름범의귀.png,419,구름범의귀,Micranthes laciniata,Saxifragaceae,,귀함,미납품
0420_구름병아리난초.png,420,구름병아리난초,Hemipilia cucullata,Orchidaceae,,귀함,미납품
0421_구름송이풀.png,421,구름송이풀,Pedicularis verticillata,Scrophulariaceae,,보통,미납품
0422_구름제비꽃.png,422,구름제비꽃,Viola crassa,Violaceae,,귀함,미납품
0423_구름제비란.png,423,구름제비란,Platanthera ophrydioides,Orchidaceae,,귀함,미납품
0424_구릿대.png,424,구릿대,Angelica dahurica,Apiaceae,7~9월,흔함,미납품
0425_구슬갓냉이.png,425,구슬갓냉이,Rorippa globosa,Brassicaceae,,보통,미납품
0426_구슬골무꽃.png,426,구슬골무꽃,Scutellaria moniliorhiza,Lamiaceae,,귀함,미납품
0427_구슬꽃나무.png,427,구슬꽃나무,Adina rubella,Rubiaceae,,보통,미납품
0428_구슬다닥냉이.png,428,구슬다닥냉이,Neslia paniculata,Brassicaceae,,귀함,미납품
0429_구슬붕이.png,429,구슬붕이,Gentiana squarrosa,Gentianaceae,4~5월,흔함,미납품
0430_구와말.png,430,구와말,Limnophila sessiliflora,Scrophulariaceae,9월,보통,미납품
0431_구와취.png,431,구와취,Saussurea ussuriensis,Asteraceae,,보통,미납품
0432_구주갈퀴덩굴.png,432,구주갈퀴덩굴,Vicia sepium,Fabaceae,,귀함,미납품
0433_국화마.png,433,국화마,Dioscorea septemloba,Dioscoreaceae,5~10월,보통,미납품
0434_국화바람꽃.png,434,국화바람꽃,Anemone pseudoaltaica,Ranunculaceae,,귀함,미납품
0435_국화방망이.png,435,국화방망이,Tephroseris koreana,Asteraceae,,보통,미납품
0436_국화잎가막사리.png,436,국화잎가막사리,Bidens maximowicziana,Asteraceae,,보통,미납품
0437_국화잎다닥냉이.png,437,국화잎다닥냉이,Lepidium bonariense,Brassicaceae,,보통,미납품
0438_국화잎아욱.png,438,국화잎아욱,Modiola caroliniana,Malvaceae,,보통,미납품
0439_국화쥐손이.png,439,국화쥐손이,Erodium stephanianum,Geraniaceae,,귀함,미납품
0440_굴거리나무.png,440,굴거리나무,Daphniphyllum macropodum,Daphniphyllaceae,,흔함,미납품
0441_궁궁이.png,441,궁궁이,Angelica polymorpha,Apiaceae,8~9월,흔함,미납품
0442_귀룽나무.png,442,귀룽나무,Prunus padus,Rosaceae,4~5월,흔함,미납품
0443_귀박쥐나물.png,443,귀박쥐나물,Parasenecio auriculatus,Asteraceae,,보통,미납품
0444_그늘꿩의다리.png,444,그늘꿩의다리,Thalictrum osmorhizoides,Ranunculaceae,,귀함,미납품
0445_그늘별꽃.png,445,그늘별꽃,Stellaria sessiliflora,Caryophyllaceae,,귀함,미납품
0446_그늘보리뺑이.png,446,그늘보리뺑이,Lapsanastrum humile,Asteraceae,,보통,미납품
0447_그늘쑥.png,447,그늘쑥,Artemisia sylvatica,Asteraceae,8~9월,보통,미납품
0448_극동산마늘.png,448,극동산마늘,Allium ochotense,Liliaceae,,보통,미납품
0449_금강봄맞이.png,449,금강봄맞이,Androsace cortusifolia,Primulaceae,,보통,미납품
0450_금강분취.png,450,금강분취,Saussurea diamantiaca,Asteraceae,,보통,미납품
0451_금강애기나리.png,451,금강애기나리,Streptopus ovalis,Liliaceae,5~6월,흔함,미납품
0452_금강인가목.png,452,금강인가목,Pentactina rupicola,Rosaceae,,귀함,미납품
0453_금강제비꽃.png,453,금강제비꽃,Viola diamantiaca,Violaceae,4~8월,흔함,미납품
0454_금강초롱꽃.png,454,금강초롱꽃,Hanabusaya asiatica,Campanulaceae,8~9월,보통,미납품
0455_금꿩의다리.png,455,금꿩의다리,Thalictrum rochebruneanum,Ranunculaceae,,보통,미납품
0456_금난초.png,456,금난초,Cephalanthera falcata,Orchidaceae,5월,흔함,미납품
0457_금떡쑥.png,457,금떡쑥,Pseudognaphalium hypoleucum,Asteraceae,,보통,미납품
0458_금마타리.png,458,금마타리,Patrinia saniculifolia,Valerianaceae,4~9월,흔함,미납품
0459_금매화.png,459,금매화,Trollius ledebourii,Ranunculaceae,,귀함,미납품
0460_금방망이.png,460,금방망이,Senecio nemorensis,Asteraceae,7~10월,보통,미납품
0461_금불초.png,461,금불초,Inula japonica,Asteraceae,7~10월,흔함,미납품
0462_금붓꽃.png,462,금붓꽃,Iris minutoaurea,Iridaceae,4월,흔함,미납품
0463_금소리쟁이.png,463,금소리쟁이,Rumex maritimus,Polygonaceae,,보통,미납품
0464_금어초.png,464,금어초,Antirrhinum majus,Scrophulariaceae,,귀함,미납품
0465_금영화.png,465,금영화,Eschscholzia californica,Papaveraceae,,귀함,미납품
0466_금잔화.png,466,금잔화,Calendula arvensis,Asteraceae,,귀함,미납품
0467_금창초.png,467,금창초,Ajuga decumbens,Lamiaceae,4~5월,흔함,미납품
0468_기는괭이눈.png,468,기는괭이눈,Chrysosplenium epigealum,Saxifragaceae,,귀함,미납품
0469_기는미나리아재비.png,469,기는미나리아재비,Ranunculus repens,Ranunculaceae,,귀함,미납품
0470_긴갓냉이.png,470,긴갓냉이,Sisymbrium orientale,Brassicaceae,,보통,미납품
0471_긴개별꽃.png,471,긴개별꽃,Pseudostellaria japonica,Caryophyllaceae,,보통,미납품
0472_긴꼬리제비꽃.png,472,긴꼬리제비꽃,Viola inconspicua,Violaceae,,귀함,미납품
0473_긴꽃며느리밥풀.png,473,긴꽃며느리밥풀,Melampyrum koreanum,Scrophulariaceae,,귀함,미납품
0474_긴담배풀.png,474,긴담배풀,Carpesium divaricatum,Asteraceae,7~9월,흔함,미납품
0475_긴뚝갈.png,475,긴뚝갈,Patrinia monandra,Valerianaceae,,보통,미납품
0476_긴미꾸리낚시.png,476,긴미꾸리낚시,Persicaria hastatosagittata,Polygonaceae,,보통,미납품
0477_긴병꽃풀.png,477,긴병꽃풀,Glechoma longituba,Lamiaceae,4월,보통,미납품
0478_긴사상자.png,478,긴사상자,Osmorhiza aristata,Apiaceae,4~7월,흔함,미납품
0479_긴잎갈퀴.png,479,긴잎갈퀴,Galium boreale,Rubiaceae,,보통,미납품
0480_긴잎곰취.png,480,긴잎곰취,Ligularia jaluensis,Asteraceae,,귀함,미납품
0481_긴잎단풍딸기.png,481,긴잎단풍딸기,Rubus palmatus,Rosaceae,,보통,미납품
0482_긴잎달맞이꽃.png,482,긴잎달맞이꽃,Oenothera stricta,Onagraceae,,보통,미납품
0483_긴잎별꽃.png,483,긴잎별꽃,Stellaria longifolia,Caryophyllaceae,,귀함,미납품
0484_긴잎여로.png,484,긴잎여로,Veratrum maackii,Liliaceae,5~9월,흔함,미납품
0485_긴잎제비꽃.png,485,긴잎제비꽃,Viola ovato-oblonga,Violaceae,,보통,미납품
0486_긴잎조팝나무.png,486,긴잎조팝나무,Spiraea media,Rosaceae,,귀함,미납품
0487_긴털댕강나무.png,487,긴털댕강나무,Zabelia densipila,Caprifoliaceae,,귀함,미납품
0488_긴포마편초.png,488,긴포마편초,Verbena bracteata,Verbenaceae,,귀함,미납품
0489_긴화살여뀌.png,489,긴화살여뀌,Persicaria breviochreata,Polygonaceae,8~9월,보통,미납품
0490_길다닥냉이.png,490,길다닥냉이,Lepidium densiflorum,Brassicaceae,,보통,미납품
0491_길뚝개꽃.png,491,길뚝개꽃,Anthemis arvensis,Asteraceae,,보통,미납품
0492_길마가지나무.png,492,길마가지나무,Lonicera harae,Caprifoliaceae,,보통,미납품
0493_김의난초.png,493,김의난초,Cephalanthera longifolia,Orchidaceae,,귀함,미납품
0494_깃털장대.png,494,깃털장대,Sisymbrium irio,Brassicaceae,,귀함,미납품
0495_까마귀머루.png,495,까마귀머루,Vitis ficifolia,Vitaceae,5~10월,흔함,미납품
0496_까마귀베개.png,496,까마귀베개,Rhamnella franguloides,Rhamnaceae,5~9월,흔함,미납품
0497_까마중.png,497,까마중,Solanum nigrum,Solanaceae,7~10월,흔함,미납품
0498_까실쑥부쟁이.png,498,까실쑥부쟁이,Aster ageratoides,Asteraceae,9~10월,흔함,미납품
0499_까실천인국.png,499,까실천인국,Gaillardia aristata,Asteraceae,,귀함,미납품
0500_까치고들빼기.png,500,까치고들빼기,Crepidiastrum chelidoniifolium,Asteraceae,7~9월,흔함,미납품
0501_까치발.png,501,까치발,Bidens parviflora,Asteraceae,9월,보통,미납품
0502_까치밥나무.png,502,까치밥나무,Ribes mandshuricum,Saxifragaceae,4~7월,흔함,미납품
0503_깔끔좁쌀풀.png,503,깔끔좁쌀풀,Euphrasia coreana,Scrophulariaceae,,귀함,미납품
0504_께묵.png,504,께묵,Hololeion maximowiczii,Asteraceae,7~10월,보통,미납품
0505_꼬리까치밥나무.png,505,꼬리까치밥나무,Ribes komarovii,Saxifragaceae,,보통,미납품
0506_꼬리말발도리.png,506,꼬리말발도리,Deutzia paniculata,Saxifragaceae,,보통,미납품
0507_꼬리조팝나무.png,507,꼬리조팝나무,Spiraea salicifolia,Rosaceae,7~9월,흔함,미납품
0508_꼬리진달래.png,508,꼬리진달래,Rhododendron micranthum,Ericaceae,3~8월,흔함,미납품
0509_꼬마은난초.png,509,꼬마은난초,Cephalanthera subaphylla,Orchidaceae,,보통,미납품
0510_꼭지연잎꿩의다리.png,510,꼭지연잎꿩의다리,Thalictrum ichangense,Ranunculaceae,,보통,미납품
0511_꽃갈퀴덩굴.png,511,꽃갈퀴덩굴,Sherardia arvensis,Rubiaceae,,귀함,미납품
0512_꽃개오동.png,512,꽃개오동,Catalpa bignonioides,Bignoniaceae,,귀함,미납품
0513_꽃꿩의다리.png,513,꽃꿩의다리,Thalictrum petaloideum,Ranunculaceae,,보통,미납품
0514_꽃냉이.png,514,꽃냉이,Cardamine pratensis,Brassicaceae,,귀함,미납품
0515_꽃다지.png,515,꽃다지,Draba nemorosa,Brassicaceae,3~5월,흔함,미납품
0516_꽃단풍.png,516,꽃단풍,Acer pycnanthum,Aceraceae,,보통,미납품
0517_꽃대.png,517,꽃대,Chloranthus serratus,Chloranthaceae,,귀함,미납품
0518_꽃받이.png,518,꽃받이,Bothriospermum zeylanicum,Boraginaceae,4~5월,흔함,미납품
0519_꽃버들.png,519,꽃버들,Salix udensis,Salicaceae,,보통,미납품
0520_꽃벚나무.png,520,꽃벚나무,Prunus serrulata,Rosaceae,,보통,미납품
0521_꽃상치.png,521,꽃상치,Cichorium endivia,Asteraceae,,귀함,미납품
0522_꽃생강.png,522,꽃생강,Hedychium coronarium,Zingiberaceae,,귀함,미납품
0523_꽃싸리.png,523,꽃싸리,Campylotropis macrocarpa,Fabaceae,8~9월,보통,미납품
0524_꽃아까시나무.png,524,꽃아까시나무,Robinia hispida,Fabaceae,,보통,미납품
0525_꽃쥐손이.png,525,꽃쥐손이,Geranium platyanthum,Geraniaceae,,보통,미납품
0526_꽃패랭이꽃.png,526,꽃패랭이꽃,Dianthus superbus,Caryophyllaceae,,보통,미납품
0527_꽃향유.png,527,꽃향유,Elsholtzia splendens,Lamiaceae,9~10월,흔함,미납품
0528_꽝꽝나무.png,528,꽝꽝나무,Ilex crenata,Aquifoliaceae,,흔함,미납품
0529_꿩의다리아재비.png,529,꿩의다리아재비,Caulophyllum robustum,Berberidaceae,5~8월,흔함,미납품
0530_꿩의바람꽃.png,530,꿩의바람꽃,Anemone raddeana,Ranunculaceae,3~4월,흔함,미납품
0531_꿩의비름.png,531,꿩의비름,Hylotelephium erythrostictum,Crassulaceae,8~9월,보통,미납품
0532_끈끈이여뀌.png,532,끈끈이여뀌,Persicaria viscofera,Polygonaceae,8~9월,흔함,미납품
0533_끈끈이장구채.png,533,끈끈이장구채,Silene koreana,Caryophyllaceae,,보통,미납품
0534_끈끈이주걱.png,534,끈끈이주걱,Drosera rotundifolia,Droseraceae,4~8월,보통,미납품
0535_끈적털갯개미자리.png,535,끈적털갯개미자리,Spergularia bocconei,Caryophyllaceae,,보통,미납품
0536_나나벌이난초.png,536,나나벌이난초,Liparis krameri,Orchidaceae,6~8월,보통,미납품
0537_나도갈퀴덩굴.png,537,나도갈퀴덩굴,Galium aparine,Rubiaceae,,보통,미납품
0538_나도공단풀.png,538,나도공단풀,Sida rhombifolia,Malvaceae,,보통,미납품
0539_나도국수나무.png,539,나도국수나무,Neillia uekii,Rosaceae,,보통,미납품
0540_나도냉이.png,540,나도냉이,Barbarea orthoceras,Brassicaceae,4~5월,흔함,미납품
0541_나도닭의덩굴.png,541,나도닭의덩굴,Fallopia convolvulus,Polygonaceae,5~9월,보통,미납품
0542_나도독미나리.png,542,나도독미나리,Conium maculatum,Apiaceae,,귀함,미납품
0543_나도민들레.png,543,나도민들레,Crepis tectorum,Asteraceae,,보통,미납품
0544_나도바람꽃.png,544,나도바람꽃,Enemion raddeanum,Ranunculaceae,4~5월,보통,미납품
0545_나도밤나무.png,545,나도밤나무,Meliosma myriantha,Sabiaceae,4~7월,흔함,미납품
0546_나도생강.png,546,나도생강,Pollia japonica,Commelinaceae,,보통,미납품
0547_나도송이풀.png,547,나도송이풀,Phtheirospermum japonicum,Scrophulariaceae,9~10월,흔함,미납품
0548_나도수영.png,548,나도수영,Oxyria digyna,Polygonaceae,,귀함,미납품
0549_나도수정초.png,549,나도수정초,Monotropastrum humile,Pyrolaceae,,보통,미납품
0550_나도씨눈란.png,550,나도씨눈란,Herminium monorchis,Orchidaceae,,귀함,미납품
0551_나도어저귀.png,551,나도어저귀,Anoda cristata,Malvaceae,,귀함,미납품
0552_나도여로.png,552,나도여로,Anticlea sibirica,Liliaceae,,귀함,미납품
0553_나도옥잠화.png,553,나도옥잠화,Clintonia udensis,Liliaceae,,흔함,미납품
0554_나도잠자리란.png,554,나도잠자리란,Platanthera ussuriensis,Orchidaceae,,보통,미납품
0555_나도재쑥.png,555,나도재쑥,Descurainia pinnata,Brassicaceae,,귀함,미납품
0556_나도제비란.png,556,나도제비란,Galearis cyclochila,Orchidaceae,,보통,미납품
0557_나도풍란.png,557,나도풍란,Phalaenopsis japonica,Orchidaceae,,귀함,미납품
0558_나도하수오.png,558,나도하수오,Reynoutria ciliinervis,Polygonaceae,5~8월,보통,미납품
0559_나래가막사리.png,559,나래가막사리,Verbesina alternifolia,Asteraceae,7~9월,보통,미납품
0560_나래완두.png,560,나래완두,Vicia anguste-pinnata,Fabaceae,4~6월,보통,미납품
0561_나래쪽동백.png,561,나래쪽동백,Pterostyrax hispidus,Styracaceae,,보통,미납품
0562_나래회나무.png,562,나래회나무,Euonymus macropterus,Celastraceae,5~7월,흔함,미납품
0563_나리난초.png,563,나리난초,Liparis makinoana,Orchidaceae,,보통,미납품
0564_나리잔대.png,564,나리잔대,Adenophora liliifolia,Campanulaceae,,보통,미납품
0565_나비나물.png,565,나비나물,Vicia unijuga,Fabaceae,5~9월,흔함,미납품
0566_나비잎유홍초.png,566,나비잎유홍초,Ipomoea cristulata,Convolvulaceae,,귀함,미납품
0567_나제승마.png,567,나제승마,Actaea austrokoreana,Ranunculaceae,,보통,미납품
0568_낙상홍.png,568,낙상홍,Ilex serrata,Aquifoliaceae,,보통,미납품
0569_낙지다리.png,569,낙지다리,Penthorum chinense,Penthoraceae,8~9월,보통,미납품
0570_낚시돌풀.png,570,낚시돌풀,Leptopetalum coreanum,Rubiaceae,7월,보통,미납품
0571_낚시제비꽃.png,571,낚시제비꽃,Viola grypoceras,Violaceae,4~5월,흔함,미납품
0572_난장이현호색.png,572,난장이현호색,Corydalis humilis,Fumariaceae,3~4월,보통,미납품
0573_난쟁이바위솔.png,573,난쟁이바위솔,Meterostachys sikokianus,Crassulaceae,8월,보통,미납품
0574_난쟁이아욱.png,574,난쟁이아욱,Malva neglecta,Malvaceae,,보통,미납품
0575_날개하늘나리.png,575,날개하늘나리,Lilium pensylvanicum,Liliaceae,,귀함,미납품
0576_남가새.png,576,남가새,Tribulus terrestris,Zygophyllaceae,,보통,미납품
0577_남방향유.png,577,남방향유,Elsholtzia griffithii,Lamiaceae,,귀함,미납품
0578_남오미자.png,578,남오미자,Kadsura japonica,Schisandraceae,6~10월,흔함,미납품
0579_남천.png,579,남천,Nandina domestica,Berberidaceae,5~7월,보통,미납품
0580_남포분취.png,580,남포분취,Saussurea chinnampoensis,Asteraceae,,귀함,미납품
0581_내버들.png,581,내버들,Salix gilgiana,Salicaceae,3~5월,보통,미납품
0582_냇씀바귀.png,582,냇씀바귀,Ixeris tamagawaensis,Asteraceae,,보통,미납품
0583_냉초.png,583,냉초,Veronicastrum sibiricum,Scrophulariaceae,5~7월,보통,미납품
0584_너도바람꽃.png,584,너도바람꽃,Eranthis stellata,Ranunculaceae,3~5월,흔함,미납품
0585_너도양지꽃.png,585,너도양지꽃,Sibbaldia procumbens,Rosaceae,,귀함,미납품
0586_너도제비란.png,586,너도제비란,Hemipilia joo-iokiana,Orchidaceae,,귀함,미납품
0587_넌출월귤.png,587,넌출월귤,Vaccinium oxycoccos,Ericaceae,,귀함,미납품
0588_넓은잎갈퀴.png,588,넓은잎갈퀴,Vicia japonica,Fabaceae,7~9월,보통,미납품
0589_넓은잎개수염.png,589,넓은잎개수염,Eriocaulon alpestre,Eriocaulaceae,,보통,미납품
0590_넓은잎까치밥나무.png,590,넓은잎까치밥나무,Ribes latifolium,Saxifragaceae,,귀함,미납품
0591_넓은잎미꾸리낚시.png,591,넓은잎미꾸리낚시,Persicaria muricata,Polygonaceae,6월,보통,미납품
0592_넓은잎범꼬리.png,592,넓은잎범꼬리,Bistorta officinalis,Polygonaceae,,보통,미납품
0593_넓은잎외잎쑥.png,593,넓은잎외잎쑥,Artemisia stolonifera,Asteraceae,5~10월,흔함,미납품
0594_넓은잎잠자리란.png,594,넓은잎잠자리란,Platanthera fuscescens,Orchidaceae,,보통,미납품
0595_넓은잎제비꽃.png,595,넓은잎제비꽃,Viola mirabilis,Violaceae,,귀함,미납품
0596_넓은잎쥐오줌풀.png,596,넓은잎쥐오줌풀,Valeriana dageletiana,Valerianaceae,,보통,미납품
0597_넓은잎초오.png,597,넓은잎초오,Aconitum sczukinii,Ranunculaceae,,귀함,미납품
0598_넓은잎큰조롱.png,598,넓은잎큰조롱,Cynanchum boudieri,Apocynaceae,,귀함,미납품
0599_넓은잔대.png,599,넓은잔대,Adenophora divaricata,Campanulaceae,8~9월,흔함,미납품
0600_네귀쓴풀.png,600,네귀쓴풀,Swertia tetrapetala,Gentianaceae,1월,보통,미납품
0601_네마름.png,601,네마름,Trapa natans,Trapaceae,5~10월,흔함,미납품
0602_네잎갈퀴나물.png,602,네잎갈퀴나물,Vicia nipponica,Fabaceae,7~9월,보통,미납품
0603_노란꽃땅꽈리.png,603,노란꽃땅꽈리,Physalis angulata,Solanaceae,10월,보통,미납품
0604_노란장대.png,604,노란장대,Sisymbrium luteum,Brassicaceae,5~6월,보통,미납품
0605_노란해당화.png,605,노란해당화,Rosa xanthina,Rosaceae,,보통,미납품
0606_노랑갈퀴.png,606,노랑갈퀴,Vicia chosenensis,Fabaceae,5~7월,흔함,미납품
0607_노랑개아마.png,607,노랑개아마,Linum virginianum,Linaceae,,보통,미납품
0608_노랑개자리.png,608,노랑개자리,Medicago ruthenica,Fabaceae,,보통,미납품
0609_노랑까마중.png,609,노랑까마중,Solanum villosum,Solanaceae,,귀함,미납품
0610_노랑꽃누운땅꽈리.png,610,노랑꽃누운땅꽈리,Physalis lagascae,Solanaceae,,귀함,미납품
0611_노랑도깨비바늘.png,611,노랑도깨비바늘,Bidens polylepis,Asteraceae,,보통,미납품
0612_노랑만병초.png,612,노랑만병초,Rhododendron aureum,Ericaceae,,보통,미납품
0613_노랑무늬붓꽃.png,613,노랑무늬붓꽃,Iris odaesanensis,Iridaceae,4~5월,보통,미납품
0614_노랑물봉선.png,614,노랑물봉선,Impatiens noli-tangere,Balsaminaceae,6~8월,흔함,미납품
0615_노랑복주머니란.png,615,노랑복주머니란,Cypripedium calceolus,Orchidaceae,,귀함,미납품
0616_노랑부추.png,616,노랑부추,Allium condensatum,Liliaceae,,귀함,미납품
0617_노랑붓꽃.png,617,노랑붓꽃,Iris koreana,Iridaceae,,보통,미납품
0618_노랑어리연꽃.png,618,노랑어리연꽃,Nymphoides peltata,Menyanthaceae,5~7월,보통,미납품
0619_노랑제비꽃.png,619,노랑제비꽃,Viola orientalis,Violaceae,4~5월,흔함,미납품
0620_노랑제주무엽란.png,620,노랑제주무엽란,Lecanorchis suginoana,Orchidaceae,,귀함,미납품
0621_노랑토끼풀.png,621,노랑토끼풀,Trifolium campestre,Fabaceae,,보통,미납품
0622_노랑투구꽃.png,622,노랑투구꽃,Aconitum barbatum,Ranunculaceae,,보통,미납품
0623_노루발.png,623,노루발,Pyrola japonica,Pyrolaceae,4~9월,흔함,미납품
0624_노루삼.png,624,노루삼,Actaea asiatica,Ranunculaceae,4~7월,흔함,미납품
0625_노린재나무.png,625,노린재나무,Symplocos sawafutagi,Symplocaceae,5~6월,흔함,미납품
0626_노박덩굴.png,626,노박덩굴,Celastrus orbiculatus,Celastraceae,5~10월,흔함,미납품
0627_녹양박하.png,627,녹양박하,Mentha spicata,Lamiaceae,,귀함,미납품
0628_논냉이.png,628,논냉이,Cardamine lyrata,Brassicaceae,4~5월,보통,미납품
0629_놋젓가락나물.png,629,놋젓가락나물,Aconitum ciliare,Ranunculaceae,8~10월,보통,미납품
0630_뇌성목.png,630,뇌성목,Lindera angustifolia,Lauraceae,4월,보통,미납품
0631_누른괭이눈.png,631,누른괭이눈,Chrysosplenium flaviflorum,Saxifragaceae,,귀함,미납품
0632_누리장나무.png,632,누리장나무,Clerodendrum trichotomum,Verbenaceae,5~10월,흔함,미납품
0633_누린내풀.png,633,누린내풀,Tripora divaricata,Verbenaceae,8~9월,흔함,미납품
0634_누운닭의장풀.png,634,누운닭의장풀,Commelina caroliniana,Commelinaceae,,귀함,미납품
0635_누운주름잎.png,635,누운주름잎,Mazus miquelii,Scrophulariaceae,4~6월,보통,미납품
0636_눈개불알풀.png,636,눈개불알풀,Veronica hederifolia,Scrophulariaceae,3~4월,보통,미납품
0637_눈개승마.png,637,눈개승마,Aruncus dioicus,Rosaceae,5~8월,흔함,미납품
0638_눈갯쑥부쟁이.png,638,눈갯쑥부쟁이,Aster hayatae,Asteraceae,,보통,미납품
0639_눈괴불주머니.png,639,눈괴불주머니,Corydalis ochotensis,Fumariaceae,8~9월,흔함,미납품
0640_눈까치밥나무.png,640,눈까치밥나무,Ribes triste,Saxifragaceae,,귀함,미납품
0641_눈범꼬리.png,641,눈범꼬리,Bistorta suffulta,Polygonaceae,,보통,미납품
0642_눈빛승마.png,642,눈빛승마,Actaea dahurica,Ranunculaceae,4~9월,흔함,미납품
0643_눈여뀌바늘.png,643,눈여뀌바늘,Ludwigia ovalis,Onagraceae,,보통,미납품
0644_눈해변싸리.png,644,눈해변싸리,Lespedeza macrovirgata,Fabaceae,,귀함,미납품
0645_느러진장대.png,645,느러진장대,Catolobus pendulus,Brassicaceae,,보통,미납품
0646_는쟁이냉이.png,646,는쟁이냉이,Cardamine komarovii,Brassicaceae,4~5월,흔함,미납품
0647_능금나무.png,647,능금나무,Malus asiatica,Rosaceae,,보통,미납품
0648_늦둥굴레.png,648,늦둥굴레,Polygonatum infundiflorum,Liliaceae,,귀함,미납품
0649_다닥냉이.png,649,다닥냉이,Lepidium apetalum,Brassicaceae,5~7월,흔함,미납품
0650_다도해비비추.png,650,다도해비비추,Hosta jonesii,Liliaceae,,보통,미납품
0651_다도해산들깨.png,651,다도해산들깨,Mosla dadoensis,Lamiaceae,,귀함,미납품
0652_다래.png,652,다래,Actinidia arguta,Actinidiaceae,4~9월,흔함,미납품
0653_다릅나무.png,653,다릅나무,Maackia amurensis,Fabaceae,4~9월,흔함,미납품
0654_다발골무꽃.png,654,다발골무꽃,Scutellaria asperiflora,Lamiaceae,,귀함,미납품
0655_다북개미자리.png,655,다북개미자리,Scleranthus annuus,Caryophyllaceae,,귀함,미납품
0656_다북떡쑥.png,656,다북떡쑥,Anaphalis sinica,Asteraceae,,보통,미납품
0657_닥장버들.png,657,닥장버들,Salix brachypoda,Salicaceae,,귀함,미납품
0658_단풍나무.png,658,단풍나무,Acer palmatum,Aceraceae,,흔함,미납품
0659_단풍마.png,659,단풍마,Dioscorea quinquelobata,Dioscoreaceae,5~10월,흔함,미납품
0660_단풍박쥐나무.png,660,단풍박쥐나무,Alangium platanifolium,Alangiaceae,5~7월,흔함,미납품
0661_단풍잎돼지풀.png,661,단풍잎돼지풀,Ambrosia trifida,Asteraceae,5~9월,흔함,미납품
0662_단풍잎복분자.png,662,단풍잎복분자,Rubus chingii,Rosaceae,,귀함,미납품
0663_단풍취.png,663,단풍취,Ainsliaea acerifolia,Asteraceae,5~10월,흔함,미납품
0664_달구지풀.png,664,달구지풀,Trifolium lupinaster,Fabaceae,,보통,미납품
0665_달래.png,665,달래,Allium monanthum,Liliaceae,4월,흔함,미납품
0666_닭의난초.png,666,닭의난초,Epipactis thunbergii,Orchidaceae,5~7월,보통,미납품
0667_닭의덩굴.png,667,닭의덩굴,Fallopia dumetorum,Polygonaceae,6~9월,흔함,미납품
0668_닭의장풀.png,668,닭의장풀,Commelina communis,Commelinaceae,6~9월,흔함,미납품
0669_담배.png,669,담배,Nicotiana tabacum,Solanaceae,,보통,미납품
0670_담배풀.png,670,담배풀,Carpesium abrotanoides,Asteraceae,8~10월,흔함,미납품
0671_담쟁이덩굴.png,671,담쟁이덩굴,Parthenocissus tricuspidata,Vitaceae,,흔함,미납품
0672_당개지치.png,672,당개지치,Brachybotrys paridiformis,Boraginaceae,5월,흔함,미납품
0673_당광나무.png,673,당광나무,Ligustrum lucidum,Oleaceae,,보통,미납품
0674_당남천죽.png,674,당남천죽,Mahonia fortunei,Berberidaceae,,귀함,미납품
0675_당단풍나무.png,675,당단풍나무,Acer pseudosieboldianum,Aceraceae,,흔함,미납품
0676_당매자나무.png,676,당매자나무,Berberis chinensis,Berberidaceae,,보통,미납품
0677_당버들.png,677,당버들,Populus simonii,Salicaceae,,보통,미납품
0678_당분취.png,678,당분취,Saussurea tanakae,Asteraceae,7~9월,보통,미납품
0679_당삽주.png,679,당삽주,Atractylodes koreana,Asteraceae,,귀함,미납품
0680_당아욱.png,680,당아욱,Malva sylvestris,Malvaceae,,보통,미납품
0681_당양지꽃.png,681,당양지꽃,Potentilla ancistrifolia,Rosaceae,,보통,미납품
0682_당잔대.png,682,당잔대,Adenophora stricta,Campanulaceae,1월,흔함,미납품
0683_당조팝나무.png,683,당조팝나무,Spiraea chinensis,Rosaceae,5~6월,보통,미납품
0684_당키버들.png,684,당키버들,Salix miyabeana,Salicaceae,,흔함,미납품
0685_대구돌나물.png,685,대구돌나물,Crassula aquatica,Crassulaceae,,귀함,미납품
0686_대나물.png,686,대나물,Gypsophila oldhamiana,Caryophyllaceae,6~9월,흔함,미납품
0687_대마참나물.png,687,대마참나물,Tilingia tsusimensis,Apiaceae,,귀함,미납품
0688_대만뿔남천.png,688,대만뿔남천,Mahonia japonica,Berberidaceae,,귀함,미납품
0689_대반하.png,689,대반하,Pinellia tripartita,Araceae,4~8월,보통,미납품
0690_대부도냉이.png,690,대부도냉이,Lepidium perfoliatum,Brassicaceae,,보통,미납품
0691_대상화.png,691,대상화,Eriocapitella hupehensis,Ranunculaceae,,귀함,미납품
0692_대암개발나물.png,692,대암개발나물,Sium tenue,Apiaceae,,귀함,미납품
0693_대청.png,693,대청,Isatis tinctoria,Brassicaceae,,귀함,미납품
0694_대청부채.png,694,대청부채,Iris dichotoma,Iridaceae,,귀함,미납품
0695_대청지치.png,695,대청지치,Thyrocarpus glochidiatus,Boraginaceae,,귀함,미납품
0696_대추나무.png,696,대추나무,Ziziphus jujuba,Rhamnaceae,5~10월,흔함,미납품
0697_대팻집나무.png,697,대팻집나무,Ilex macropoda,Aquifoliaceae,4~9월,흔함,미납품
0698_대황.png,698,대황,Rheum rhabarbarum,Polygonaceae,,귀함,미납품
0699_대흥란.png,699,대흥란,Cymbidium macrorhizon,Orchidaceae,,귀함,미납품
0700_댕강나무.png,700,댕강나무,Zabelia tyaihyonii,Caprifoliaceae,,보통,미납품
0701_댕댕이나무.png,701,댕댕이나무,Lonicera caerulea,Caprifoliaceae,,보통,미납품
0702_댕댕이덩굴.png,702,댕댕이덩굴,Cocculus orbiculatus,Menispermaceae,5~10월,흔함,미납품
0703_더덕.png,703,더덕,Codonopsis lanceolata,Campanulaceae,4~9월,흔함,미납품
0704_덕우기름나물.png,704,덕우기름나물,Sillaphyton podagraria,Apiaceae,,보통,미납품
0705_덜꿩나무.png,705,덜꿩나무,Viburnum erosum,Caprifoliaceae,4~6월,흔함,미납품
0706_덤불꼭두서니.png,706,덤불꼭두서니,Rubia sylvatica,Rubiaceae,,보통,미납품
0707_덤불쑥.png,707,덤불쑥,Artemisia rubripes,Asteraceae,7~9월,보통,미납품
0708_덤불조팝나무.png,708,덤불조팝나무,Spiraea miyabei,Rosaceae,,보통,미납품
0709_덤불취.png,709,덤불취,Saussurea manshurica,Asteraceae,,보통,미납품
0710_덩굴개별꽃.png,710,덩굴개별꽃,Pseudostellaria davidii,Caryophyllaceae,4~5월,흔함,미납품
0711_덩굴꽃마리.png,711,덩굴꽃마리,Trigonotis icumae,Boraginaceae,4~5월,흔함,미납품
0712_덩굴닭의장풀.png,712,덩굴닭의장풀,Streptolirion volubile,Commelinaceae,7~9월,흔함,미납품
0713_덩굴모밀.png,713,덩굴모밀,Persicaria chinensis,Polygonaceae,,귀함,미납품
0714_덩굴민백미꽃.png,714,덩굴민백미꽃,Vincetoxicum japonicum,Apocynaceae,,귀함,미납품
0715_덩굴박주가리.png,715,덩굴박주가리,Vincetoxicum nipponicum,Apocynaceae,,보통,미납품
0716_덩굴옻나무.png,716,덩굴옻나무,Toxicodendron orientale,Anacardiaceae,,귀함,미납품
0717_덩굴조희풀.png,717,덩굴조희풀,Clematis pseudotubulosa,Ranunculaceae,,귀함,미납품
0718_덩굴해란초.png,718,덩굴해란초,Cymbalaria muralis,Scrophulariaceae,,귀함,미납품
0719_덩이괭이밥.png,719,덩이괭이밥,Oxalis articulata,Oxalidaceae,3~7월,보통,미납품
0720_도깨비가지.png,720,도깨비가지,Solanum carolinense,Solanaceae,6~9월,흔함,미납품
0721_도깨비바늘.png,721,도깨비바늘,Bidens bipinnata,Asteraceae,9~10월,흔함,미납품
0722_도깨비부채.png,722,도깨비부채,Rodgersia podophylla,Saxifragaceae,4~8월,흔함,미납품
0723_도깨비엉겅퀴.png,723,도깨비엉겅퀴,Cirsium schantarense,Asteraceae,5~9월,보통,미납품
0724_도꼬로마.png,724,도꼬로마,Dioscorea tokoro,Dioscoreaceae,,보통,미납품
0725_도꼬마리.png,725,도꼬마리,Xanthium strumarium,Asteraceae,9~10월,흔함,미납품
0726_도라지모시대.png,726,도라지모시대,Adenophora grandiflora,Campanulaceae,7~8월,보통,미납품
0727_독말풀.png,727,독말풀,Datura stramonium,Solanaceae,7~9월,보통,미납품
0728_독미나리.png,728,독미나리,Cicuta virosa,Apiaceae,,보통,미납품
0729_돈나무.png,729,돈나무,Pittosporum tobira,Pittosporaceae,4~7월,흔함,미납품
0730_돌갈매나무.png,730,돌갈매나무,Rhamnus parvifolia,Rhamnaceae,,보통,미납품
0731_돌단풍.png,731,돌단풍,Mukdenia rossii,Saxifragaceae,4~5월,흔함,미납품
0732_돌방풍.png,732,돌방풍,Carlesia sinensis,Apiaceae,,귀함,미납품
0733_돌부채.png,733,돌부채,Bergenia crassifolia,Saxifragaceae,,귀함,미납품
0734_돌부추.png,734,돌부추,Allium koreanum,Liliaceae,,귀함,미납품
0735_돌소리쟁이.png,735,돌소리쟁이,Rumex obtusifolius,Polygonaceae,5~7월,흔함,미납품
0736_돌앵초.png,736,돌앵초,Primula saxatilis,Primulaceae,,귀함,미납품
0737_돌양지꽃.png,737,돌양지꽃,Potentilla dickinsii,Rosaceae,4~9월,흔함,미납품
0738_돌외.png,738,돌외,Gynostemma pentaphyllum,Cucurbitaceae,,흔함,미납품
0739_돌채송화.png,739,돌채송화,Sedum japonicum,Crassulaceae,4~7월,흔함,미납품
0740_동강할미꽃.png,740,동강할미꽃,Pulsatilla tongkangensis,Ranunculaceae,,보통,미납품
0741_동의나물.png,741,동의나물,Caltha palustris,Ranunculaceae,4~5월,흔함,미납품
0742_돼지풀.png,742,돼지풀,Ambrosia artemisiifolia,Asteraceae,6~9월,흔함,미납품
0743_돼지풀아재비.png,743,돼지풀아재비,Parthenium hysterophorus,Asteraceae,,귀함,미납품
0744_된장풀.png,744,된장풀,Ohwia caudata,Fabaceae,,보통,미납품
0745_두루미꽃.png,745,두루미꽃,Maianthemum bifolium,Liliaceae,5~6월,보통,미납품
0746_두루미천남성.png,746,두루미천남성,Arisaema heterophyllum,Araceae,5~6월,흔함,미납품
0747_두릅나무.png,747,두릅나무,Aralia elata,Araliaceae,,흔함,미납품
0748_두메고들빼기.png,748,두메고들빼기,Lactuca triangulata,Asteraceae,7~9월,흔함,미납품
0749_두메꿀풀.png,749,두메꿀풀,Prunella vulgaris,Lamiaceae,5~7월,흔함,미납품
0750_두메냉이.png,750,두메냉이,Cardamine changbaiana,Brassicaceae,,귀함,미납품
0751_두메담배풀.png,751,두메담배풀,Carpesium triste,Asteraceae,8~9월,흔함,미납품
0752_두메부추.png,752,두메부추,Allium dumebuchum,Liliaceae,,귀함,미납품
0753_두메분취.png,753,두메분취,Saussurea tomentosa,Asteraceae,,귀함,미납품
0754_두메애기풀.png,754,두메애기풀,Polygala sibirica,Polygalaceae,,귀함,미납품
0755_두메양귀비.png,755,두메양귀비,Papaver coreanum,Papaveraceae,,귀함,미납품
0756_두메오이풀.png,756,두메오이풀,Sanguisorba obtusa,Rosaceae,,귀함,미납품
0757_두메자운.png,757,두메자운,Oxytropis anertii,Fabaceae,,귀함,미납품
0758_두메잔대.png,758,두메잔대,Adenophora lamarckii,Campanulaceae,,보통,미납품
0759_두메취.png,759,두메취,Saussurea triangulata,Asteraceae,,보통,미납품
0760_두메층층이.png,760,두메층층이,Clinopodium micranthum,Lamiaceae,8~9월,보통,미납품
0761_두잎약난초.png,761,두잎약난초,Cremastra unguiculata,Orchidaceae,,귀함,미납품
0762_두충.png,762,두충,Eucommia ulmoides,Eucommiaceae,,보통,미납품
0763_둥근마.png,763,둥근마,Dioscorea bulbifera,Dioscoreaceae,5~10월,보통,미납품
0764_둥근말발도리.png,764,둥근말발도리,Deutzia scabra,Saxifragaceae,,보통,미납품
0765_둥근매듭풀.png,765,둥근매듭풀,Kummerowia stipulacea,Fabaceae,7~9월,흔함,미납품
0766_둥근바위솔.png,766,둥근바위솔,Orostachys malacophylla,Crassulaceae,10~11월,보통,미납품
0767_둥근배암차즈기.png,767,둥근배암차즈기,Salvia japonica,Lamiaceae,6~8월,보통,미납품
0768_둥근빗살괴불주머니.png,768,둥근빗살괴불주머니,Fumaria officinalis,Papaveraceae,,보통,미납품
0769_둥근이질풀.png,769,둥근이질풀,Geranium koreanum,Geraniaceae,7~9월,흔함,미납품
0770_둥근인가목.png,770,둥근인가목,Rosa spinosissima,Rosaceae,,보통,미납품
0771_둥근잎개야광.png,771,둥근잎개야광,Cotoneaster integerrimus,Rosaceae,,귀함,미납품
0772_둥근잎꿩의비름.png,772,둥근잎꿩의비름,Hylotelephium ussuriense,Crassulaceae,,보통,미납품
0773_둥근잎나팔꽃.png,773,둥근잎나팔꽃,Ipomoea purpurea,Convolvulaceae,8~10월,흔함,미납품
0774_둥근잎비름.png,774,둥근잎비름,Sedum makinoi,Crassulaceae,,귀함,미납품
0775_둥근잎아욱.png,775,둥근잎아욱,Malva pusilla,Malvaceae,,보통,미납품
0776_둥근잎유홍초.png,776,둥근잎유홍초,Ipomoea coccinea,Convolvulaceae,9~10월,흔함,미납품
0777_둥근잎천남성.png,777,둥근잎천남성,Arisaema amurense,Araceae,4~6월,흔함,미납품
0778_둥근잎택사.png,778,둥근잎택사,Caldesia parnassifolia,Alismataceae,,보통,미납품
0779_둥근털제비꽃.png,779,둥근털제비꽃,Viola collina,Violaceae,3~5월,흔함,미납품
0780_드람불꽃.png,780,드람불꽃,Phlox drummondii,Polemoniaceae,,귀함,미납품
0781_들갓.png,781,들갓,Sinapis arvensis,Brassicaceae,,귀함,미납품
0782_들개미자리.png,782,들개미자리,Spergula arvensis,Caryophyllaceae,,보통,미납품
0783_들괭이밥.png,783,들괭이밥,Oxalis dillenii,Oxalidaceae,5월,보통,미납품
0784_들깨.png,784,들깨,Perilla frutescens,Lamiaceae,9~10월,흔함,미납품
0785_들깨풀.png,785,들깨풀,Mosla scabra,Lamiaceae,9~10월,흔함,미납품
0786_들다닥냉이.png,786,들다닥냉이,Lepidium campestre,Brassicaceae,,귀함,미납품
0787_들떡쑥.png,787,들떡쑥,Leontopodium leontopodioides,Asteraceae,,보통,미납품
0788_들메나무.png,788,들메나무,Fraxinus mandshurica,Oleaceae,5~9월,흔함,미납품
0789_들바람꽃.png,789,들바람꽃,Anemone amurensis,Ranunculaceae,,보통,미납품
0790_들버들.png,790,들버들,Salix subopposita,Salicaceae,,귀함,미납품
0791_들벌노랑이.png,791,들벌노랑이,Lotus pedunculatus,Fabaceae,,귀함,미납품
0792_들별꽃.png,792,들별꽃,Stellaria ruderalis,Caryophyllaceae,,보통,미납품
0793_들사마귀풀.png,793,들사마귀풀,Murdannia nudiflora,Commelinaceae,,귀함,미납품
0794_들완두.png,794,들완두,Vicia bungei,Fabaceae,,보통,미납품
0795_들정향나무.png,795,들정향나무,Syringa reticulata,Oleaceae,5~7월,흔함,미납품
0796_들쭉나무.png,796,들쭉나무,Vaccinium uliginosum,Ericaceae,,보통,미납품
0797_들통발.png,797,들통발,Utricularia aurea,Lentibulariaceae,,보통,미납품
0798_들현호색.png,798,들현호색,Corydalis ternata,Fumariaceae,4~5월,보통,미납품
0799_등갈퀴나물.png,799,등갈퀴나물,Vicia cracca,Fabaceae,5~9월,보통,미납품
0800_등골나물아재비.png,800,등골나물아재비,Ageratum conyzoides,Asteraceae,,보통,미납품
0801_등대꽃나무.png,801,등대꽃나무,Enkianthus campanulatus,Ericaceae,,귀함,미납품
0802_등대시호.png,802,등대시호,Bupleurum euphorbioides,Apiaceae,,보통,미납품
0803_등수국.png,803,등수국,Hydrangea petiolaris,Saxifragaceae,4~9월,흔함,미납품
0804_등에풀.png,804,등에풀,Dopatrium junceum,Scrophulariaceae,,보통,미납품
0805_등포풀.png,805,등포풀,Limosella aquatica,Scrophulariaceae,,귀함,미납품
0806_딱지꽃.png,806,딱지꽃,Potentilla chinensis,Rosaceae,6~9월,흔함,미납품
0807_딱총나무.png,807,딱총나무,Sambucus williamsii,Caprifoliaceae,4~6월,흔함,미납품
0808_땃두릅나무.png,808,땃두릅나무,Oplopanax elatus,Araliaceae,,보통,미납품
0809_땅귀개.png,809,땅귀개,Utricularia bifida,Lentibulariaceae,8~10월,보통,미납품
0810_땅꽈리.png,810,땅꽈리,Physalis pubescens,Solanaceae,,보통,미납품
0811_땅나리.png,811,땅나리,Lilium callosum,Liliaceae,6~8월,보통,미납품
0812_땅두릅.png,812,땅두릅,Aralia cordata,Araliaceae,8~10월,보통,미납품
0813_땅비수리.png,813,땅비수리,Lespedeza juncea,Fabaceae,8~9월,보통,미납품
0814_땅비싸리.png,814,땅비싸리,Indigofera kirilowii,Fabaceae,5~6월,흔함,미납품
0815_때죽나무.png,815,때죽나무,Styrax japonicus,Styracaceae,5~6월,흔함,미납품
0816_떡쑥.png,816,떡쑥,Pseudognaphalium affine,Asteraceae,4~6월,흔함,미납품
0817_뚜껑덩굴.png,817,뚜껑덩굴,Actinostemma lobatum,Cucurbitaceae,7~10월,보통,미납품
0818_뚱딴지.png,818,뚱딴지,Helianthus tuberosus,Asteraceae,9~10월,흔함,미납품
0819_뜰보리수.png,819,뜰보리수,Elaeagnus multiflora,Elaeagnaceae,4~6월,보통,미납품
0820_라일락.png,820,라일락,Syringa vulgaris,Oleaceae,3~5월,보통,미납품
0821_라즈베리.png,821,라즈베리,Rubus idaeus,Rosaceae,,보통,미납품
0822_로젯사철란.png,822,로젯사철란,Goodyera brachystegia,Orchidaceae,,귀함,미납품
0823_린네풀.png,823,린네풀,Linnaea borealis,Caprifoliaceae,,귀함,미납품
0824_마.png,824,마,Dioscorea polystachya,Dioscoreaceae,5~6월,흔함,미납품
0825_마가렛트.png,825,마가렛트,Argyranthemum frutescens,Asteraceae,,귀함,미납품
0826_마늘.png,826,마늘,Allium sativum,Liliaceae,,보통,미납품
0827_마늘냉이.png,827,마늘냉이,Alliaria petiolata,Brassicaceae,,귀함,미납품
0828_마디꽃.png,828,마디꽃,Rotala indica,Lythraceae,9~10월,흔함,미납품
0829_마디풀.png,829,마디풀,Polygonum aviculare,Polygonaceae,6~10월,흔함,미납품
0830_마삭줄.png,830,마삭줄,Trachelospermum asiaticum,Apocynaceae,,흔함,미납품
0831_마편초.png,831,마편초,Verbena officinalis,Verbenaceae,6~10월,보통,미납품
0832_만년청.png,832,만년청,Rohdea japonica,Commelinaceae,,귀함,미납품
0833_만리화.png,833,만리화,Forsythia ovata,Oleaceae,,보통,미납품
0834_만병초.png,834,만병초,Rhododendron brachycarpum,Ericaceae,,흔함,미납품
0835_만삼.png,835,만삼,Codonopsis pilosula,Campanulaceae,,보통,미납품
0836_만수국아재비.png,836,만수국아재비,Tagetes minuta,Asteraceae,10~11월,흔함,미납품
0837_만주겨이삭여뀌.png,837,만주겨이삭여뀌,Persicaria foliosa,Polygonaceae,,보통,미납품
0838_만주고로쇠.png,838,만주고로쇠,Acer truncatum,Aceraceae,,흔함,미납품
0839_만주미나리아재비.png,839,만주미나리아재비,Ranunculus grandis,Ranunculaceae,,귀함,미납품
0840_만주바람꽃.png,840,만주바람꽃,Isopyrum manshuricum,Ranunculaceae,3~4월,보통,미납품
0841_만주붓꽃.png,841,만주붓꽃,Iris mandshurica,Iridaceae,,귀함,미납품
0842_만주송이풀.png,842,만주송이풀,Pedicularis mandshurica,Scrophulariaceae,,보통,미납품
0843_만주잔대.png,843,만주잔대,Adenophora pereskiifolia,Campanulaceae,,보통,미납품
0844_만첩조팝나무.png,844,만첩조팝나무,Spiraea prunifolia,Rosaceae,4~5월,흔함,미납품
0845_말나리.png,845,말나리,Lilium distichum,Liliaceae,7~8월,흔함,미납품
0846_말냉이.png,846,말냉이,Thlaspi arvense,Brassicaceae,4~5월,흔함,미납품
0847_말냉이장구채.png,847,말냉이장구채,Silene noctiflora,Caryophyllaceae,,귀함,미납품
0848_말똥비름.png,848,말똥비름,Sedum bulbiferum,Crassulaceae,5~6월,흔함,미납품
0849_말발도리.png,849,말발도리,Deutzia parviflora,Saxifragaceae,5~7월,흔함,미납품
0850_말뱅이나물.png,850,말뱅이나물,Gypsophila vaccaria,Caryophyllaceae,,보통,미납품
0851_말채나무.png,851,말채나무,Cornus walteri,Cornaceae,5~9월,흔함,미납품
0852_맑은대쑥.png,852,맑은대쑥,Artemisia keiskeana,Asteraceae,5~10월,흔함,미납품
0853_망개나무.png,853,망개나무,Berchemiella berchemiifolia,Rhamnaceae,4월,보통,미납품
0854_망적천문동.png,854,망적천문동,Asparagus dauricus,Liliaceae,,보통,미납품
0855_매듭풀.png,855,매듭풀,Kummerowia striata,Fabaceae,6~9월,흔함,미납품
0856_매발톱나무.png,856,매발톱나무,Berberis amurensis,Berberidaceae,5~9월,흔함,미납품
0857_매자나무.png,857,매자나무,Berberis koreana,Berberidaceae,5월,흔함,미납품
0858_매자잎버들.png,858,매자잎버들,Salix berberifolia,Salicaceae,,귀함,미납품
0859_매화노루발.png,859,매화노루발,Chimaphila japonica,Pyrolaceae,5~6월,흔함,미납품
0860_매화마름.png,860,매화마름,Ranunculus kadzusensis,Ranunculaceae,,귀함,미납품
0861_매화말발도리.png,861,매화말발도리,Deutzia uniflora,Saxifragaceae,4~5월,흔함,미납품
0862_매화오리나무.png,862,매화오리나무,Clethra barbinervis,Clethraceae,,귀함,미납품
0863_맥문동.png,863,맥문동,Liriope muscari,Liliaceae,7~10월,흔함,미납품
0864_맥문아재비.png,864,맥문아재비,Ophiopogon jaburan,Liliaceae,4월,보통,미납품
0865_머귀나무.png,865,머귀나무,Zanthoxylum ailanthoides,Rutaceae,,흔함,미납품
0866_머루.png,866,머루,Vitis coignetiae,Vitaceae,5~9월,흔함,미납품
0867_머위.png,867,머위,Petasites japonicus,Asteraceae,4~5월,흔함,미납품
0868_먹넌출.png,868,먹넌출,Berchemia floribunda,Rhamnaceae,,보통,미납품
0869_먼나무.png,869,먼나무,Ilex rotunda,Aquifoliaceae,,보통,미납품
0870_멀구슬나무.png,870,멀구슬나무,Melia azedarach,Meliaceae,,흔함,미납품
0871_멀꿀.png,871,멀꿀,Stauntonia hexaphylla,Lardizabalaceae,4~9월,흔함,미납품
0872_멍석딸기.png,872,멍석딸기,Rubus parvifolius,Rosaceae,5~7월,흔함,미납품
0873_메밀.png,873,메밀,Fagopyrum esculentum,Polygonaceae,6~10월,흔함,미납품
0874_메밀여뀌.png,874,메밀여뀌,Persicaria capitata,Polygonaceae,,귀함,미납품
0875_멕시코돌나물.png,875,멕시코돌나물,Sedum mexicanum,Crassulaceae,,귀함,미납품
0876_멕시코백령풀.png,876,멕시코백령풀,Richardia brasiliensis,Rubiaceae,,귀함,미납품
0877_며느리밑씻개.png,877,며느리밑씻개,Persicaria senticosa,Polygonaceae,5~9월,흔함,미납품
0878_며느리배꼽.png,878,며느리배꼽,Persicaria perfoliata,Polygonaceae,6~10월,흔함,미납품
0879_멸가치.png,879,멸가치,Adenocaulon himalaicum,Asteraceae,4~9월,흔함,미납품
0880_명자순.png,880,명자순,Ribes maximoviczianum,Saxifragaceae,,귀함,미납품
0881_모래냉이.png,881,모래냉이,Diplotaxis muralis,Brassicaceae,,보통,미납품
0882_모새나무.png,882,모새나무,Vaccinium bracteatum,Ericaceae,5~6월,흔함,미납품
0883_모시대.png,883,모시대,Adenophora remotiflora,Campanulaceae,7~9월,흔함,미납품
0884_목서.png,884,목서,Osmanthus fragrans,Oleaceae,10~11월,보통,미납품
0885_목포용둥굴레.png,885,목포용둥굴레,Polygonatum cryptanthum,Liliaceae,5~6월,보통,미납품
0886_목향.png,886,목향,Inula helenium,Asteraceae,,귀함,미납품
0887_뫼제비꽃.png,887,뫼제비꽃,Viola selkirkii,Violaceae,4~5월,흔함,미납품
0888_묏꿩의다리.png,888,묏꿩의다리,Thalictrum sachalinense,Ranunculaceae,,귀함,미납품
0889_묏미나리.png,889,묏미나리,Ostericum sieboldii,Apiaceae,9월,흔함,미납품
0890_묏장대.png,890,묏장대,Arabidopsis lyrata,Brassicaceae,,보통,미납품
0891_묏황기.png,891,묏황기,Hedysarum alpinum,Fabaceae,,귀함,미납품
0892_무늬천남성.png,892,무늬천남성,Arisaema thunbergii,Araceae,4~6월,보통,미납품
0893_무산상자.png,893,무산상자,Sphallerocarpus gracilis,Apiaceae,,귀함,미납품
0894_무엽란.png,894,무엽란,Lecanorchis japonica,Orchidaceae,,보통,미납품
0895_무환자나무.png,895,무환자나무,Sapindus mukorossi,Sapindaceae,,보통,미납품
0896_묵밭소리쟁이.png,896,묵밭소리쟁이,Rumex conglomeratus,Polygonaceae,,보통,미납품
0897_문모초.png,897,문모초,Veronica peregrina,Scrophulariaceae,4~5월,흔함,미납품
0898_물고추나물.png,898,물고추나물,Triadenum japonicum,Clusiaceae,,보통,미납품
0899_물까치수염.png,899,물까치수염,Lysimachia leucantha,Primulaceae,,보통,미납품
0900_물꼬리풀.png,900,물꼬리풀,Pogostemon stellatus,Lamiaceae,,귀함,미납품
0901_물꽈리아재비.png,901,물꽈리아재비,Erythranthe nepalensis,Scrophulariaceae,6~9월,보통,미납품
0902_물들메나무.png,902,물들메나무,Fraxinus chiisanensis,Oleaceae,,보통,미납품
0903_물레나물.png,903,물레나물,Hypericum ascyron,Clusiaceae,6~8월,흔함,미납품
0904_물매화.png,904,물매화,Parnassia palustris,Saxifragaceae,8~10월,흔함,미납품
0905_물머위.png,905,물머위,Adenostemma lavenia,Asteraceae,,흔함,미납품
0906_물상추.png,906,물상추,Pistia stratiotes,Araceae,,귀함,미납품
0907_물솜방망이.png,907,물솜방망이,Tephroseris pseudosonchus,Asteraceae,,보통,미납품
0908_물싸리.png,908,물싸리,Dasiphora fruticosa,Rosaceae,,보통,미납품
0909_물쑥.png,909,물쑥,Artemisia selengensis,Asteraceae,5~10월,보통,미납품
0910_물앵도나무.png,910,물앵도나무,Lonicera ruprechtiana,Caprifoliaceae,,보통,미납품
0911_물양귀비.png,911,물양귀비,Hydrocleys nymphoides,Alismataceae,,귀함,미납품
0912_물양지꽃.png,912,물양지꽃,Potentilla cryptotaeniae,Rosaceae,7~9월,흔함,미납품
0913_물엉겅퀴.png,913,물엉겅퀴,Cirsium nipponicum,Asteraceae,,보통,미납품
0914_물지채.png,914,물지채,Triglochin palustris,Juncaginaceae,,귀함,미납품
0915_물참대.png,915,물참대,Deutzia glabrata,Saxifragaceae,5~6월,흔함,미납품
0916_물칭개나물.png,916,물칭개나물,Veronica undulata,Scrophulariaceae,5~6월,보통,미납품
0917_미국갯마디풀.png,917,미국갯마디풀,Polygonum ramosissimum,Polygonaceae,,귀함,미납품
0918_미국까마중.png,918,미국까마중,Solanum americanum,Solanaceae,9~10월,흔함,미납품
0919_미국꽃말이.png,919,미국꽃말이,Amsinckia lycopsoides,Boraginaceae,,귀함,미납품
0920_미국나팔꽃.png,920,미국나팔꽃,Ipomoea hederacea,Convolvulaceae,8~10월,흔함,미납품
0921_미국낙상홍.png,921,미국낙상홍,Ilex verticillata,Aquifoliaceae,,보통,미납품
0922_미국담쟁이덩굴.png,922,미국담쟁이덩굴,Parthenocissus quinquefolia,Vitaceae,5~10월,보통,미납품
0923_미국마편초.png,923,미국마편초,Verbena hastata,Verbenaceae,,귀함,미납품
0924_미국물칭개.png,924,미국물칭개,Veronica americana,Scrophulariaceae,,귀함,미납품
0925_미국미역취.png,925,미국미역취,Solidago gigantea,Asteraceae,6~8월,보통,미납품
0926_미국산사.png,926,미국산사,Crataegus scabrida,Rosaceae,,보통,미납품
0927_미국수국.png,927,미국수국,Hydrangea arborescens,Saxifragaceae,,귀함,미납품
0928_미국수련.png,928,미국수련,Nymphaea odorata,Nymphaeaceae,,귀함,미납품
0929_미국실새삼.png,929,미국실새삼,Cuscuta campestris,Convolvulaceae,6~10월,흔함,미납품
0930_미국외풀.png,930,미국외풀,Lindernia dubia,Scrophulariaceae,6~9월,보통,미납품
0931_미국자리공.png,931,미국자리공,Phytolacca americana,Phytolaccaceae,5~10월,흔함,미납품
0932_미국잔디갈고리.png,932,미국잔디갈고리,Desmodium paniculatum,Fabaceae,,귀함,미납품
0933_미국좀부처꽃.png,933,미국좀부처꽃,Ammannia coccinea,Lythraceae,7~10월,보통,미납품
0934_미국쥐손이.png,934,미국쥐손이,Geranium carolinianum,Geraniaceae,5~6월,보통,미납품
0935_미국큰고추풀.png,935,미국큰고추풀,Gratiola neglecta,Scrophulariaceae,,귀함,미납품
0936_미국풀솜나물.png,936,미국풀솜나물,Gamochaeta pensylvanica,Asteraceae,,보통,미납품
0937_미꾸리낚시.png,937,미꾸리낚시,Persicaria sagittata,Polygonaceae,9~10월,흔함,미납품
0938_미나리.png,938,미나리,Oenanthe javanica,Apiaceae,5~10월,흔함,미납품
0939_미나리냉이.png,939,미나리냉이,Cardamine leucantha,Brassicaceae,4~5월,흔함,미납품
0940_미나리아재비.png,940,미나리아재비,Ranunculus japonicus,Ranunculaceae,5월,흔함,미납품
0941_미모사.png,941,미모사,Mimosa pudica,Fabaceae,,귀함,미납품
0942_미선나무.png,942,미선나무,Abeliophyllum distichum,Oleaceae,3월,보통,미납품
0943_미역취아재비.png,943,미역취아재비,Euthamia graminifolia,Asteraceae,,귀함,미납품
0944_민개미자리.png,944,민개미자리,Sagina procumbens,Caryophyllaceae,,귀함,미납품
0945_민둥갈퀴.png,945,민둥갈퀴,Galium kinuta,Rubiaceae,6~9월,흔함,미납품
0946_민둥갈퀴덩굴.png,946,민둥갈퀴덩굴,Galium tricornutum,Rubiaceae,,귀함,미납품
0947_민말똥비름.png,947,민말똥비름,Sedum alfredii,Crassulaceae,,귀함,미납품
0948_민망초.png,948,민망초,Erigeron acris,Asteraceae,,보통,미납품
0949_민생열귀나무.png,949,민생열귀나무,Rosa silenidiflora,Rosaceae,,귀함,미납품
0950_민솜대.png,950,민솜대,Maianthemum dahuricum,Liliaceae,,보통,미납품
0951_민쑥부쟁이.png,951,민쑥부쟁이,Aster mongolicus,Asteraceae,,보통,미납품
0952_밀나물.png,952,밀나물,Smilax riparia,Liliaceae,5~9월,흔함,미납품
0953_바늘꽃.png,953,바늘꽃,Epilobium pyrricholophum,Onagraceae,7~9월,보통,미납품
0954_바늘엉겅퀴.png,954,바늘엉겅퀴,Cirsium rhinoceros,Asteraceae,,보통,미납품
0955_바보여뀌.png,955,바보여뀌,Persicaria pubescens,Polygonaceae,8~10월,보통,미납품
0956_바위괭이눈.png,956,바위괭이눈,Chrysosplenium macrostemon,Saxifragaceae,,보통,미납품
0957_바위댕강나무.png,957,바위댕강나무,Zabelia integrifolia,Caprifoliaceae,,귀함,미납품
0958_바위돌꽃.png,958,바위돌꽃,Rhodiola rosea,Crassulaceae,,보통,미납품
0959_바위미나리아재비.png,959,바위미나리아재비,Ranunculus crucilobus,Ranunculaceae,,보통,미납품
0960_바위솔.png,960,바위솔,Orostachys japonica,Crassulaceae,1월,흔함,미납품
0961_바위솜나물.png,961,바위솜나물,Tephroseris phaeantha,Asteraceae,,보통,미납품
0962_바위장대.png,962,바위장대,Arabis serrata,Brassicaceae,,보통,미납품
0963_바위채송화.png,963,바위채송화,Sedum polytrichoides,Crassulaceae,5~9월,흔함,미납품
0964_바위취.png,964,바위취,Saxifraga stolonifera,Saxifragaceae,3~6월,보통,미납품
0965_바이칼꿩의다리.png,965,바이칼꿩의다리,Thalictrum baicalense,Ranunculaceae,,귀함,미납품
0966_박.png,966,박,Lagenaria siceraria,Cucurbitaceae,,보통,미납품
0967_박달목서.png,967,박달목서,Osmanthus insularis,Oleaceae,,보통,미납품
0968_박새.png,968,박새,Veratrum oxysepalum,Liliaceae,4~8월,보통,미납품
0969_박태기나무.png,969,박태기나무,Cercis chinensis,Fabaceae,4월,흔함,미납품
0970_반디미나리.png,970,반디미나리,Pternopetalum tanakae,Apiaceae,,보통,미납품
0971_반짝버들.png,971,반짝버들,Salix pseudopentandra,Salicaceae,,귀함,미납품
0972_발톱꿩의다리.png,972,발톱꿩의다리,Thalictrum sparsiflorum,Ranunculaceae,,귀함,미납품
0973_방기.png,973,방기,Sinomenium acutum,Menispermaceae,4~9월,보통,미납품
0974_방울꽃.png,974,방울꽃,Strobilanthes oligantha,Acanthaceae,,보통,미납품
0975_방울비짜루.png,975,방울비짜루,Asparagus oligoclonos,Liliaceae,5~6월,흔함,미납품
0976_방울새란.png,976,방울새란,Pogonia minor,Orchidaceae,,보통,미납품
0977_방울제비꽃.png,977,방울제비꽃,Viola breviflora,Violaceae,,귀함,미납품
0978_방풍.png,978,방풍,Saposhnikovia divaricata,Apiaceae,,보통,미납품
0979_배암나무.png,979,배암나무,Viburnum koreanum,Caprifoliaceae,,보통,미납품
0980_배암차즈기.png,980,배암차즈기,Salvia plebeia,Lamiaceae,4~6월,흔함,미납품
0981_배풍등.png,981,배풍등,Solanum lyratum,Solanaceae,,흔함,미납품
0982_백두산떡쑥.png,982,백두산떡쑥,Antennaria dioica,Asteraceae,,귀함,미납품
0983_백량금.png,983,백량금,Ardisia crispa,Myrsinaceae,,보통,미납품
0984_백리향.png,984,백리향,Thymus quinquecostatus,Lamiaceae,4~7월,보통,미납품
0985_백미꽃.png,985,백미꽃,Vincetoxicum atratum,Apocynaceae,5~6월,보통,미납품
0986_백부자.png,986,백부자,Aconitum coreanum,Ranunculaceae,,보통,미납품
0987_백서향.png,987,백서향,Daphne kiusiana,Thymelaeaceae,1~5월,보통,미납품
0988_백선.png,988,백선,Dictamnus dasycarpus,Rutaceae,5~6월,흔함,미납품
0989_백약이참나물.png,989,백약이참나물,Pimpinella saxifraga,Apiaceae,,귀함,미납품
0990_백운란.png,990,백운란,Odontochilus nakaianus,Orchidaceae,,귀함,미납품
0991_백운산원추리.png,991,백운산원추리,Hemerocallis hakuunensis,Liliaceae,6~8월,흔함,미납품
0992_백운취.png,992,백운취,Saussurea insularis,Asteraceae,,귀함,미납품
0993_백합나무.png,993,백합나무,Liriodendron tulipifera,Magnoliaceae,5~7월,흔함,미납품
0994_뱀무.png,994,뱀무,Geum japonicum,Rosaceae,6~8월,흔함,미납품
0995_버드나무.png,995,버드나무,Salix pierotii,Salicaceae,4~7월,흔함,미납품
0996_버들까치수염.png,996,버들까치수염,Lysimachia thyrsiflora,Primulaceae,,귀함,미납품
0997_버들바늘꽃.png,997,버들바늘꽃,Epilobium palustre,Onagraceae,,보통,미납품
0998_버들분취.png,998,버들분취,Saussurea maximowiczii,Asteraceae,7~10월,보통,미납품
0999_버들잎엉겅퀴.png,999,버들잎엉겅퀴,Cirsium lineare,Asteraceae,,보통,미납품
1000_버들쥐똥나무.png,1000,버들쥐똥나무,Ligustrum salicinum,Oleaceae,,보통,미납품
1001_버들취.png,1001,버들취,Saussurea amurensis,Asteraceae,,귀함,미납품
1002_버어먼초.png,1002,버어먼초,Burmannia cryptopetala,Burmanniaceae,,귀함,미납품
1003_버즘나무.png,1003,버즘나무,Platanus orientalis,Platanaceae,,보통,미납품
1004_번행초.png,1004,번행초,Tetragonia tetragonoides,Aizoaceae,,흔함,미납품
1005_벋음씀바귀.png,1005,벋음씀바귀,Ixeris japonica,Asteraceae,4~5월,흔함,미납품
1006_벌깨덩굴.png,1006,벌깨덩굴,Meehania urticifolia,Lamiaceae,4~5월,흔함,미납품
1007_벌깨풀.png,1007,벌깨풀,Dracocephalum rupestre,Lamiaceae,,귀함,미납품
1008_벌등골나물.png,1008,벌등골나물,Eupatorium japonicum,Asteraceae,7~9월,흔함,미납품
1009_벌사상자.png,1009,벌사상자,Cnidium monnieri,Apiaceae,5~10월,보통,미납품
1010_벌씀바귀.png,1010,벌씀바귀,Ixeris polycephala,Asteraceae,4~5월,흔함,미납품
1011_벌완두.png,1011,벌완두,Vicia amurensis,Fabaceae,6~9월,흔함,미납품
1012_범부채.png,1012,범부채,Iris domestica,Iridaceae,7~8월,보통,미납품
1013_벗풀.png,1013,벗풀,Sagittaria trifolia,Alismataceae,7~9월,흔함,미납품
1014_벳지.png,1014,벳지,Vicia villosa,Fabaceae,5월,흔함,미납품
1015_벼룩나물.png,1015,벼룩나물,Stellaria alsine,Caryophyllaceae,4~6월,흔함,미납품
1016_벼룩이울타리.png,1016,벼룩이울타리,Eremogone juncea,Caryophyllaceae,,귀함,미납품
1017_벼룩이자리.png,1017,벼룩이자리,Arenaria serpyllifolia,Caryophyllaceae,4~6월,흔함,미납품
1018_벽오동나무.png,1018,벽오동나무,Firmiana simplex,Sterculiaceae,5~10월,보통,미납품
1019_별꽃아재비.png,1019,별꽃아재비,Galinsoga parviflora,Asteraceae,6~10월,흔함,미납품
1020_별꽃풀.png,1020,별꽃풀,Swertia veratroides,Gentianaceae,,귀함,미납품
1021_별나팔꽃.png,1021,별나팔꽃,Ipomoea triloba,Convolvulaceae,9~10월,보통,미납품
1022_병아리꽃나무.png,1022,병아리꽃나무,Rhodotypos scandens,Rosaceae,4~7월,흔함,미납품
1023_병아리난초.png,1023,병아리난초,Hemipilia gracilis,Orchidaceae,6~7월,흔함,미납품
1024_병아리다리.png,1024,병아리다리,Salomonia ciliata,Polygalaceae,,귀함,미납품
1025_병아리풀.png,1025,병아리풀,Polygala tatarinowii,Polygalaceae,9월,보통,미납품
1026_병풀.png,1026,병풀,Centella asiatica,Apiaceae,4~7월,흔함,미납품
1027_병풀아재비.png,1027,병풀아재비,Bowlesia incana,Apiaceae,,귀함,미납품
1028_보리밥나무.png,1028,보리밥나무,Elaeagnus macrophylla,Elaeagnaceae,3~7월,흔함,미납품
1029_보리수나무.png,1029,보리수나무,Elaeagnus umbellata,Elaeagnaceae,4~6월,흔함,미납품
1030_보리장나무.png,1030,보리장나무,Elaeagnus glabra,Elaeagnaceae,4~5월,흔함,미납품
1031_보춘화.png,1031,보춘화,Cymbidium goeringii,Orchidaceae,3~5월,흔함,미납품
1032_보풀.png,1032,보풀,Sagittaria aginashi,Alismataceae,7~9월,흔함,미납품
1033_복분자딸기.png,1033,복분자딸기,Rubus coreanus,Rosaceae,4~9월,흔함,미납품
1034_복자기.png,1034,복자기,Acer triflorum,Aceraceae,,흔함,미납품
1035_복장나무.png,1035,복장나무,Acer mandshuricum,Aceraceae,5~9월,흔함,미납품
1036_복주머니란.png,1036,복주머니란,Cypripedium macranthos,Orchidaceae,,보통,미납품
1037_봄구슬붕이.png,1037,봄구슬붕이,Gentiana thunbergii,Gentianaceae,,보통,미납품
1038_봄나도냉이.png,1038,봄나도냉이,Barbarea verna,Brassicaceae,,귀함,미납품
1039_봄망초.png,1039,봄망초,Erigeron philadelphicus,Asteraceae,5월,보통,미납품
1040_봄맞이냉이.png,1040,봄맞이냉이,Cardamine hirsuta,Brassicaceae,,귀함,미납품
1041_봄여뀌.png,1041,봄여뀌,Persicaria maculosa,Polygonaceae,9월,흔함,미납품
1042_봉화현호색.png,1042,봉화현호색,Corydalis bonghwaensis,Fumariaceae,,귀함,미납품
1043_부게꽃나무.png,1043,부게꽃나무,Acer ukurunduense,Aceraceae,4~9월,흔함,미납품
1044_부들레야 다비디.png,1044,부들레야 다비디,Buddleja davidii,Loganiaceae,,보통,미납품
1045_부령소리쟁이.png,1045,부령소리쟁이,Rumex patientia,Polygonaceae,,보통,미납품
1046_부산마디풀.png,1046,부산마디풀,Polygonum humifusum,Polygonaceae,,귀함,미납품
1047_부전바디.png,1047,부전바디,Angelica nakaiana,Apiaceae,,귀함,미납품
1048_부지깽이나물.png,1048,부지깽이나물,Erysimum amurense,Brassicaceae,,귀함,미납품
1049_부채마.png,1049,부채마,Dioscorea nipponica,Dioscoreaceae,5~9월,흔함,미납품
1050_부채붓꽃.png,1050,부채붓꽃,Iris setosa,Iridaceae,,보통,미납품
1051_북금매화.png,1051,북금매화,Trollius chinensis,Ranunculaceae,,귀함,미납품
1052_북만리화.png,1052,북만리화,Forsythia mandschurica,Oleaceae,,귀함,미납품
1053_북방산비장이.png,1053,북방산비장이,Serratula coronata,Asteraceae,8~10월,흔함,미납품
1054_북범꼬리.png,1054,북범꼬리,Bistorta manshuriensis,Polygonaceae,6~7월,흔함,미납품
1055_북분취.png,1055,북분취,Saussurea mongolica,Asteraceae,,귀함,미납품
1056_북점나도나물.png,1056,북점나도나물,Cerastium holosteoides,Caryophyllaceae,4~5월,흔함,미납품
1057_북투구꽃.png,1057,북투구꽃,Aconitum kirinense,Ranunculaceae,,귀함,미납품
1058_분꽃.png,1058,분꽃,Mirabilis jalapa,Nyctaginaceae,7~10월,보통,미납품
1059_분꽃나무.png,1059,분꽃나무,Viburnum carlesii,Caprifoliaceae,4~6월,흔함,미납품
1060_분단나무.png,1060,분단나무,Viburnum furcatum,Caprifoliaceae,,보통,미납품
1061_분버들.png,1061,분버들,Salix rorida,Salicaceae,,보통,미납품
1062_분취.png,1062,분취,Saussurea seoulensis,Asteraceae,1월,보통,미납품
1063_분홍꽃조개나물.png,1063,분홍꽃조개나물,Ajuga nipponensis,Lamiaceae,,귀함,미납품
1064_분홍낮달맞이꽃.png,1064,분홍낮달맞이꽃,Oenothera speciosa,Onagraceae,5월,보통,미납품
1065_분홍싸리.png,1065,분홍싸리,Lespedeza floribunda,Fabaceae,,귀함,미납품
1066_분홍장구채.png,1066,분홍장구채,Silene capitata,Caryophyllaceae,,보통,미납품
1067_분홍쥐손이.png,1067,분홍쥐손이,Geranium maximowiczii,Geraniaceae,,보통,미납품
1068_분홍할미꽃.png,1068,분홍할미꽃,Pulsatilla dahurica,Ranunculaceae,,귀함,미납품
1069_불란서국화.png,1069,불란서국화,Leucanthemum vulgare,Asteraceae,,보통,미납품
1070_불암초.png,1070,불암초,Melochia corchorifolia,Sterculiaceae,,보통,미납품
1071_붉나무.png,1071,붉나무,Rhus chinensis,Anacardiaceae,5~10월,흔함,미납품
1072_붉은노루삼.png,1072,붉은노루삼,Actaea rubra,Ranunculaceae,,보통,미납품
1073_붉은병꽃나무.png,1073,붉은병꽃나무,Weigela florida,Caprifoliaceae,5월,흔함,미납품
1074_붉은사철란.png,1074,붉은사철란,Goodyera biflora,Orchidaceae,,보통,미납품
1075_붉은서나물.png,1075,붉은서나물,Erechtites hieraciifolius,Asteraceae,9~10월,흔함,미납품
1076_붉은정향나무.png,1076,붉은정향나무,Syringa villosa,Oleaceae,4~7월,흔함,미납품
1077_붉은참반디.png,1077,붉은참반디,Sanicula rubriflora,Apiaceae,5월,보통,미납품
1078_붉은털이슬.png,1078,붉은털이슬,Circaea erubescens,Onagraceae,,귀함,미납품
1079_붉은하늘타리.png,1079,붉은하늘타리,Trichosanthes cucumeroides,Cucurbitaceae,,귀함,미납품
1080_붓순나무.png,1080,붓순나무,Illicium anisatum,Illiciaceae,,보통,미납품
1081_브라질마편초.png,1081,브라질마편초,Verbena brasiliensis,Verbenaceae,,귀함,미납품
1082_비너스도라지.png,1082,비너스도라지,Triodanis perfoliata,Campanulaceae,,보통,미납품
1083_비누풀.png,1083,비누풀,Saponaria officinalis,Caryophyllaceae,,귀함,미납품
1084_비단분취.png,1084,비단분취,Saussurea komaroviana,Asteraceae,,귀함,미납품
1085_비로용담.png,1085,비로용담,Gentiana jamesii,Gentianaceae,,보통,미납품
1086_비목나무.png,1086,비목나무,Lindera erythrocarpa,Lauraceae,4~9월,흔함,미납품
1087_비비추난초.png,1087,비비추난초,Tipularia japonica,Orchidaceae,,보통,미납품
1088_비수리.png,1088,비수리,Lespedeza cuneata,Fabaceae,6~10월,흔함,미납품
1089_비쑥.png,1089,비쑥,Artemisia scoparia,Asteraceae,5월,보통,미납품
1090_비진도콩.png,1090,비진도콩,Dumasia truncata,Fabaceae,,보통,미납품
1091_비짜루.png,1091,비짜루,Asparagus schoberioides,Liliaceae,4~7월,흔함,미납품
1092_비짜루국화.png,1092,비짜루국화,Symphyotrichum subulatum,Asteraceae,8~10월,흔함,미납품
1093_비쭈기나무.png,1093,비쭈기나무,Cleyera japonica,Theaceae,,보통,미납품
1094_빈도리.png,1094,빈도리,Deutzia crenata,Saxifragaceae,,보통,미납품
1095_빈추나무.png,1095,빈추나무,Prinsepia sinensis,Rosaceae,,귀함,미납품
1096_빈카.png,1096,빈카,Vinca minor,Rubiaceae,,귀함,미납품
1097_뺑쑥.png,1097,뺑쑥,Artemisia lancea,Asteraceae,7~10월,흔함,미납품
1098_뻐꾹나리.png,1098,뻐꾹나리,Tricyrtis macropoda,Liliaceae,5~9월,흔함,미납품
1099_뻐꾹채.png,1099,뻐꾹채,Leuzea uniflora,Asteraceae,5~6월,흔함,미납품
1100_뿔냉이.png,1100,뿔냉이,Chorispora tenella,Brassicaceae,,보통,미납품
1101_사국이질풀.png,1101,사국이질풀,Geranium shikokianum,Geraniaceae,,보통,미납품
1102_사데풀.png,1102,사데풀,Sonchus brachyotus,Asteraceae,8~10월,흔함,미납품
1103_사리풀.png,1103,사리풀,Hyoscyamus niger,Solanaceae,,귀함,미납품
1104_사마귀풀.png,1104,사마귀풀,Murdannia keisak,Commelinaceae,9월,흔함,미납품
1105_사막갓.png,1105,사막갓,Brassica tournefortii,Brassicaceae,,귀함,미납품
1106_사상자.png,1106,사상자,Torilis japonica,Apiaceae,5~8월,흔함,미납품
1107_사스레피나무.png,1107,사스레피나무,Eurya japonica,Theaceae,,흔함,미납품
1108_사창분취.png,1108,사창분취,Saussurea calcicola,Asteraceae,,보통,미납품
1109_사철나무.png,1109,사철나무,Euonymus japonicus,Celastraceae,4~7월,흔함,미납품
1110_사철쑥.png,1110,사철쑥,Artemisia capillaris,Asteraceae,5~10월,흔함,미납품
1111_사향엉겅퀴.png,1111,사향엉겅퀴,Carduus nutans,Asteraceae,,귀함,미납품
1112_사향제비꽃.png,1112,사향제비꽃,Viola obtusa,Violaceae,,귀함,미납품
1113_산가막살나무.png,1113,산가막살나무,Viburnum wrightii,Caprifoliaceae,5~6월,흔함,미납품
1114_산각시취.png,1114,산각시취,Saussurea umbrosa,Asteraceae,,귀함,미납품
1115_산개갈퀴.png,1115,산개갈퀴,Galium platygalium,Rubiaceae,,보통,미납품
1116_산개벚지나무.png,1116,산개벚지나무,Prunus maximowiczii,Rosaceae,4~7월,보통,미납품
1117_산검양옻나무.png,1117,산검양옻나무,Toxicodendron sylvestre,Anacardiaceae,5~10월,흔함,미납품
1118_산겨릅나무.png,1118,산겨릅나무,Acer tegmentosum,Aceraceae,4~5월,흔함,미납품
1119_산골취.png,1119,산골취,Saussurea neoserrata,Asteraceae,,귀함,미납품
1120_산괭이눈.png,1120,산괭이눈,Chrysosplenium japonicum,Saxifragaceae,4~5월,보통,미납품
1121_산괴불주머니.png,1121,산괴불주머니,Corydalis speciosa,Fumariaceae,4~5월,흔함,미납품
1122_산국수나무.png,1122,산국수나무,Physocarpus amurensis,Rosaceae,,귀함,미납품
1123_산궁궁이.png,1123,산궁궁이,Conioselinum smithii,Apiaceae,,귀함,미납품
1124_산꽃다지.png,1124,산꽃다지,Draba glabella,Brassicaceae,,귀함,미납품
1125_산꿩의다리.png,1125,산꿩의다리,Thalictrum tuberiferum,Ranunculaceae,,흔함,미납품
1126_산닥나무.png,1126,산닥나무,Wikstroemia trichotoma,Thymelaeaceae,,보통,미납품
1127_산달래.png,1127,산달래,Allium macrostemon,Liliaceae,5~6월,흔함,미납품
1128_산당근.png,1128,산당근,Daucus carota,Apiaceae,,보통,미납품
1129_산돌배.png,1129,산돌배,Pyrus ussuriensis,Rosaceae,,귀함,미납품
1130_산동쥐똥나무.png,1130,산동쥐똥나무,Ligustrum leucanthum,Oleaceae,,귀함,미납품
1131_산들깨.png,1131,산들깨,Mosla japonica,Lamiaceae,8~9월,보통,미납품
1132_산딸기.png,1132,산딸기,Rubus crataegifolius,Rosaceae,5~7월,흔함,미납품
1133_산떡쑥.png,1133,산떡쑥,Anaphalis margaritacea,Asteraceae,,귀함,미납품
1134_산마늘.png,1134,산마늘,Allium microdictyon,Liliaceae,,보통,미납품
1135_산매자나무.png,1135,산매자나무,Vaccinium japonicum,Ericaceae,,보통,미납품
1136_산물머위.png,1136,산물머위,Adenostemma madurense,Asteraceae,,귀함,미납품
1137_산민들레.png,1137,산민들레,Taraxacum ussuriense,Asteraceae,4~5월,보통,미납품
1138_산박하.png,1138,산박하,Isodon inflexus,Lamiaceae,8~10월,흔함,미납품
1139_산방백운풀.png,1139,산방백운풀,Oldenlandia corymbosa,Rubiaceae,,귀함,미납품
1140_산버들.png,1140,산버들,Salix taraikensis,Salicaceae,,보통,미납품
1141_산벚나무.png,1141,산벚나무,Prunus sargentii,Rosaceae,4~6월,흔함,미납품
1142_산복사나무.png,1142,산복사나무,Prunus davidiana,Rosaceae,4~5월,보통,미납품
1143_산부채.png,1143,산부채,Calla palustris,Araceae,,귀함,미납품
1144_산분꽃나무.png,1144,산분꽃나무,Viburnum burejaeticum,Caprifoliaceae,,보통,미납품
1145_산사나무.png,1145,산사나무,Crataegus pinnatifida,Rosaceae,4~6월,흔함,미납품
1146_산새콩.png,1146,산새콩,Lathyrus vaniotii,Fabaceae,5~6월,보통,미납품
1147_산솜방망이.png,1147,산솜방망이,Tephroseris flammea,Asteraceae,,보통,미납품
1148_산쉽싸리.png,1148,산쉽싸리,Lycopus charkeviczii,Lamiaceae,5~7월,보통,미납품
1149_산쑥.png,1149,산쑥,Artemisia montana,Asteraceae,7~9월,흔함,미납품
1150_산쑥부쟁이.png,1150,산쑥부쟁이,Aster lautureanus,Asteraceae,,귀함,미납품
1151_산씀바귀.png,1151,산씀바귀,Lactuca raddeana,Asteraceae,7~9월,흔함,미납품
1152_산여뀌.png,1152,산여뀌,Persicaria nepalensis,Polygonaceae,8~9월,흔함,미납품
1153_산오이풀.png,1153,산오이풀,Sanguisorba hakusanensis,Rosaceae,7~8월,흔함,미납품
1154_산옥매.png,1154,산옥매,Prunus glandulosa,Rosaceae,4월,보통,미납품
1155_산외.png,1155,산외,Schizopepon bryoniifolius,Cucurbitaceae,6~10월,보통,미납품
1156_산용담.png,1156,산용담,Gentiana algida,Gentianaceae,,귀함,미납품
1157_산이질풀.png,1157,산이질풀,Geranium nepalense,Geraniaceae,,보통,미납품
1158_산작약.png,1158,산작약,Paeonia obovata,Ranunculaceae,4~5월,보통,미납품
1159_산조팝나무.png,1159,산조팝나무,Spiraea blumei,Rosaceae,5~7월,흔함,미납품
1160_산쥐손이.png,1160,산쥐손이,Geranium dahuricum,Geraniaceae,,보통,미납품
1161_산지치.png,1161,산지치,Eritrichium sichotense,Boraginaceae,,귀함,미납품
1162_산진달래.png,1162,산진달래,Rhododendron dauricum,Ericaceae,,보통,미납품
1163_산짚신나물.png,1163,산짚신나물,Agrimonia coreana,Rosaceae,7~9월,흔함,미납품
1164_산초나무.png,1164,산초나무,Zanthoxylum schinifolium,Rutaceae,5~10월,흔함,미납품
1165_산토끼꽃.png,1165,산토끼꽃,Dipsacus japonicus,Dipsacaceae,,보통,미납품
1166_산파.png,1166,산파,Allium maximowiczii,Liliaceae,,귀함,미납품
1167_산할미꽃.png,1167,산할미꽃,Pulsatilla nivalis,Ranunculaceae,,귀함,미납품
1168_산형나도별꽃.png,1168,산형나도별꽃,Holosteum umbellatum,Caryophyllaceae,,보통,미납품
1169_산호수.png,1169,산호수,Ardisia pusilla,Myrsinaceae,,보통,미납품
1170_산흰쑥.png,1170,산흰쑥,Artemisia sieversiana,Asteraceae,,보통,미납품
1171_삼도하수오.png,1171,삼도하수오,Fallopia koreana,Polygonaceae,,보통,미납품
1172_삼백초.png,1172,삼백초,Saururus chinensis,Saururaceae,,보통,미납품
1173_삼색제비꽃.png,1173,삼색제비꽃,Viola tricolor,Violaceae,,보통,미납품
1174_삼수구릿대.png,1174,삼수구릿대,Angelica anomala,Apiaceae,7~9월,보통,미납품
1175_삼쥐손이.png,1175,삼쥐손이,Geranium soboliferum,Geraniaceae,,귀함,미납품
1176_삼지구엽초.png,1176,삼지구엽초,Epimedium koreanum,Berberidaceae,4~7월,보통,미납품
1177_삼지닥나무.png,1177,삼지닥나무,Edgeworthia chrysantha,Thymelaeaceae,3~4월,보통,미납품
1178_삿갓나물.png,1178,삿갓나물,Paris verticillata,Liliaceae,4~6월,흔함,미납품
1179_상동나무.png,1179,상동나무,Sageretia thea,Rhamnaceae,,흔함,미납품
1180_상동잎쥐똥나무.png,1180,상동잎쥐똥나무,Ligustrum quihoui,Oleaceae,,귀함,미납품
1181_상산.png,1181,상산,Orixa japonica,Rutaceae,4~6월,흔함,미납품
1182_상치아재비.png,1182,상치아재비,Valerianella locusta,Valerianaceae,,보통,미납품
1183_새끼꿩의비름.png,1183,새끼꿩의비름,Hylotelephium viviparum,Crassulaceae,9월,보통,미납품
1184_새끼노루발.png,1184,새끼노루발,Orthilia secunda,Pyrolaceae,,귀함,미납품
1185_새덕이.png,1185,새덕이,Neolitsea aciculata,Lauraceae,3~4월,흔함,미납품
1186_새등골나물.png,1186,새등골나물,Eupatorium fortunei,Asteraceae,,귀함,미납품
1187_새머루.png,1187,새머루,Vitis flexuosa,Vitaceae,5~8월,흔함,미납품
1188_새모래덩굴.png,1188,새모래덩굴,Menispermum dauricum,Menispermaceae,5~6월,흔함,미납품
1189_새비나무.png,1189,새비나무,Callicarpa mollis,Verbenaceae,5~6월,흔함,미납품
1190_새삼.png,1190,새삼,Cuscuta japonica,Convolvulaceae,7~9월,흔함,미납품
1191_새완두.png,1191,새완두,Vicia hirsuta,Fabaceae,4~5월,흔함,미납품
1192_새우난초.png,1192,새우난초,Calanthe discolor,Orchidaceae,4~5월,보통,미납품
1193_새이삭여뀌.png,1193,새이삭여뀌,Persicaria neofiliformis,Polygonaceae,,보통,미납품
1194_생달나무.png,1194,생달나무,Cinnamomum chekiangense,Lauraceae,,흔함,미납품
1195_생열귀나무.png,1195,생열귀나무,Rosa davurica,Rosaceae,,보통,미납품
1196_서덜취.png,1196,서덜취,Saussurea grandifolia,Asteraceae,6~10월,흔함,미납품
1197_서양가시엉겅퀴.png,1197,서양가시엉겅퀴,Cirsium vulgare,Asteraceae,,보통,미납품
1198_서양개보리뺑이.png,1198,서양개보리뺑이,Lapsana communis,Asteraceae,,보통,미납품
1199_서양갯냉이.png,1199,서양갯냉이,Cakile edentula,Brassicaceae,,보통,미납품
1200_서양고추나물.png,1200,서양고추나물,Hypericum perforatum,Clusiaceae,,귀함,미납품
1201_서양금혼초.png,1201,서양금혼초,Hypochaeris radicata,Asteraceae,4~7월,흔함,미납품
1202_서양딱총나무.png,1202,서양딱총나무,Sambucus nigra,Caprifoliaceae,,귀함,미납품
1203_서양말냉이.png,1203,서양말냉이,Iberis amara,Brassicaceae,,귀함,미납품
1204_서양메꽃.png,1204,서양메꽃,Convolvulus arvensis,Convolvulaceae,,보통,미납품
1205_서양무아재비.png,1205,서양무아재비,Raphanus raphanistrum,Brassicaceae,,보통,미납품
1206_서양벌노랑이.png,1206,서양벌노랑이,Lotus corniculatus,Fabaceae,5~8월,보통,미납품
1207_서양오엽딸기.png,1207,서양오엽딸기,Rubus fruticosus,Rosaceae,5~6월,보통,미납품
1208_서양전동싸리.png,1208,서양전동싸리,Melilotus dentatus,Fabaceae,,귀함,미납품
1209_서양톱풀.png,1209,서양톱풀,Achillea millefolium,Asteraceae,5~8월,보통,미납품
1210_서울개발나물.png,1210,서울개발나물,Pterygopleurum neurophyllum,Apiaceae,,귀함,미납품
1211_서울제비꽃.png,1211,서울제비꽃,Viola seoulensis,Violaceae,4~5월,흔함,미납품
1212_서향.png,1212,서향,Daphne odora,Thymelaeaceae,,보통,미납품
1213_석결명.png,1213,석결명,Senna occidentalis,Fabaceae,,귀함,미납품
1214_석곡.png,1214,석곡,Dendrobium moniliforme,Orchidaceae,,보통,미납품
1215_석류풀.png,1215,석류풀,Trigastrotheca stricta,Molluginaceae,9~10월,보통,미납품
1216_석창포.png,1216,석창포,Acorus gramineus,Araceae,8월,보통,미납품
1217_선갈퀴.png,1217,선갈퀴,Galium odoratum,Rubiaceae,5~7월,흔함,미납품
1218_선개미자리.png,1218,선개미자리,Sagina micropetala,Caryophyllaceae,,귀함,미납품
1219_선개불알풀.png,1219,선개불알풀,Veronica arvensis,Scrophulariaceae,4~6월,흔함,미납품
1220_선갯장대.png,1220,선갯장대,Arabis erecta,Brassicaceae,,귀함,미납품
1221_선괭이밥.png,1221,선괭이밥,Oxalis stricta,Oxalidaceae,5~9월,흔함,미납품
1222_선괴불주머니.png,1222,선괴불주머니,Corydalis pauciovulata,Fumariaceae,9~10월,흔함,미납품
1223_선나팔꽃.png,1223,선나팔꽃,Jacquemontia tamnifolia,Convolvulaceae,,귀함,미납품
1224_선둥굴레.png,1224,선둥굴레,Polygonatum grandicaule,Liliaceae,,귀함,미납품
1225_선밀나물.png,1225,선밀나물,Smilax nipponica,Liliaceae,5~6월,흔함,미납품
1226_선백미꽃.png,1226,선백미꽃,Vincetoxicum inamoenum,Apocynaceae,,보통,미납품
1227_선연리초.png,1227,선연리초,Lathyrus komarovii,Fabaceae,,귀함,미납품
1228_선옹초.png,1228,선옹초,Agrostemma githago,Caryophyllaceae,,귀함,미납품
1229_선이질풀.png,1229,선이질풀,Geranium krameri,Geraniaceae,8~9월,보통,미납품
1230_선인장.png,1230,선인장,Opuntia ficus-indica,Cactaceae,,보통,미납품
1231_선제비꽃.png,1231,선제비꽃,Viola raddeana,Violaceae,,귀함,미납품
1232_선주름잎.png,1232,선주름잎,Mazus stachydifolius,Scrophulariaceae,,보통,미납품
1233_선줄바꽃.png,1233,선줄바꽃,Aconitum raddeanum,Ranunculaceae,,귀함,미납품
1234_선토끼풀.png,1234,선토끼풀,Trifolium hybridum,Fabaceae,,보통,미납품
1235_선투구꽃.png,1235,선투구꽃,Aconitum umbrosum,Ranunculaceae,,보통,미납품
1236_선풀솜나물.png,1236,선풀솜나물,Gamochaeta calviceps,Asteraceae,,보통,미납품
1237_선현호색.png,1237,선현호색,Corydalis ohii,Fumariaceae,,귀함,미납품
1238_설령쥐오줌풀.png,1238,설령쥐오줌풀,Valeriana amurensis,Valerianaceae,,귀함,미납품
1239_섬강개갓냉이.png,1239,섬강개갓냉이,Rorippa apetala,Brassicaceae,,귀함,미납품
1240_섬개벚나무.png,1240,섬개벚나무,Prunus buergeriana,Rosaceae,,보통,미납품
1241_섬곽향.png,1241,섬곽향,Teucrium viscidum,Lamiaceae,7~10월,보통,미납품
1242_섬국수나무.png,1242,섬국수나무,Spiraea insularis,Rosaceae,,보통,미납품
1243_섬까치수염.png,1243,섬까치수염,Lysimachia acroadenia,Primulaceae,,귀함,미납품
1244_섬노루귀.png,1244,섬노루귀,Hepatica maxima,Ranunculaceae,,보통,미납품
1245_섬노린재나무.png,1245,섬노린재나무,Symplocos coreana,Symplocaceae,,보통,미납품
1246_섬다래.png,1246,섬다래,Actinidia rufa,Actinidiaceae,,보통,미납품
1247_섬딸기.png,1247,섬딸기,Rubus ribisoideus,Rosaceae,,보통,미납품
1248_섬말나리.png,1248,섬말나리,Lilium hansonii,Liliaceae,,보통,미납품
1249_섬벚나무.png,1249,섬벚나무,Prunus takesimensis,Rosaceae,,흔함,미납품
1250_섬사철란.png,1250,섬사철란,Goodyera henryi,Orchidaceae,,보통,미납품
1251_섬시호.png,1251,섬시호,Bupleurum latissimum,Apiaceae,,보통,미납품
1252_섬쑥부쟁이.png,1252,섬쑥부쟁이,Aster pseudoglehnii,Asteraceae,,귀함,미납품
1253_섬쥐똥나무.png,1253,섬쥐똥나무,Ligustrum foliosum,Oleaceae,8월,보통,미납품
1254_섬현호색.png,1254,섬현호색,Corydalis filistipes,Fumariaceae,,보통,미납품
1255_성널수국.png,1255,성널수국,Hydrangea luteovenosa,Saxifragaceae,,귀함,미납품
1256_성주풀.png,1256,성주풀,Centranthera cochinchinensis,Scrophulariaceae,,귀함,미납품
1257_세바람꽃.png,1257,세바람꽃,Anemone stolonifera,Ranunculaceae,,보통,미납품
1258_세복수초.png,1258,세복수초,Adonis multiflora,Ranunculaceae,3~4월,보통,미납품
1259_세뿔여뀌.png,1259,세뿔여뀌,Persicaria debilis,Polygonaceae,,보통,미납품
1260_세뿔투구꽃.png,1260,세뿔투구꽃,Aconitum austrokoreense,Ranunculaceae,,보통,미납품
1261_세손이.png,1261,세손이,Lindera triloba,Lauraceae,,귀함,미납품
1262_세수염마름.png,1262,세수염마름,Trapella sinensis,Pedaliaceae,,보통,미납품
1263_세열미국쥐손이.png,1263,세열미국쥐손이,Geranium dissectum,Geraniaceae,,귀함,미납품
1264_세열유럽쥐손이.png,1264,세열유럽쥐손이,Erodium cicutarium,Geraniaceae,,보통,미납품
1265_세이지.png,1265,세이지,Salvia officinalis,Lamiaceae,,귀함,미납품
1266_세잎꿩의비름.png,1266,세잎꿩의비름,Hylotelephium verticillatum,Crassulaceae,8~9월,보통,미납품
1267_세잎솜대.png,1267,세잎솜대,Maianthemum trifolium,Liliaceae,,귀함,미납품
1268_세잎승마.png,1268,세잎승마,Actaea bifida,Ranunculaceae,5~9월,보통,미납품
1269_세잎양지꽃.png,1269,세잎양지꽃,Potentilla freyniana,Rosaceae,4~5월,흔함,미납품
1270_세잎종덩굴.png,1270,세잎종덩굴,Clematis koreana,Ranunculaceae,6~9월,흔함,미납품
1271_세잎쥐손이.png,1271,세잎쥐손이,Geranium wilfordii,Geraniaceae,8~9월,흔함,미납품
1272_세포큰조롱.png,1272,세포큰조롱,Vincetoxicum volubile,Apocynaceae,,귀함,미납품
1273_소경불알.png,1273,소경불알,Codonopsis ussuriensis,Campanulaceae,,보통,미납품
1274_소래풀.png,1274,소래풀,Orychophragmus violaceus,Brassicaceae,3~5월,보통,미납품
1275_소리쟁이.png,1275,소리쟁이,Rumex crispus,Polygonaceae,4~7월,흔함,미납품
1276_소엽맥문동.png,1276,소엽맥문동,Ophiopogon japonicus,Liliaceae,4~9월,흔함,미납품
1277_소엽풀.png,1277,소엽풀,Limnophila aromatica,Scrophulariaceae,,귀함,미납품
1278_소태나무.png,1278,소태나무,Picrasma quassioides,Simaroubaceae,5~8월,흔함,미납품
1279_속단아재비.png,1279,속단아재비,Paraphlomis koreana,Lamiaceae,,귀함,미납품
1280_속속이풀.png,1280,속속이풀,Rorippa palustris,Brassicaceae,,흔함,미납품
1281_손바닥난초.png,1281,손바닥난초,Gymnadenia conopsea,Orchidaceae,,보통,미납품
1282_솔나리.png,1282,솔나리,Lilium cernuum,Liliaceae,7월,보통,미납품
1283_솔붓꽃.png,1283,솔붓꽃,Iris ruthenica,Iridaceae,,귀함,미납품
1284_솔인진.png,1284,솔인진,Ajania pallasiana,Asteraceae,,귀함,미납품
1285_솔잎잔대.png,1285,솔잎잔대,Adenophora gmelinii,Campanulaceae,,보통,미납품
1286_솔잎해란초.png,1286,솔잎해란초,Nuttallanthus canadensis,Scrophulariaceae,,귀함,미납품
1287_솔체꽃.png,1287,솔체꽃,Scabiosa comosa,Dipsacaceae,8~9월,흔함,미납품
1288_솜다리.png,1288,솜다리,Leontopodium coreanum,Asteraceae,,보통,미납품
1289_솜방망이.png,1289,솜방망이,Tephroseris kirilowii,Asteraceae,4~5월,흔함,미납품
1290_솜분취.png,1290,솜분취,Saussurea eriophylla,Asteraceae,,보통,미납품
1291_솜쑥방망이.png,1291,솜쑥방망이,Tephroseris pierotii,Asteraceae,,보통,미납품
1292_솜아마존.png,1292,솜아마존,Vincetoxicum amplexicaule,Apocynaceae,,보통,미납품
1293_솜양지꽃.png,1293,솜양지꽃,Potentilla discolor,Rosaceae,4~6월,흔함,미납품
1294_송악.png,1294,송악,Hedera rhombea,Araliaceae,3~7월,흔함,미납품
1295_송양나무.png,1295,송양나무,Ehretia acuminata,Boraginaceae,,보통,미납품
1296_송이풀.png,1296,송이풀,Pedicularis resupinata,Scrophulariaceae,7~9월,흔함,미납품
1297_송장풀.png,1297,송장풀,Leonurus macranthus,Lamiaceae,8~9월,흔함,미납품
1298_쇠물푸레나무.png,1298,쇠물푸레나무,Fraxinus sieboldiana,Oleaceae,,흔함,미납품
1299_쇠분취.png,1299,쇠분취,Saussurea sinuata,Asteraceae,,귀함,미납품
1300_쇠비름.png,1300,쇠비름,Portulaca oleracea,Portulacaceae,6~10월,흔함,미납품
1301_쇠채.png,1301,쇠채,Scorzonera albicaulis,Asteraceae,5~7월,보통,미납품
1302_쇠채아재비.png,1302,쇠채아재비,Tragopogon dubius,Asteraceae,5~7월,보통,미납품
1303_쇠털이슬.png,1303,쇠털이슬,Circaea cordata,Onagraceae,7~9월,흔함,미납품
1304_수궁초.png,1304,수궁초,Apocynum cannabinum,Apocynaceae,,귀함,미납품
1305_수리딸기.png,1305,수리딸기,Rubus corchorifolius,Rosaceae,4~6월,흔함,미납품
1306_수리취.png,1306,수리취,Synurus deltoides,Asteraceae,7~10월,흔함,미납품
1307_수박.png,1307,수박,Citrullus lanatus,Cucurbitaceae,,보통,미납품
1308_수박풀.png,1308,수박풀,Hibiscus trionum,Malvaceae,8~9월,보통,미납품
1309_수양버들.png,1309,수양버들,Salix babylonica,Salicaceae,,흔함,미납품
1310_수염가래꽃.png,1310,수염가래꽃,Lobelia chinensis,Campanulaceae,5~10월,흔함,미납품
1311_수염용담.png,1311,수염용담,Gentianopsis barbata,Gentianaceae,,귀함,미납품
1312_수염현호색.png,1312,수염현호색,Corydalis caudata,Fumariaceae,,귀함,미납품
1313_수영.png,1313,수영,Rumex acetosa,Polygonaceae,4~6월,흔함,미납품
1314_수원잔대.png,1314,수원잔대,Adenophora polyantha,Campanulaceae,1월,보통,미납품
1315_수잔루드베키아.png,1315,수잔루드베키아,Rudbeckia hirta,Asteraceae,6~9월,흔함,미납품
1316_수정난풀.png,1316,수정난풀,Monotropa uniflora,Pyrolaceae,9월,보통,미납품
1317_수정목.png,1317,수정목,Damnacanthus major,Rubiaceae,,보통,미납품
1318_수호초.png,1318,수호초,Pachysandra terminalis,Buxaceae,2~5월,보통,미납품
1319_숙은꽃장포.png,1319,숙은꽃장포,Tofieldia coccinea,Liliaceae,,보통,미납품
1320_순비기나무.png,1320,순비기나무,Vitex rotundifolia,Verbenaceae,5~10월,흔함,미납품
1321_순채.png,1321,순채,Brasenia schreberi,Cabombaceae,,보통,미납품
1322_숫잔대.png,1322,숫잔대,Lobelia sessilifolia,Campanulaceae,,보통,미납품
1323_숲바람꽃.png,1323,숲바람꽃,Anemone umbrosa,Ranunculaceae,,귀함,미납품
1324_쉬나무.png,1324,쉬나무,Tetradium daniellii,Rutaceae,6~9월,흔함,미납품
1325_쉽싸리.png,1325,쉽싸리,Lycopus lucidus,Lamiaceae,5~10월,흔함,미납품
1326_승마.png,1326,승마,Actaea heracleifolia,Ranunculaceae,4~5월,흔함,미납품
1327_시계꽃.png,1327,시계꽃,Passiflora caerulea,Passifloraceae,,귀함,미납품
1328_시닥나무.png,1328,시닥나무,Acer komarovii,Aceraceae,5~7월,흔함,미납품
1329_시루산돔부.png,1329,시루산돔부,Oxytropis strobilacea,Fabaceae,,귀함,미납품
1330_시베리아살구.png,1330,시베리아살구,Prunus sibirica,Rosaceae,,보통,미납품
1331_시베리아여뀌.png,1331,시베리아여뀌,Knorringia sibirica,Polygonaceae,,귀함,미납품
1332_시호.png,1332,시호,Bupleurum komarovianum,Apiaceae,,보통,미납품
1333_식나무.png,1333,식나무,Aucuba japonica,Cornaceae,4월,흔함,미납품
1334_신감채.png,1334,신감채,Ostericum grosseserratum,Apiaceae,8~9월,흔함,미납품
1335_신안새우난초.png,1335,신안새우난초,Calanthe aristulifera,Orchidaceae,,귀함,미납품
1336_실갈퀴.png,1336,실갈퀴,Galium linearifolium,Rubiaceae,,귀함,미납품
1337_실꽃풀.png,1337,실꽃풀,Chamaelirium japonicum,Liliaceae,,보통,미납품
1338_실별꽃.png,1338,실별꽃,Stellaria filicaulis,Caryophyllaceae,,보통,미납품
1339_실부추.png,1339,실부추,Allium anisopodium,Liliaceae,,보통,미납품
1340_실비단분취.png,1340,실비단분취,Saussurea salicifolia,Asteraceae,,귀함,미납품
1341_실새삼.png,1341,실새삼,Cuscuta australis,Convolvulaceae,7~9월,흔함,미납품
1342_실쑥.png,1342,실쑥,Filifolium sibiricum,Asteraceae,,귀함,미납품
1343_실유카.png,1343,실유카,Yucca filamentosa,Liliaceae,,보통,미납품
1344_실제비쑥.png,1344,실제비쑥,Artemisia angustissima,Asteraceae,,보통,미납품
1345_실통발.png,1345,실통발,Utricularia minor,Lentibulariaceae,,귀함,미납품
1346_싸리냉이.png,1346,싸리냉이,Cardamine impatiens,Brassicaceae,4~5월,흔함,미납품
1347_쌍구슬풀.png,1347,쌍구슬풀,Bifora radians,Apiaceae,,귀함,미납품
1348_쌍동바람꽃.png,1348,쌍동바람꽃,Anemone rossii,Ranunculaceae,,귀함,미납품
1349_쌍둥제비란.png,1349,쌍둥제비란,Platanthera densa,Orchidaceae,,보통,미납품
1350_쌍실버들.png,1350,쌍실버들,Salix divaricata,Salicaceae,,귀함,미납품
1351_쑥.png,1351,쑥,Artemisia indica,Asteraceae,9~10월,흔함,미납품
1352_쑥국화.png,1352,쑥국화,Tanacetum vulgare,Asteraceae,,귀함,미납품
1353_쑥부지깽이.png,1353,쑥부지깽이,Erysimum cheiranthoides,Brassicaceae,,보통,미납품
1354_쓴메밀.png,1354,쓴메밀,Fagopyrum tataricum,Polygonaceae,,귀함,미납품
1355_쓴풀.png,1355,쓴풀,Swertia japonica,Gentianaceae,9~10월,보통,미납품
1356_씨범꼬리.png,1356,씨범꼬리,Bistorta vivipara,Polygonaceae,,귀함,미납품
1357_아광나무.png,1357,아광나무,Crataegus maximowiczii,Rosaceae,,보통,미납품
1358_아구장나무.png,1358,아구장나무,Spiraea ouensanensis,Rosaceae,5~6월,흔함,미납품
1359_아그배나무.png,1359,아그배나무,Malus toringo,Rosaceae,4~9월,흔함,미납품
1360_아마.png,1360,아마,Linum usitatissimum,Linaceae,,보통,미납품
1361_아마풀.png,1361,아마풀,Diarthron linifolium,Thymelaeaceae,,귀함,미납품
1362_아스파라거스.png,1362,아스파라거스,Asparagus officinalis,Liliaceae,,보통,미납품
1363_아욱.png,1363,아욱,Malva verticillata,Malvaceae,,보통,미납품
1364_아욱메풀.png,1364,아욱메풀,Dichondra micrantha,Convolvulaceae,4~7월,보통,미납품
1365_아욱제비꽃.png,1365,아욱제비꽃,Viola hondoensis,Violaceae,,보통,미납품
1366_앉은좁쌀풀.png,1366,앉은좁쌀풀,Euphrasia maximowiczii,Scrophulariaceae,,보통,미납품
1367_알꽈리.png,1367,알꽈리,Tubocapsicum anomalum,Solanaceae,,보통,미납품
1368_알록제비꽃.png,1368,알록제비꽃,Viola variegata,Violaceae,4~7월,흔함,미납품
1369_애기개별꽃.png,1369,애기개별꽃,Pseudostellaria baekdusanensis,Caryophyllaceae,,귀함,미납품
1370_애기고광나무.png,1370,애기고광나무,Philadelphus pekinensis,Saxifragaceae,5~8월,흔함,미납품
1371_애기고추나물.png,1371,애기고추나물,Hypericum japonicum,Clusiaceae,7~10월,흔함,미납품
1372_애기골무꽃.png,1372,애기골무꽃,Scutellaria dependens,Lamiaceae,,보통,미납품
1373_애기괭이눈.png,1373,애기괭이눈,Chrysosplenium flagelliferum,Saxifragaceae,3~5월,흔함,미납품
1374_애기괭이밥.png,1374,애기괭이밥,Oxalis acetosella,Oxalidaceae,4~6월,보통,미납품
1375_애기금강제비꽃.png,1375,애기금강제비꽃,Viola yazawana,Violaceae,,귀함,미납품
1376_애기기린초.png,1376,애기기린초,Phedimus middendorffianus,Crassulaceae,,보통,미납품
1377_애기나리.png,1377,애기나리,Disporum smilacinum,Liliaceae,4~6월,흔함,미납품
1378_애기노랑토끼풀.png,1378,애기노랑토끼풀,Trifolium dubium,Fabaceae,,보통,미납품
1379_애기달맞이꽃.png,1379,애기달맞이꽃,Oenothera laciniata,Onagraceae,11월,흔함,미납품
1380_애기담배풀.png,1380,애기담배풀,Carpesium rosulatum,Asteraceae,,보통,미납품
1381_애기도라지.png,1381,애기도라지,Wahlenbergia marginata,Campanulaceae,,보통,미납품
1382_애기등.png,1382,애기등,Wisteriopsis japonica,Fabaceae,5~10월,보통,미납품
1383_애기마디풀.png,1383,애기마디풀,Polygonum plebeium,Polygonaceae,,귀함,미납품
1384_애기마름.png,1384,애기마름,Trapa incisa,Trapaceae,,보통,미납품
1385_애기메꽃.png,1385,애기메꽃,Calystegia hederacea,Convolvulaceae,5~8월,흔함,미납품
1386_애기며느리밥풀.png,1386,애기며느리밥풀,Melampyrum setaceum,Scrophulariaceae,8~9월,흔함,미납품
1387_애기무엽란.png,1387,애기무엽란,Neottia acuminata,Orchidaceae,,귀함,미납품
1388_애기물매화.png,1388,애기물매화,Parnassia alpicola,Saxifragaceae,,귀함,미납품
1389_애기병꽃.png,1389,애기병꽃,Diervilla sessilifolia,Caprifoliaceae,,귀함,미납품
1390_애기봄맞이.png,1390,애기봄맞이,Androsace filiformis,Primulaceae,4~5월,보통,미납품
1391_애기분홍낮달맞이꽃.png,1391,애기분홍낮달맞이꽃,Oenothera rosea,Onagraceae,,귀함,미납품
1392_애기비쑥.png,1392,애기비쑥,Artemisia fauriei,Asteraceae,,귀함,미납품
1393_애기사철란.png,1393,애기사철란,Goodyera repens,Orchidaceae,,보통,미납품
1394_애기석남.png,1394,애기석남,Andromeda polifolia,Ericaceae,,귀함,미납품
1395_애기석잠풀.png,1395,애기석잠풀,Stachys agraria,Lamiaceae,,귀함,미납품
1396_애기송이풀.png,1396,애기송이풀,Pedicularis ishidoyana,Scrophulariaceae,,귀함,미납품
1397_애기수영.png,1397,애기수영,Rumex acetosella,Polygonaceae,4~6월,흔함,미납품
1398_애기실부추.png,1398,애기실부추,Allium tenuissimum,Liliaceae,,귀함,미납품
1399_애기아욱.png,1399,애기아욱,Malva parviflora,Malvaceae,,보통,미납품
1400_애기앉은부채.png,1400,애기앉은부채,Symplocarpus nipponicus,Araceae,4~5월,보통,미납품
1401_애기우산나물.png,1401,애기우산나물,Syneilesis aconitifolia,Asteraceae,,보통,미납품
1402_애기원추리.png,1402,애기원추리,Hemerocallis minor,Liliaceae,7~8월,보통,미납품
1403_애기자운.png,1403,애기자운,Gueldenstaedtia verna,Fabaceae,3~4월,보통,미납품
1404_애기장구채.png,1404,애기장구채,Silene aprica,Caryophyllaceae,4~7월,흔함,미납품
1405_애기장대.png,1405,애기장대,Arabidopsis thaliana,Brassicaceae,,보통,미납품
1406_애기점나도나물.png,1406,애기점나도나물,Cerastium pumilum,Caryophyllaceae,,귀함,미납품
1407_애기제비란.png,1407,애기제비란,Platanthera maximowicziana,Orchidaceae,,귀함,미납품
1408_애기좁쌀풀.png,1408,애기좁쌀풀,Euphrasia coreanalpina,Scrophulariaceae,,귀함,미납품
1409_애기중의무릇.png,1409,애기중의무릇,Gagea terracianoana,,,,미납품
1410_애기참반디.png,1410,애기참반디,Sanicula tuberculata,Apiaceae,4~8월,보통,미납품
1411_애기탑꽃.png,1411,애기탑꽃,Clinopodium gracile,Lamiaceae,7~10월,보통,미납품
1412_애기풀.png,1412,애기풀,Polygala japonica,Polygalaceae,4~6월,흔함,미납품
1413_애기해바라기.png,1413,애기해바라기,Helianthus debilis subsp. cucumerifolius,Asteraceae,,귀함,미납품
1414_애기현호색.png,1414,애기현호색,Corydalis fumariifolia,Fumariaceae,4~5월,보통,미납품
1415_앵도나무.png,1415,앵도나무,Prunus tomentosa,Rosaceae,4~6월,보통,미납품
1416_야고.png,1416,야고,Aeginetia indica,Orobanchaceae,9~10월,보통,미납품
1417_야광나무.png,1417,야광나무,Malus baccata,Rosaceae,4~6월,흔함,미납품
1418_야생팬지.png,1418,야생팬지,Viola arvensis,Violaceae,,귀함,미납품
1419_약모밀.png,1419,약모밀,Houttuynia cordata,Saururaceae,5~6월,보통,미납품
1420_얇은잎고광나무.png,1420,얇은잎고광나무,Philadelphus tenuifolius,Saxifragaceae,5~6월,흔함,미납품
1421_양구슬냉이.png,1421,양구슬냉이,Camelina sativa,Brassicaceae,,보통,미납품
1422_양귀비.png,1422,양귀비,Papaver somniferum,Papaveraceae,,보통,미납품
1423_양미역취.png,1423,양미역취,Solidago altissima,Asteraceae,10월,흔함,미납품
1424_양반풀.png,1424,양반풀,Cynanchum thesioides,Apocynaceae,,귀함,미납품
1425_양버들.png,1425,양버들,Populus nigra,Salicaceae,,보통,미납품
1426_양버즘나무.png,1426,양버즘나무,Platanus occidentalis,Platanaceae,3~7월,보통,미납품
1427_양장구채.png,1427,양장구채,Silene gallica,Caryophyllaceae,4~6월,보통,미납품
1428_양재금방망이.png,1428,양재금방망이,Senecio scandens,Asteraceae,,귀함,미납품
1429_양파.png,1429,양파,Allium cepa,Liliaceae,,귀함,미납품
1430_양하.png,1430,양하,Zingiber mioga,Zingiberaceae,5~10월,보통,미납품
1431_어리연꽃.png,1431,어리연꽃,Nymphoides indica,Menyanthaceae,6~10월,흔함,미납품
1432_어수리.png,1432,어수리,Heracleum moellendorffii,Apiaceae,5~9월,흔함,미납품
1433_어수리아재비.png,1433,어수리아재비,Tordylium maximum,Apiaceae,,귀함,미납품
1434_어저귀.png,1434,어저귀,Abutilon theophrasti,Malvaceae,7~10월,흔함,미납품
1435_어항마름.png,1435,어항마름,Cabomba caroliniana,Cabombaceae,,귀함,미납품
1436_얼레지.png,1436,얼레지,Erythronium japonicum,Liliaceae,3~5월,흔함,미납품
1437_얼룩닭의장풀.png,1437,얼룩닭의장풀,Tradescantia fluminensis,Commelinaceae,,귀함,미납품
1438_얼치기완두.png,1438,얼치기완두,Vicia tetrasperma,Fabaceae,4~5월,흔함,미납품
1439_여뀌바늘.png,1439,여뀌바늘,Ludwigia epilobioides,Onagraceae,8~10월,흔함,미납품
1440_여우꼬리풀.png,1440,여우꼬리풀,Aletris glabra,Liliaceae,,보통,미납품
1441_여우오줌.png,1441,여우오줌,Carpesium macrocephalum,Asteraceae,7~9월,보통,미납품
1442_여우콩.png,1442,여우콩,Rhynchosia volubilis,Fabaceae,5~10월,흔함,미납품
1443_여우팥.png,1443,여우팥,Dunbaria villosa,Fabaceae,7~9월,흔함,미납품
1444_연등심붓꽃.png,1444,연등심붓꽃,Sisyrinchium micranthum,Iridaceae,,귀함,미납품
1445_연리갈퀴.png,1445,연리갈퀴,Vicia venosa,Fabaceae,5~9월,흔함,미납품
1446_연리초.png,1446,연리초,Lathyrus quinquenervius,Fabaceae,,보통,미납품
1447_연미붓꽃.png,1447,연미붓꽃,Iris tectorum,Iridaceae,,보통,미납품
1448_연복초.png,1448,연복초,Adoxa moschatellina,Adoxaceae,4월,흔함,미납품
1449_연영초.png,1449,연영초,Trillium camschatcense,Liliaceae,4~6월,보통,미납품
1450_연잎꿩의다리.png,1450,연잎꿩의다리,Thalictrum coreanum,Ranunculaceae,,보통,미납품
1451_연자주쥐손이.png,1451,연자주쥐손이,Geranium purpureum,Geraniaceae,,귀함,미납품
1452_염주괴불주머니.png,1452,염주괴불주머니,Corydalis heterocarpa,Fumariaceae,4~6월,흔함,미납품
1453_염주장구채.png,1453,염주장구채,Silene conoidea,Caryophyllaceae,,귀함,미납품
1454_영아리난초.png,1454,영아리난초,Nervilia nipponica,Orchidaceae,,귀함,미납품
1455_영아자.png,1455,영아자,Asyneuma japonicum,Campanulaceae,7~9월,흔함,미납품
1456_영암풀.png,1456,영암풀,Exallage chrysotricha,Rubiaceae,,귀함,미납품
1457_영주치자.png,1457,영주치자,Gardneria nutans,Loganiaceae,,보통,미납품
1458_영춘화.png,1458,영춘화,Jasminum nudiflorum,Oleaceae,3~4월,보통,미납품
1459_오가나무.png,1459,오가나무,Eleutherococcus sieboldianus,Araliaceae,,보통,미납품
1460_오갈피나무.png,1460,오갈피나무,Eleutherococcus sessiliflorus,Araliaceae,4~7월,흔함,미납품
1461_오랑캐장구채.png,1461,오랑캐장구채,Silene repens,Caryophyllaceae,,귀함,미납품
1462_오리방풀.png,1462,오리방풀,Isodon excisus,Lamiaceae,5~10월,흔함,미납품
1463_오미자.png,1463,오미자,Schisandra chinensis,Schisandraceae,5~7월,흔함,미납품
1464_오이풀.png,1464,오이풀,Sanguisorba officinalis,Rosaceae,5~10월,흔함,미납품
1465_옥녀꽃대.png,1465,옥녀꽃대,Chloranthus fortunei,Chloranthaceae,4~5월,흔함,미납품
1466_옥잠난초.png,1466,옥잠난초,Liparis kumokiri,Orchidaceae,6~8월,흔함,미납품
1467_옥천앵두.png,1467,옥천앵두,Solanum pseudocapsicum,Solanaceae,,귀함,미납품
1468_올괴불나무.png,1468,올괴불나무,Lonicera praeflorens,Caprifoliaceae,3~5월,흔함,미납품
1469_올리브나무.png,1469,올리브나무,Olea europaea,Oleaceae,,귀함,미납품
1470_올미.png,1470,올미,Sagittaria pygmaea,Alismataceae,,보통,미납품
1471_옻나무.png,1471,옻나무,Toxicodendron vernicifluum,Anacardiaceae,5~9월,흔함,미납품
1472_왕과.png,1472,왕과,Thladiantha dubia,Cucurbitaceae,,보통,미납품
1473_왕괴불나무.png,1473,왕괴불나무,Lonicera vidalii,Caprifoliaceae,7월,보통,미납품
1474_왕달맞이꽃.png,1474,왕달맞이꽃,Oenothera macrocarpa,Onagraceae,,귀함,미납품
1475_왕닭의장풀.png,1475,왕닭의장풀,Commelina diffusa,Commelinaceae,,귀함,미납품
1476_왕도깨비가지.png,1476,왕도깨비가지,Solanum viarum,Solanaceae,,보통,미납품
1477_왕도깨비바늘.png,1477,왕도깨비바늘,Bidens subalternans,Asteraceae,9~10월,보통,미납품
1478_왕둥굴레.png,1478,왕둥굴레,Polygonatum robustum,Liliaceae,,보통,미납품
1479_왕머루.png,1479,왕머루,Vitis amurensis,Vitaceae,5~9월,흔함,미납품
1480_왕백량금.png,1480,왕백량금,Ardisia crenata,Myrsinaceae,,흔함,미납품
1481_왕버들.png,1481,왕버들,Salix chaenomeloides,Salicaceae,4~5월,흔함,미납품
1482_왕별꽃.png,1482,왕별꽃,Stellaria radians,Caryophyllaceae,,귀함,미납품
1483_왕자귀나무.png,1483,왕자귀나무,Albizia macrophylla,,,,미납품
1484_왕제비꽃.png,1484,왕제비꽃,Viola websteri,Violaceae,,보통,미납품
1485_왕죽대아재비.png,1485,왕죽대아재비,Streptopus koreanus,Liliaceae,,귀함,미납품
1486_왕쥐똥나무.png,1486,왕쥐똥나무,Ligustrum ovalifolium,Oleaceae,4~7월,보통,미납품
1487_왕찔레나무.png,1487,왕찔레나무,Rosa laevigata,Rosaceae,,귀함,미납품
1488_왕초피나무.png,1488,왕초피나무,Zanthoxylum simulans,Rutaceae,4~7월,보통,미납품
1489_왕호장근.png,1489,왕호장근,Reynoutria sachalinensis,Polygonaceae,,보통,미납품
1490_왜갓냉이.png,1490,왜갓냉이,Cardamine yezoensis,Brassicaceae,,보통,미납품
1491_왜개연꽃.png,1491,왜개연꽃,Nuphar pumila,Nymphaeaceae,,보통,미납품
1492_왜광대수염.png,1492,왜광대수염,Lamium album,Lamiaceae,4~5월,흔함,미납품
1493_왜당귀.png,1493,왜당귀,Angelica acutiloba,Apiaceae,,보통,미납품
1494_왜떡쑥.png,1494,왜떡쑥,Gnaphalium uliginosum,Asteraceae,,보통,미납품
1495_왜미나리아재비.png,1495,왜미나리아재비,Ranunculus franchetii,Ranunculaceae,,보통,미납품
1496_왜방풍.png,1496,왜방풍,Aegopodium alpestre,Apiaceae,,보통,미납품
1497_왜승마.png,1497,왜승마,Actaea japonica,Ranunculaceae,,보통,미납품
1498_왜우산풀.png,1498,왜우산풀,Pleurospermum uralense,Apiaceae,,보통,미납품
1499_왜젓가락나물.png,1499,왜젓가락나물,Ranunculus silerifolius,Ranunculaceae,,보통,미납품
1500_왜제비꽃.png,1500,왜제비꽃,Viola japonica,Violaceae,,보통,미납품
1501_왜졸방제비꽃.png,1501,왜졸방제비꽃,Viola sacchalinensis,Violaceae,,보통,미납품
1502_왜지치.png,1502,왜지치,Myosotis sylvatica,Boraginaceae,,귀함,미납품
1503_왜천궁.png,1503,왜천궁,Angelica genuflexa,Apiaceae,,보통,미납품
1504_왜현호색.png,1504,왜현호색,Corydalis ambigua,Fumariaceae,4월,흔함,미납품
1505_외대바람꽃.png,1505,외대바람꽃,Anemone nikoensis,Ranunculaceae,,귀함,미납품
1506_외대으아리.png,1506,외대으아리,Clematis brachyura,Ranunculaceae,5~6월,흔함,미납품
1507_외잎승마.png,1507,외잎승마,Astilbe simplicifolia,Saxifragaceae,,귀함,미납품
1508_외잎쑥.png,1508,외잎쑥,Artemisia viridissima,Asteraceae,,귀함,미납품
1509_용가시나무.png,1509,용가시나무,Rosa maximowicziana,Rosaceae,5~7월,흔함,미납품
1510_용둥굴레.png,1510,용둥굴레,Polygonatum involucratum,Liliaceae,4~6월,흔함,미납품
1511_용머리.png,1511,용머리,Dracocephalum argunense,Lamiaceae,,보통,미납품
1512_우단담배풀.png,1512,우단담배풀,Verbascum thapsus,Scrophulariaceae,6~8월,보통,미납품
1513_우단쥐손이.png,1513,우단쥐손이,Geranium wlassovianum,Geraniaceae,,귀함,미납품
1514_우묵사스레피.png,1514,우묵사스레피,Eurya emarginata,Theaceae,4~7월,흔함,미납품
1515_우산나물.png,1515,우산나물,Syneilesis palmata,Asteraceae,5~10월,흔함,미납품
1516_우산제비꽃.png,1516,우산제비꽃,Viola woosanensis,Violaceae,,보통,미납품
1517_우선국.png,1517,우선국,Symphyotrichum novi-belgii,Asteraceae,,귀함,미납품
1518_우엉.png,1518,우엉,Arctium lappa,Asteraceae,5~8월,보통,미납품
1519_우영사마귀풀.png,1519,우영사마귀풀,Murdannia loriformis,Commelinaceae,,귀함,미납품
1520_울릉산마늘.png,1520,울릉산마늘,Allium ulleungense,Liliaceae,,보통,미납품
1521_울릉장구채.png,1521,울릉장구채,Silene takeshimensis,Caryophyllaceae,,보통,미납품
1522_울릉제비꽃.png,1522,울릉제비꽃,Viola ulleungdoensis,Violaceae,,보통,미납품
1523_울산도깨비바늘.png,1523,울산도깨비바늘,Bidens pilosa,Asteraceae,9~11월,흔함,미납품
1524_울진노루오줌.png,1524,울진노루오줌,Astilbe uljinensis,Saxifragaceae,,귀함,미납품
1525_원지.png,1525,원지,Polygala tenuifolia,Polygalaceae,,보통,미납품
1526_월계수.png,1526,월계수,Laurus nobilis,Lauraceae,,보통,미납품
1527_월귤.png,1527,월귤,Vaccinium vitis-idaea,Ericaceae,,보통,미납품
1528_위령선.png,1528,위령선,Clematis florida,Ranunculaceae,,귀함,미납품
1529_위성류.png,1529,위성류,Tamarix chinensis,Tamaricaceae,,보통,미납품
1530_유럽개미자리.png,1530,유럽개미자리,Spergularia rubra,Caryophyllaceae,,보통,미납품
1531_유럽나도냉이.png,1531,유럽나도냉이,Barbarea vulgaris,Brassicaceae,4~5월,보통,미납품
1532_유럽단추쑥.png,1532,유럽단추쑥,Cotula australis,Asteraceae,,귀함,미납품
1533_유럽미나리아재비.png,1533,유럽미나리아재비,Ranunculus muricatus,Ranunculaceae,,보통,미납품
1534_유럽수련.png,1534,유럽수련,Nymphaea alba,Nymphaeaceae,,귀함,미납품
1535_유럽장대.png,1535,유럽장대,Sisymbrium officinale,Brassicaceae,4~6월,보통,미납품
1536_유럽전호.png,1536,유럽전호,Anthriscus caucalis,Apiaceae,4~5월,보통,미납품
1537_유럽점나도나물.png,1537,유럽점나도나물,Cerastium glomeratum,Caryophyllaceae,4~5월,흔함,미납품
1538_유럽큰고추풀.png,1538,유럽큰고추풀,Gratiola officinalis,Scrophulariaceae,,귀함,미납품
1539_유럽패랭이꽃.png,1539,유럽패랭이꽃,Dianthus armeria,Caryophyllaceae,,귀함,미납품
1540_유홍초.png,1540,유홍초,Ipomoea quamoclit,Convolvulaceae,8~10월,보통,미납품
1541_육계나무.png,1541,육계나무,Cinnamomum loureiroi,Lauraceae,,귀함,미납품
1542_육박나무.png,1542,육박나무,Litsea coreana,Lauraceae,1월,보통,미납품
1543_육지꽃버들.png,1543,육지꽃버들,Salix schwerinii,Salicaceae,,귀함,미납품
1544_윤노리나무.png,1544,윤노리나무,Pourthiaea villosa,Rosaceae,4~6월,흔함,미납품
1545_윤판나물.png,1545,윤판나물,Disporum uniflorum,Liliaceae,4~5월,흔함,미납품
1546_윤판나물아재비.png,1546,윤판나물아재비,Disporum sessile,Liliaceae,,보통,미납품
1547_율무쑥.png,1547,율무쑥,Artemisia koidzumii,Asteraceae,8~9월,보통,미납품
1548_으름난초.png,1548,으름난초,Cyrtosia septentrionalis,Orchidaceae,,귀함,미납품
1549_으름덩굴.png,1549,으름덩굴,Akebia quinata,Lardizabalaceae,4~6월,흔함,미납품
1550_은난초.png,1550,은난초,Cephalanthera erecta,Orchidaceae,5월,흔함,미납품
1551_은단풍.png,1551,은단풍,Acer saccharinum,Aceraceae,3~4월,보통,미납품
1552_은대난초.png,1552,은대난초,Cephalanthera longibracteata,Orchidaceae,5~6월,흔함,미납품
1553_은백양.png,1553,은백양,Populus alba,Salicaceae,6~7월,보통,미납품
1554_은분취.png,1554,은분취,Saussurea gracilis,Asteraceae,5~10월,흔함,미납품
1555_은빛까마중.png,1555,은빛까마중,Solanum elaeagnifolium,Solanaceae,,귀함,미납품
1556_은양지꽃.png,1556,은양지꽃,Potentilla nivea,Rosaceae,,귀함,미납품
1557_음나무.png,1557,음나무,Kalopanax septemlobus,Araliaceae,,흔함,미납품
1558_의성개나리.png,1558,의성개나리,Forsythia viridissima,Oleaceae,,귀함,미납품
1559_이고들빼기.png,1559,이고들빼기,Crepidiastrum denticulatum,Asteraceae,9~10월,흔함,미납품
1560_이나무.png,1560,이나무,Idesia polycarpa,Flacourtiaceae,5~9월,보통,미납품
1561_이노리나무.png,1561,이노리나무,Malus komarovii,Rosaceae,,보통,미납품
1562_이란미나리.png,1562,이란미나리,Lisaea heterocarpa,Apiaceae,,귀함,미납품
1563_이른범꼬리.png,1563,이른범꼬리,Bistorta tenuicaulis,Polygonaceae,,보통,미납품
1564_이삭귀개.png,1564,이삭귀개,Utricularia caerulea,Lentibulariaceae,,보통,미납품
1565_이삭단엽란.png,1565,이삭단엽란,Malaxis monophyllos,Orchidaceae,,보통,미납품
1566_이삭바꽃.png,1566,이삭바꽃,Aconitum kusnezoffii,Ranunculaceae,,보통,미납품
1567_이삭송이풀.png,1567,이삭송이풀,Pedicularis spicata,Scrophulariaceae,,보통,미납품
1568_이태리포플라.png,1568,이태리포플라,Populus canadensis,Salicaceae,,보통,미납품
1569_인가목.png,1569,인가목,Rosa acicularis,Rosaceae,,보통,미납품
1570_인가목조팝나무.png,1570,인가목조팝나무,Spiraea chamaedryfolia,Rosaceae,5~6월,보통,미납품
1571_인디언천인국.png,1571,인디언천인국,Gaillardia pulchella,Asteraceae,,귀함,미납품
1572_인삼.png,1572,인삼,Panax ginseng,Araliaceae,,보통,미납품
1573_일본매자나무.png,1573,일본매자나무,Berberis thunbergii,Berberidaceae,4~5월,보통,미납품
1574_일본목련.png,1574,일본목련,Magnolia obovata,Magnoliaceae,4~6월,흔함,미납품
1575_일월비비추.png,1575,일월비비추,Hosta nakaiana,,,,미납품
1576_잇꽃.png,1576,잇꽃,Carthamus tinctorius,Asteraceae,,보통,미납품
1577_잎꽃돌나물.png,1577,잎꽃돌나물,Sedum kiangnanense,Crassulaceae,,귀함,미납품
1578_잎새바위솔.png,1578,잎새바위솔,Orostachys spinosa,Crassulaceae,,보통,미납품
1579_자귀풀.png,1579,자귀풀,Aeschynomene indica,Fabaceae,7~10월,흔함,미납품
1580_자금우.png,1580,자금우,Ardisia japonica,Myrsinaceae,,흔함,미납품
1581_자란초.png,1581,자란초,Ajuga spectabilis,Lamiaceae,5~7월,보통,미납품
1582_자리공.png,1582,자리공,Phytolacca acinosa,Phytolaccaceae,5~7월,흔함,미납품
1583_자병취.png,1583,자병취,Saussurea chabyoungsanica,Asteraceae,,보통,미납품
1584_자주개자리.png,1584,자주개자리,Medicago sativa,Fabaceae,5~8월,흔함,미납품
1585_자주개황기.png,1585,자주개황기,Astragalus laxmannii,Fabaceae,,귀함,미납품
1586_자주괴불주머니.png,1586,자주괴불주머니,Corydalis incisa,Fumariaceae,4~5월,흔함,미납품
1587_자주꿩의다리.png,1587,자주꿩의다리,Thalictrum uchiyamae,Ranunculaceae,6~9월,보통,미납품
1588_자주꿩의비름.png,1588,자주꿩의비름,Hylotelephium telephium,Crassulaceae,,보통,미납품
1589_자주달개비.png,1589,자주달개비,Tradescantia ohiensis,Commelinaceae,,보통,미납품
1590_자주땅귀개.png,1590,자주땅귀개,Utricularia uliginosa,Lentibulariaceae,,귀함,미납품
1591_자주방가지똥.png,1591,자주방가지똥,Lactuca sibirica,Asteraceae,,귀함,미납품
1592_자주방아풀.png,1592,자주방아풀,Isodon serra,Lamiaceae,9월,보통,미납품
1593_자주비수리.png,1593,자주비수리,Lespedeza lichiyuniae,Fabaceae,,보통,미납품
1594_자주솜대.png,1594,자주솜대,Maianthemum bicolor,Liliaceae,,보통,미납품
1595_자주쓴풀.png,1595,자주쓴풀,Swertia pseudochinensis,Gentianaceae,9~10월,흔함,미납품
1596_자주알록제비꽃.png,1596,자주알록제비꽃,Viola tenuicornis,Violaceae,4~6월,보통,미납품
1597_자주잎제비꽃.png,1597,자주잎제비꽃,Viola violacea,Violaceae,4월,보통,미납품
1598_자주천인국.png,1598,자주천인국,Echinacea purpurea,Asteraceae,,귀함,미납품
1599_자주풀솜나물.png,1599,자주풀솜나물,Gamochaeta purpurea,Asteraceae,,보통,미납품
1600_작살나무.png,1600,작살나무,Callicarpa japonica,Verbenaceae,5~10월,흔함,미납품
1601_잔개자리.png,1601,잔개자리,Medicago lupulina,Fabaceae,5~7월,흔함,미납품
1602_잔나비나물.png,1602,잔나비나물,Vicia bifolia,Fabaceae,,귀함,미납품
1603_잔잎바디.png,1603,잔잎바디,Angelica czernaevia,Apiaceae,9~10월,보통,미납품
1604_잔잎양지꽃.png,1604,잔잎양지꽃,Potentilla heynei,Rosaceae,4~5월,보통,미납품
1605_잔털제비꽃.png,1605,잔털제비꽃,Viola keiskei,Violaceae,4~5월,흔함,미납품
1606_잠자리난초.png,1606,잠자리난초,Habenaria linearifolia,Orchidaceae,,보통,미납품
1607_장구밥나무.png,1607,장구밥나무,Grewia biloba,Tiliaceae,6~10월,흔함,미납품
1608_장구채.png,1608,장구채,Silene firma,Caryophyllaceae,8~10월,흔함,미납품
1609_장대나물.png,1609,장대나물,Turritis glabra,Brassicaceae,5~6월,흔함,미납품
1610_장대여뀌.png,1610,장대여뀌,Persicaria posumbu,Polygonaceae,9월,흔함,미납품
1611_장딸기.png,1611,장딸기,Rubus hirsutus,Rosaceae,4~5월,흔함,미납품
1612_장백제비꽃.png,1612,장백제비꽃,Viola biflora,Violaceae,,귀함,미납품
1613_장백패랭이꽃.png,1613,장백패랭이꽃,Dianthus repens,Caryophyllaceae,,귀함,미납품
1614_장수만리화.png,1614,장수만리화,Forsythia nakaii,Oleaceae,,귀함,미납품
1615_장흥곡정초.png,1615,장흥곡정초,Eriocaulon buergerianum,Eriocaulaceae,,귀함,미납품
1616_재쑥.png,1616,재쑥,Descurainia sophia,Brassicaceae,4~5월,흔함,미납품
1617_전동싸리.png,1617,전동싸리,Melilotus suaveolens,Fabaceae,5~9월,흔함,미납품
1618_전주물꼬리풀.png,1618,전주물꼬리풀,Pogostemon yatabeanus,Lamiaceae,,귀함,미납품
1619_전호.png,1619,전호,Anthriscus sylvestris,Apiaceae,4~6월,흔함,미납품
1620_전호아재비.png,1620,전호아재비,Chaerophyllum tainturieri,Apiaceae,,귀함,미납품
1621_절국대.png,1621,절국대,Siphonostegia chinensis,Scrophulariaceae,7~9월,보통,미납품
1622_절굿대.png,1622,절굿대,Echinops setifer,Asteraceae,7~9월,보통,미납품
1623_점박이천남성.png,1623,점박이천남성,Arisaema serratum,Araceae,4~7월,흔함,미납품
1624_점현호색.png,1624,점현호색,Corydalis maculata,Fumariaceae,4월,보통,미납품
1625_젓가락나물.png,1625,젓가락나물,Ranunculus chinensis,Ranunculaceae,5~7월,흔함,미납품
1626_정금나무.png,1626,정금나무,Vaccinium oldhamii,Ericaceae,4~9월,흔함,미납품
1627_정향풀.png,1627,정향풀,Amsonia elliptica,Apocynaceae,,귀함,미납품
1628_제비고깔.png,1628,제비고깔,Delphinium grandiflorum,Ranunculaceae,,보통,미납품
1629_제비붓꽃.png,1629,제비붓꽃,Iris laevigata,Iridaceae,,보통,미납품
1630_제비쑥.png,1630,제비쑥,Artemisia japonica,Asteraceae,6~9월,흔함,미납품
1631_제주무엽란.png,1631,제주무엽란,Lecanorchis kiusiana,Orchidaceae,,귀함,미납품
1632_제주산딸기.png,1632,제주산딸기,Rubus nishimuranus,Rosaceae,,귀함,미납품
1633_제주산버들.png,1633,제주산버들,Salix blinii,Salicaceae,,보통,미납품
1634_제주진득찰.png,1634,제주진득찰,Sigesbeckia orientalis,Asteraceae,,보통,미납품
1635_제주큰옥매듭풀.png,1635,제주큰옥매듭풀,Polygonum fusco-ochreatum,Polygonaceae,,보통,미납품
1636_제주피막이.png,1636,제주피막이,Hydrocotyle yabei,Apiaceae,,보통,미납품
1637_제충국.png,1637,제충국,Tanacetum cinerariifolium,Asteraceae,,보통,미납품
1638_조개나물.png,1638,조개나물,Ajuga multiflora,Lamiaceae,4~5월,흔함,미납품
1639_조록나무.png,1639,조록나무,Distylium racemosum,Hamamelidaceae,,흔함,미납품
1640_조록싸리.png,1640,조록싸리,Lespedeza maximowiczii,Fabaceae,5~9월,흔함,미납품
1641_조름나물.png,1641,조름나물,Menyanthes trifoliata,Menyanthaceae,,보통,미납품
1642_조밥나물.png,1642,조밥나물,Hieracium umbellatum,Asteraceae,7~9월,흔함,미납품
1643_조선현호색.png,1643,조선현호색,Corydalis turtschaninovii,Fumariaceae,3~4월,흔함,미납품
1644_족제비싸리.png,1644,족제비싸리,Amorpha fruticosa,Fabaceae,5~9월,흔함,미납품
1645_졸방제비꽃.png,1645,졸방제비꽃,Viola acuminata,Violaceae,4~5월,흔함,미납품
1646_좀가지풀.png,1646,좀가지풀,Lysimachia japonica,Primulaceae,5~6월,흔함,미납품
1647_좀갈매나무.png,1647,좀갈매나무,Rhamnus taquetii,Rhamnaceae,,보통,미납품
1648_좀개갓냉이.png,1648,좀개갓냉이,Rorippa cantoniensis,Brassicaceae,4~6월,보통,미납품
1649_좀개미취.png,1649,좀개미취,Aster maackii,Asteraceae,5~6월,보통,미납품
1650_좀개불알풀.png,1650,좀개불알풀,Veronica serpyllifolia,Scrophulariaceae,,귀함,미납품
1651_좀개수염.png,1651,좀개수염,Eriocaulon decemflorum,Eriocaulaceae,,보통,미납품
1652_좀개자리.png,1652,좀개자리,Medicago minima,Fabaceae,,보통,미납품
1653_좀골담초.png,1653,좀골담초,Caragana microphylla,Fabaceae,,귀함,미납품
1654_좀다닥냉이.png,1654,좀다닥냉이,Lepidium ruderale,Brassicaceae,,보통,미납품
1655_좀담배풀.png,1655,좀담배풀,Carpesium cernuum,Asteraceae,8~9월,흔함,미납품
1656_좀댕강나무.png,1656,좀댕강나무,Diabelia serrata,Caprifoliaceae,,귀함,미납품
1657_좀딱취.png,1657,좀딱취,Ainsliaea apiculata,Asteraceae,,흔함,미납품
1658_좀딸기.png,1658,좀딸기,Potentilla centigrana,Rosaceae,5~7월,보통,미납품
1659_좀땅비싸리.png,1659,좀땅비싸리,Indigofera koreana,Fabaceae,4~6월,흔함,미납품
1660_좀맥문동.png,1660,좀맥문동,Liriope minor,Liliaceae,,귀함,미납품
1661_좀머귀나무.png,1661,좀머귀나무,Zanthoxylum fauriei,Rutaceae,,귀함,미납품
1662_좀민들레.png,1662,좀민들레,Taraxacum hallaisanense,Asteraceae,,보통,미납품
1663_좀부추.png,1663,좀부추,Allium minus,Liliaceae,,귀함,미납품
1664_좀비비추.png,1664,좀비비추,Hosta minor,Liliaceae,5~10월,흔함,미납품
1665_좀사위질빵.png,1665,좀사위질빵,Clematis brevicaudata,Ranunculaceae,,보통,미납품
1666_좀사철나무.png,1666,좀사철나무,Euonymus fortunei,Celastraceae,,흔함,미납품
1667_좀소리쟁이.png,1667,좀소리쟁이,Rumex dentatus,Polygonaceae,6~7월,보통,미납품
1668_좀쉬땅나무.png,1668,좀쉬땅나무,Sorbaria kirilowii,Rosaceae,,귀함,미납품
1669_좀싸리.png,1669,좀싸리,Lespedeza virgata,Fabaceae,7~9월,흔함,미납품
1670_좀씀바귀.png,1670,좀씀바귀,Ixeris stolonifera,Asteraceae,4~5월,흔함,미납품
1671_좀아마냉이.png,1671,좀아마냉이,Camelina microcarpa,Brassicaceae,,보통,미납품
1672_좀양귀비.png,1672,좀양귀비,Papaver dubium,Papaveraceae,,보통,미납품
1673_좀양지꽃.png,1673,좀양지꽃,Potentilla matsumurae,Rosaceae,,보통,미납품
1674_좀어리연꽃.png,1674,좀어리연꽃,Nymphoides coreana,Menyanthaceae,,보통,미납품
1675_좀작살나무.png,1675,좀작살나무,Callicarpa dichotoma,Verbenaceae,6~10월,흔함,미납품
1676_좀전동싸리.png,1676,좀전동싸리,Melilotus indicus,Fabaceae,,귀함,미납품
1677_좀쥐손이.png,1677,좀쥐손이,Geranium tripartitum,Geraniaceae,,보통,미납품
1678_좀짚신나물.png,1678,좀짚신나물,Agrimonia nipponica,Rosaceae,8~9월,보통,미납품
1679_좀쪽동백나무.png,1679,좀쪽동백나무,Styrax shiraianus,Styracaceae,,귀함,미납품
1680_좀참꽃.png,1680,좀참꽃,Rhododendron redowskianum,Ericaceae,,귀함,미납품
1681_좀향유.png,1681,좀향유,Elsholtzia minima,Lamiaceae,,보통,미납품
1682_좀현호색.png,1682,좀현호색,Corydalis decumbens,Fumariaceae,,보통,미납품
1683_좀회양목.png,1683,좀회양목,Buxus microphylla,Buxaceae,,보통,미납품
1684_좁쌀냉이.png,1684,좁쌀냉이,Cardamine fallax,Brassicaceae,4~5월,흔함,미납품
1685_좁은잎가막사리.png,1685,좁은잎가막사리,Bidens cernua,Asteraceae,,귀함,미납품
1686_좁은잎덩굴용담.png,1686,좁은잎덩굴용담,Pterygocalyx volubilis,Gentianaceae,,귀함,미납품
1687_좁은잎미꾸리낚시.png,1687,좁은잎미꾸리낚시,Persicaria praetermissa,Polygonaceae,,보통,미납품
1688_좁은잎벌노랑이.png,1688,좁은잎벌노랑이,Lotus tenuis,Fabaceae,,귀함,미납품
1689_좁은잎사위질빵.png,1689,좁은잎사위질빵,Clematis hexapetala,Ranunculaceae,,귀함,미납품
1690_좁은잎해란초.png,1690,좁은잎해란초,Linaria vulgaris,Scrophulariaceae,,귀함,미납품
1691_종둥굴레.png,1691,종둥굴레,Polygonatum acuminatifolium,Liliaceae,,귀함,미납품
1692_종려나무.png,1692,종려나무,Trachycarpus fortunei,Arecaceae,,귀함,미납품
1693_종지나물.png,1693,종지나물,Viola sororia,Violaceae,4~5월,보통,미납품
1694_주걱개망초.png,1694,주걱개망초,Erigeron strigosus,Asteraceae,5월,흔함,미납품
1695_주걱끈끈이주걱.png,1695,주걱끈끈이주걱,Drosera spatulata,Droseraceae,,귀함,미납품
1696_주걱노루발.png,1696,주걱노루발,Pyrola minor,Pyrolaceae,,귀함,미납품
1697_주걱댕강나무.png,1697,주걱댕강나무,Diabelia spathulata,Caprifoliaceae,,보통,미납품
1698_주걱비름.png,1698,주걱비름,Sedum tosaense,Crassulaceae,,귀함,미납품
1699_주걱비비추.png,1699,주걱비비추,Hosta clausa,Liliaceae,,보통,미납품
1700_주름구슬냉이.png,1700,주름구슬냉이,Rapistrum rugosum,Brassicaceae,,귀함,미납품
1701_주름잎.png,1701,주름잎,Mazus pumilus,Scrophulariaceae,4~6월,흔함,미납품
1702_주름전동싸리.png,1702,주름전동싸리,Melilotus officinalis,Fabaceae,,귀함,미납품
1703_주름제비란.png,1703,주름제비란,Galearis camtschatica,Orchidaceae,,보통,미납품
1704_주엽나무.png,1704,주엽나무,Gleditsia japonica,Fabaceae,7월,보통,미납품
1705_주홍서나물.png,1705,주홍서나물,Crassocephalum crepidioides,Asteraceae,7~11월,흔함,미납품
1706_죽대.png,1706,죽대,Polygonatum lasianthum,Liliaceae,5~6월,흔함,미납품
1707_죽대아재비.png,1707,죽대아재비,Streptopus amplexifolius,Liliaceae,,귀함,미납품
1708_죽백란.png,1708,죽백란,Cymbidium lancifolium,Orchidaceae,,귀함,미납품
1709_죽절초.png,1709,죽절초,Sarcandra glabra,Chloranthaceae,,보통,미납품
1710_줄꽃주머니.png,1710,줄꽃주머니,Adlumia asiatica,Papaveraceae,,귀함,미납품
1711_줄딸기.png,1711,줄딸기,Rubus pungens,Rosaceae,4~5월,보통,미납품
1712_줄바꽃.png,1712,줄바꽃,Aconitum alboviolaceum,Ranunculaceae,,보통,미납품
1713_줄바늘꽃.png,1713,줄바늘꽃,Epilobium ciliatum,Onagraceae,,귀함,미납품
1714_줄현호색.png,1714,줄현호색,Corydalis bungeana,Fumariaceae,,귀함,미납품
1715_중국단풍.png,1715,중국단풍,Acer buergerianum,Aceraceae,4~7월,흔함,미납품
1716_중국할미꽃.png,1716,중국할미꽃,Pulsatilla chinensis,Ranunculaceae,,귀함,미납품
1717_중대가리풀.png,1717,중대가리풀,Centipeda minima,Asteraceae,7~10월,흔함,미납품
1718_중의무릇.png,1718,중의무릇,Gagea nakaiana,Liliaceae,3~4월,보통,미납품
1719_쥐깨풀.png,1719,쥐깨풀,Mosla dianthera,Lamiaceae,9월,흔함,미납품
1720_쥐꼬리풀.png,1720,쥐꼬리풀,Aletris spicata,Liliaceae,5~6월,보통,미납품
1721_쥐다래.png,1721,쥐다래,Actinidia kolomikta,Actinidiaceae,5~9월,흔함,미납품
1722_쥐손이풀.png,1722,쥐손이풀,Geranium sibiricum,Geraniaceae,7~9월,흔함,미납품
1723_쥐오줌풀.png,1723,쥐오줌풀,Valeriana fauriei,Valerianaceae,5월,흔함,미납품
1724_쥐털이슬.png,1724,쥐털이슬,Circaea alpina,Onagraceae,7~9월,보통,미납품
1725_지네발란.png,1725,지네발란,Pelatantheria scolopendrifolia,Orchidaceae,,귀함,미납품
1726_지느러미엉겅퀴.png,1726,지느러미엉겅퀴,Carduus crispus,Asteraceae,5~6월,흔함,미납품
1727_지리바꽃.png,1727,지리바꽃,Aconitum chiisanense,Ranunculaceae,,보통,미납품
1728_지면패랭이꽃.png,1728,지면패랭이꽃,Dianthus deltoides,Caryophyllaceae,,귀함,미납품
1729_지모.png,1729,지모,Anemarrhena asphodeloides,Liliaceae,,귀함,미납품
1730_지채.png,1730,지채,Triglochin maritima,Juncaginaceae,,보통,미납품
1731_진득찰.png,1731,진득찰,Sigesbeckia glabrescens,Asteraceae,9~10월,흔함,미납품
1732_진땅고추풀.png,1732,진땅고추풀,Deinostema violacea,Scrophulariaceae,,보통,미납품
1733_진범.png,1733,진범,Aconitum pseudolaeve,Ranunculaceae,8~9월,흔함,미납품
1734_진주고추나물.png,1734,진주고추나물,Hypericum oliganthum,Clusiaceae,,보통,미납품
1735_진퍼리까치수염.png,1735,진퍼리까치수염,Lysimachia fortunei,Primulaceae,,보통,미납품
1736_진퍼리꽃나무.png,1736,진퍼리꽃나무,Chamaedaphne calyculata,Ericaceae,,귀함,미납품
1737_진퍼리버들.png,1737,진퍼리버들,Salix myrtilloides,Salicaceae,,귀함,미납품
1738_진퍼리잔대.png,1738,진퍼리잔대,Adenophora palustris,Campanulaceae,,귀함,미납품
1739_진홍토끼풀.png,1739,진홍토끼풀,Trifolium incarnatum,Fabaceae,,귀함,미납품
1740_진황정.png,1740,진황정,Polygonatum falcatum,Liliaceae,5~6월,보통,미납품
1741_진흙풀.png,1741,진흙풀,Microcarpaea minima,Scrophulariaceae,,귀함,미납품
1742_짝자래나무.png,1742,짝자래나무,Rhamnus yoshinoi,Rhamnaceae,5~8월,흔함,미납품
1743_쪽동백나무.png,1743,쪽동백나무,Styrax obassia,Styracaceae,5~7월,흔함,미납품
1744_차나무.png,1744,차나무,Camellia sinensis,Theaceae,7~11월,흔함,미납품
1745_차풀.png,1745,차풀,Chamaecrista nomame,Fabaceae,8~10월,흔함,미납품
1746_찰피나무.png,1746,찰피나무,Tilia mandshurica,Tiliaceae,5~9월,흔함,미납품
1747_참갈매나무.png,1747,참갈매나무,Rhamnus ussuriensis,Rhamnaceae,5~6월,보통,미납품
1748_참개연꽃.png,1748,참개연꽃,Nuphar subintegerrima,Nymphaeaceae,,귀함,미납품
1749_참골무꽃.png,1749,참골무꽃,Scutellaria strigillosa,Lamiaceae,6~9월,흔함,미납품
1750_참깨.png,1750,참깨,Sesamum indicum,Pedaliaceae,,보통,미납품
1751_참꽃나무.png,1751,참꽃나무,Rhododendron weyrichii,Ericaceae,4~7월,보통,미납품
1752_참꽃받이.png,1752,참꽃받이,Bothriospermum secundum,Boraginaceae,,보통,미납품
1753_참당귀.png,1753,참당귀,Angelica gigas,Apiaceae,5~10월,흔함,미납품
1754_참닻꽃.png,1754,참닻꽃,Halenia coreana,Gentianaceae,,귀함,미납품
1755_참돌매화나무.png,1755,참돌매화나무,Diapensia lapponica,Diapensiaceae,,귀함,미납품
1756_참두메부추.png,1756,참두메부추,Allium alatoscapum,,,,미납품
1757_참마.png,1757,참마,Dioscorea japonica,Dioscoreaceae,6~10월,흔함,미납품
1758_참바위취.png,1758,참바위취,Micranthes oblongifolia,Saxifragaceae,6~8월,보통,미납품
1759_참반디.png,1759,참반디,Sanicula chinensis,Apiaceae,6~9월,흔함,미납품
1760_참배암차즈기.png,1760,참배암차즈기,Salvia chanryoenica,Lamiaceae,7~9월,보통,미납품
1761_참빗살나무.png,1761,참빗살나무,Euonymus hamiltonianus,Celastraceae,5~9월,흔함,미납품
1762_참소리쟁이.png,1762,참소리쟁이,Rumex japonicus,Polygonaceae,5~7월,흔함,미납품
1763_참시호.png,1763,참시호,Bupleurum scorzonerifolium,Apiaceae,,보통,미납품
1764_참식나무.png,1764,참식나무,Neolitsea sericea,Lauraceae,3~7월,흔함,미납품
1765_참싸리.png,1765,참싸리,Lespedeza cyrtobotrya,Fabaceae,7~9월,흔함,미납품
1766_참오동나무.png,1766,참오동나무,Paulownia tomentosa,Scrophulariaceae,4~9월,흔함,미납품
1767_참외.png,1767,참외,Cucumis melo,Cucurbitaceae,,보통,미납품
1768_참으아리.png,1768,참으아리,Clematis terniflora,Ranunculaceae,4~9월,흔함,미납품
1769_참제비고깔.png,1769,참제비고깔,Delphinium ajacis,Ranunculaceae,,귀함,미납품
1770_참조팝나무.png,1770,참조팝나무,Spiraea fritschiana,Rosaceae,5~9월,흔함,미납품
1771_참죽나무.png,1771,참죽나무,Toona sinensis,Meliaceae,2~7월,보통,미납품
1772_참줄바꽃.png,1772,참줄바꽃,Aconitum neotortuosum,Ranunculaceae,,귀함,미납품
1773_참통발.png,1773,참통발,Utricularia tenuicaulis,Lentibulariaceae,,보통,미납품
1774_참회나무.png,1774,참회나무,Euonymus oxyphyllus,Celastraceae,4~9월,흔함,미납품
1775_창골무꽃.png,1775,창골무꽃,Scutellaria barbata,Lamiaceae,,귀함,미납품
1776_창원제비꽃.png,1776,창원제비꽃,Viola palmata,Violaceae,,귀함,미납품
1777_창포.png,1777,창포,Acorus calamus,Araceae,4~6월,보통,미납품
1778_채고추나물.png,1778,채고추나물,Hypericum attenuatum,Clusiaceae,,보통,미납품
1779_채진목.png,1779,채진목,Amelanchier asiatica,Rosaceae,,보통,미납품
1780_처녀바디.png,1780,처녀바디,Angelica cartilaginomarginata,Apiaceae,8~9월,흔함,미납품
1781_처진물봉선.png,1781,처진물봉선,Impatiens furcillata,Balsaminaceae,8월,보통,미납품
1782_천마.png,1782,천마,Gastrodia elata,Orchidaceae,4~7월,보통,미납품
1783_천문동.png,1783,천문동,Asparagus cochinchinensis,Liliaceae,5~7월,흔함,미납품
1784_천수국아재비.png,1784,천수국아재비,Dyssodia papposa,Asteraceae,,귀함,미납품
1785_천일담배풀.png,1785,천일담배풀,Carpesium glossophyllum,Asteraceae,6~9월,보통,미납품
1786_천지괭이눈.png,1786,천지괭이눈,Chrysosplenium macrospermum,Saxifragaceae,,귀함,미납품
1787_청가시덩굴.png,1787,청가시덩굴,Smilax sieboldii,Liliaceae,5~6월,흔함,미납품
1788_청괴불나무.png,1788,청괴불나무,Lonicera subsessilis,Caprifoliaceae,5~9월,흔함,미납품
1789_청닭의난초.png,1789,청닭의난초,Epipactis papillosa,Orchidaceae,,보통,미납품
1790_청미래덩굴.png,1790,청미래덩굴,Smilax china,Liliaceae,4~6월,흔함,미납품
1791_청비수리.png,1791,청비수리,Lespedeza inschanica,Fabaceae,,보통,미납품
1792_청시닥나무.png,1792,청시닥나무,Acer barbinerve,Aceraceae,4~7월,흔함,미납품
1793_초령목.png,1793,초령목,Magnolia compressa,Magnoliaceae,,보통,미납품
1794_초록별꽃.png,1794,초록별꽃,Stellaria neglecta,Caryophyllaceae,,귀함,미납품
1795_초석잠풀.png,1795,초석잠풀,Stachys affinis,Lamiaceae,,귀함,미납품
1796_초종용.png,1796,초종용,Orobanche coerulescens,Orobanchaceae,,귀함,미납품
1797_초피나무.png,1797,초피나무,Zanthoxylum piperitum,Rutaceae,4~9월,흔함,미납품
1798_추분취.png,1798,추분취,Rhynchospermum verticillatum,Asteraceae,,보통,미납품
1799_층꽃나무.png,1799,층꽃나무,Caryopteris incana,Verbenaceae,9~10월,흔함,미납품
1800_층층갈고리둥굴레.png,1800,층층갈고리둥굴레,Polygonatum sibiricum,Liliaceae,,귀함,미납품
1801_층층나무.png,1801,층층나무,Cornus controversa,Cornaceae,4~9월,흔함,미납품
1802_층층둥굴레.png,1802,층층둥굴레,Polygonatum stenophyllum,Liliaceae,,보통,미납품
1803_층층잔대.png,1803,층층잔대,Adenophora triphylla,Campanulaceae,8~9월,흔함,미납품
1804_층층장구채.png,1804,층층장구채,Silene macrostyla,Caryophyllaceae,,귀함,미납품
1805_치자풀.png,1805,치자풀,Monochasma sheareri,Scrophulariaceae,,귀함,미납품
1806_칠보치마.png,1806,칠보치마,Metanarthecium luteoviride,Liliaceae,,귀함,미납품
1807_칠엽수.png,1807,칠엽수,Aesculus turbinata,Hippocastanaceae,4~5월,보통,미납품
1808_카나다엉겅퀴.png,1808,카나다엉겅퀴,Cirsium arvense,Asteraceae,,흔함,미납품
1809_카네이션.png,1809,카네이션,Dianthus caryophyllus,Caryophyllaceae,,귀함,미납품
1810_카밀레.png,1810,카밀레,Matricaria chamomilla,Asteraceae,,귀함,미납품
1811_캐나다딱총나무.png,1811,캐나다딱총나무,Sambucus canadensis,Caprifoliaceae,,귀함,미납품
1812_컴프리.png,1812,컴프리,Symphytum officinale,Boraginaceae,5~9월,보통,미납품
1813_콩다닥냉이.png,1813,콩다닥냉이,Lepidium virginicum,Brassicaceae,5~6월,흔함,미납품
1814_콩팥노루발.png,1814,콩팥노루발,Pyrola renifolia,Pyrolaceae,,귀함,미납품
1815_큰각시취.png,1815,큰각시취,Saussurea japonica,Asteraceae,,보통,미납품
1816_큰개구리발톱.png,1816,큰개구리발톱,Semiaquilegia quelpaertensis,Ranunculaceae,,귀함,미납품
1817_큰개미자리.png,1817,큰개미자리,Sagina maxima,Caryophyllaceae,4~7월,보통,미납품
1818_큰개별꽃.png,1818,큰개별꽃,Pseudostellaria palibiniana,Caryophyllaceae,4~5월,흔함,미납품
1819_큰개수염.png,1819,큰개수염,Eriocaulon taquetii,Eriocaulaceae,,보통,미납품
1820_큰개현삼.png,1820,큰개현삼,Scrophularia kakudensis,Scrophulariaceae,7~9월,흔함,미납품
1821_큰고추풀.png,1821,큰고추풀,Gratiola japonica,Scrophulariaceae,,보통,미납품
1822_큰괭이밥.png,1822,큰괭이밥,Oxalis obtriangulata,Oxalidaceae,4~5월,흔함,미납품
1823_큰괴불주머니.png,1823,큰괴불주머니,Corydalis gigantea,Fumariaceae,,귀함,미납품
1824_큰구슬붕이.png,1824,큰구슬붕이,Gentiana zollingeri,Gentianaceae,4~5월,흔함,미납품
1825_큰꼭두서니.png,1825,큰꼭두서니,Rubia chinensis,Rubiaceae,5~9월,흔함,미납품
1826_큰꽃땅비싸리.png,1826,큰꽃땅비싸리,Indigofera grandiflora,Fabaceae,,귀함,미납품
1827_큰꽃장대.png,1827,큰꽃장대,Dontostemon hispidus,Brassicaceae,,귀함,미납품
1828_큰꿩의비름.png,1828,큰꿩의비름,Hylotelephium spectabile,Crassulaceae,5~10월,보통,미납품
1829_큰낭아초.png,1829,큰낭아초,Indigofera bungeana,Fabaceae,6~10월,흔함,미납품
1830_큰네잎갈퀴.png,1830,큰네잎갈퀴,Vicia ramuliflora,Fabaceae,,보통,미납품
1831_큰다닥냉이.png,1831,큰다닥냉이,Lepidium sativum,Brassicaceae,,귀함,미납품
1832_큰달맞이꽃.png,1832,큰달맞이꽃,Oenothera glazioviana,Onagraceae,6~8월,보통,미납품
1833_큰닭의덩굴.png,1833,큰닭의덩굴,Fallopia dentatoalata,Polygonaceae,8~10월,흔함,미납품
1834_큰도꼬마리.png,1834,큰도꼬마리,Xanthium orientale,Asteraceae,9~10월,흔함,미납품
1835_큰도둑놈의갈고리.png,1835,큰도둑놈의갈고리,Hylodesmum oldhamii,Fabaceae,7~9월,흔함,미납품
1836_큰두루미꽃.png,1836,큰두루미꽃,Maianthemum dilatatum,Liliaceae,5~8월,흔함,미납품
1837_큰등갈퀴.png,1837,큰등갈퀴,Vicia pseudo-orobus,Fabaceae,,보통,미납품
1838_큰망초.png,1838,큰망초,Erigeron sumatrensis,Asteraceae,7~9월,흔함,미납품
1839_큰매화노루발.png,1839,큰매화노루발,Chimaphila umbellata,Pyrolaceae,,귀함,미납품
1840_큰메꽃.png,1840,큰메꽃,Calystegia sepium,Convolvulaceae,5~8월,보통,미납품
1841_큰물칭개나물.png,1841,큰물칭개나물,Veronica anagallis-aquatica,Scrophulariaceae,4~6월,보통,미납품
1842_큰바늘꽃.png,1842,큰바늘꽃,Epilobium hirsutum,Onagraceae,,보통,미납품
1843_큰방가지똥.png,1843,큰방가지똥,Sonchus asper,Asteraceae,4~6월,흔함,미납품
1844_큰방울새란.png,1844,큰방울새란,Pogonia japonica,Orchidaceae,,보통,미납품
1845_큰백령풀.png,1845,큰백령풀,Diodia virginiana,Rubiaceae,,귀함,미납품
1846_큰뱀무.png,1846,큰뱀무,Geum aleppicum,Rosaceae,6~9월,흔함,미납품
1847_큰벼룩아재비.png,1847,큰벼룩아재비,Mitrasacme pygmaea,Loganiaceae,9~10월,보통,미납품
1848_큰별꽃.png,1848,큰별꽃,Stellaria bungeana,Caryophyllaceae,,귀함,미납품
1849_큰비비추.png,1849,큰비비추,Hosta sieboldiana,Liliaceae,,귀함,미납품
1850_큰비쑥.png,1850,큰비쑥,Artemisia fukudo,Asteraceae,,보통,미납품
1851_큰비짜루국화.png,1851,큰비짜루국화,Symphyotrichum expansum,Asteraceae,,보통,미납품
1852_큰산꿩의다리.png,1852,큰산꿩의다리,Thalictrum filamentosum,Ranunculaceae,6~9월,흔함,미납품
1853_큰산좁쌀풀.png,1853,큰산좁쌀풀,Euphrasia hirtella,Scrophulariaceae,,귀함,미납품
1854_큰석류풀.png,1854,큰석류풀,Mollugo verticillata,Molluginaceae,7~10월,보통,미납품
1855_큰수리취.png,1855,큰수리취,Synurus excelsus,Asteraceae,,보통,미납품
1856_큰애기나리.png,1856,큰애기나리,Disporum viridescens,Liliaceae,5~6월,흔함,미납품
1857_큰앵초.png,1857,큰앵초,Primula jesoana,Primulaceae,5~6월,흔함,미납품
1858_큰엉겅퀴.png,1858,큰엉겅퀴,Cirsium pendulum,Asteraceae,8~10월,흔함,미납품
1859_큰여우콩.png,1859,큰여우콩,Rhynchosia acuminatifolia,Fabaceae,6~10월,보통,미납품
1860_큰연영초.png,1860,큰연영초,Trillium tschonoskii,Liliaceae,4~5월,보통,미납품
1861_큰오이풀.png,1861,큰오이풀,Sanguisorba stipulata,Rosaceae,,귀함,미납품
1862_큰옥매듭풀.png,1862,큰옥매듭풀,Polygonum bellardii,Polygonaceae,,보통,미납품
1863_큰원추리.png,1863,큰원추리,Hemerocallis middendorffii,Liliaceae,6~8월,보통,미납품
1864_큰잎갈퀴.png,1864,큰잎갈퀴,Galium dahuricum,Rubiaceae,,보통,미납품
1865_큰잎냉이.png,1865,큰잎냉이,Erucastrum gallicum,Brassicaceae,,귀함,미납품
1866_큰잎다닥냉이.png,1866,큰잎다닥냉이,Lepidium draba,Brassicaceae,,귀함,미납품
1867_큰잎싸리.png,1867,큰잎싸리,Lespedeza davidii,Fabaceae,,보통,미납품
1868_큰장대.png,1868,큰장대,Clausia trichosepala,Brassicaceae,,귀함,미납품
1869_큰점나도나물.png,1869,큰점나도나물,Cerastium fischerianum,Caryophyllaceae,,보통,미납품
1870_큰제비고깔.png,1870,큰제비고깔,Delphinium maackianum,Ranunculaceae,8월,보통,미납품
1871_큰제비란.png,1871,큰제비란,Platanthera sachalinensis,Orchidaceae,,보통,미납품
1872_큰조롱.png,1872,큰조롱,Cynanchum wilfordii,Apocynaceae,6~9월,흔함,미납품
1873_큰졸방제비꽃.png,1873,큰졸방제비꽃,Viola kusanoana,Violaceae,,보통,미납품
1874_큰천남성.png,1874,큰천남성,Arisaema ringens,Araceae,4~7월,흔함,미납품
1875_큰키다닥냉이.png,1875,큰키다닥냉이,Lepidium latifolium,Brassicaceae,,귀함,미납품
1876_큰피막이.png,1876,큰피막이,Hydrocotyle ramiflora,Apiaceae,5~9월,흔함,미납품
1877_큰피막이풀.png,1877,큰피막이풀,Hydrocotyle javanica,Apiaceae,,귀함,미납품
1878_큰황새냉이.png,1878,큰황새냉이,Cardamine scutata,Brassicaceae,4~5월,흔함,미납품
1879_키버들.png,1879,키버들,Salix koriyanagi,Salicaceae,4~5월,흔함,미납품
1880_키큰꿩의비름.png,1880,키큰꿩의비름,Hylotelephium pallescens,Crassulaceae,,귀함,미납품
1881_키큰산국.png,1881,키큰산국,Leucanthemella linearis,Asteraceae,,보통,미납품
1882_타래난초.png,1882,타래난초,Spiranthes sinensis,Orchidaceae,7월,흔함,미납품
1883_탐라바위취.png,1883,탐라바위취,Saxifraga cortusifolia,Saxifragaceae,,귀함,미납품
1884_탐라현호색.png,1884,탐라현호색,Corydalis hallaisanensis,Fumariaceae,,귀함,미납품
1885_탑꽃.png,1885,탑꽃,Clinopodium multicaule,Lamiaceae,8~10월,흔함,미납품
1886_태백바람꽃.png,1886,태백바람꽃,Anemone pendulisepala,Ranunculaceae,,귀함,미납품
1887_태백제비꽃.png,1887,태백제비꽃,Viola albida,Violaceae,4~5월,흔함,미납품
1888_태산목.png,1888,태산목,Magnolia grandiflora,Magnoliaceae,,보통,미납품
1889_택사.png,1889,택사,Alisma canaliculatum,Alismataceae,,보통,미납품
1890_터리풀.png,1890,터리풀,Filipendula glaberrima,Rosaceae,4~8월,흔함,미납품
1891_털갈매나무.png,1891,털갈매나무,Rhamnus koraiensis,Rhamnaceae,5월,흔함,미납품
1892_털개구리미나리.png,1892,털개구리미나리,Ranunculus cantoniensis,Ranunculaceae,5~6월,흔함,미납품
1893_털개구리자리.png,1893,털개구리자리,Ranunculus sardous,Ranunculaceae,,귀함,미납품
1894_털개머루.png,1894,털개머루,Ampelopsis glandulosa,Vitaceae,5~9월,흔함,미납품
1895_털고로쇠나무.png,1895,털고로쇠나무,Acer pictum,Aceraceae,4~9월,흔함,미납품
1896_털괭이눈.png,1896,털괭이눈,Chrysosplenium pilosum,Saxifragaceae,3~5월,흔함,미납품
1897_털괴불나무.png,1897,털괴불나무,Lonicera subhispida,Caprifoliaceae,,보통,미납품
1898_털까마중.png,1898,털까마중,Solanum sarrachoides,Solanaceae,10월,보통,미납품
1899_털노박덩굴.png,1899,털노박덩굴,Celastrus stephanotiifolius,Celastraceae,,보통,미납품
1900_털다닥냉이.png,1900,털다닥냉이,Lepidium pinnatifidum,Brassicaceae,,귀함,미납품
1901_털댕강나무.png,1901,털댕강나무,Zabelia biflora,Caprifoliaceae,4~7월,흔함,미납품
1902_털도깨비바늘.png,1902,털도깨비바늘,Bidens biternata,Asteraceae,8~10월,보통,미납품
1903_털독말풀.png,1903,털독말풀,Datura innoxia,Solanaceae,,보통,미납품
1904_털마삭줄.png,1904,털마삭줄,Trachelospermum jasminoides,Apocynaceae,5~6월,보통,미납품
1905_털머위.png,1905,털머위,Farfugium japonicum,Asteraceae,9~11월,흔함,미납품
1906_털박쥐나물.png,1906,털박쥐나물,Parasenecio hastatus,Asteraceae,,보통,미납품
1907_털별꽃아재비.png,1907,털별꽃아재비,Galinsoga quadriradiata,Asteraceae,6~10월,흔함,미납품
1908_털복주머니란.png,1908,털복주머니란,Cypripedium guttatum,Orchidaceae,,귀함,미납품
1909_털부처꽃.png,1909,털부처꽃,Lythrum salicaria,Lythraceae,7~9월,흔함,미납품
1910_털쉽싸리.png,1910,털쉽싸리,Lycopus uniflorus,Lamiaceae,,보통,미납품
1911_털양지꽃.png,1911,털양지꽃,Potentilla squamosa,Rosaceae,4월,보통,미납품
1912_털여뀌.png,1912,털여뀌,Persicaria orientalis,Polygonaceae,6~9월,흔함,미납품
1913_털오갈피나무.png,1913,털오갈피나무,Eleutherococcus divaricatus,Araliaceae,,보통,미납품
1914_털이슬.png,1914,털이슬,Circaea mollis,Onagraceae,8~9월,흔함,미납품
1915_털장대.png,1915,털장대,Arabis hirsuta,Brassicaceae,5~6월,흔함,미납품
1916_털점나도나물.png,1916,털점나도나물,Cerastium pauciflorum,Caryophyllaceae,,보통,미납품
1917_털제비꽃.png,1917,털제비꽃,Viola phalacrocarpa,Violaceae,4월,흔함,미납품
1918_털조장나무.png,1918,털조장나무,Lindera sericea,Lauraceae,,보통,미납품
1919_털족제비싸리.png,1919,털족제비싸리,Amorpha canescens,Fabaceae,,귀함,미납품
1920_털중나리.png,1920,털중나리,Lilium amabile,Liliaceae,6~7월,흔함,미납품
1921_털향유.png,1921,털향유,Galeopsis bifida,Lamiaceae,,귀함,미납품
1922_토대황.png,1922,토대황,Rumex aquaticus,Polygonaceae,,귀함,미납품
1923_토란.png,1923,토란,Colocasia esculenta,Araceae,,귀함,미납품
1924_토마토.png,1924,토마토,Solanum lycopersicum,Solanaceae,10월,보통,미납품
1925_톱바위취.png,1925,톱바위취,Micranthes nelsoniana,Saxifragaceae,,보통,미납품
1926_톱풀.png,1926,톱풀,Achillea alpina,Asteraceae,6~9월,흔함,미납품
1927_통달목.png,1927,통달목,Tetrapanax papyrifer,Araliaceae,7월,보통,미납품
1928_통발.png,1928,통발,Utricularia japonica,Lentibulariaceae,1월,보통,미납품
1929_통영볼레나무.png,1929,통영볼레나무,Elaeagnus pungens,Elaeagnaceae,,귀함,미납품
1930_퉁둥굴레.png,1930,퉁둥굴레,Polygonatum inflatum,Liliaceae,5~6월,흔함,미납품
1931_파.png,1931,파,Allium fistulosum,Liliaceae,,보통,미납품
1932_파드득나물.png,1932,파드득나물,Cryptotaenia japonica,Apiaceae,5~10월,흔함,미납품
1933_파슬리.png,1933,파슬리,Petroselinum crispum,Apiaceae,,보통,미납품
1934_팔손이.png,1934,팔손이,Fatsia japonica,Araliaceae,,흔함,미납품
1935_팥.png,1935,팥,Vigna angularis,Fabaceae,8~9월,흔함,미납품
1936_팥꽃나무.png,1936,팥꽃나무,Wikstroemia genkwa,Thymelaeaceae,,보통,미납품
1937_패랭이아재비.png,1937,패랭이아재비,Petrorhagia nanteuilii,Caryophyllaceae,,귀함,미납품
1938_패모.png,1938,패모,Fritillaria usuriensis,Liliaceae,,귀함,미납품
1939_페루꽈리.png,1939,페루꽈리,Nicandra physalodes,Solanaceae,,귀함,미납품
1940_푸른가막살.png,1940,푸른가막살,Viburnum japonicum,Caprifoliaceae,,귀함,미납품
1941_푸른마.png,1941,푸른마,Dioscorea coreana,Dioscoreaceae,,보통,미납품
1942_푸른박새.png,1942,푸른박새,Veratrum dolichopetalum,Liliaceae,,보통,미납품
1943_푼지나무.png,1943,푼지나무,Celastrus flagellaris,Celastraceae,4~7월,흔함,미납품
1944_풀명자.png,1944,풀명자,Chaenomeles japonica,Rosaceae,,보통,미납품
1945_풀산딸나무.png,1945,풀산딸나무,Cornus canadensis,Cornaceae,,귀함,미납품
1946_풀솜나물.png,1946,풀솜나물,Euchiton japonicus,Asteraceae,4~7월,흔함,미납품
1947_풀솜대.png,1947,풀솜대,Maianthemum japonicum,Liliaceae,4~5월,흔함,미납품
1948_풀싸리.png,1948,풀싸리,Lespedeza thunbergii,Fabaceae,8~10월,흔함,미납품
1949_풀협죽도.png,1949,풀협죽도,Phlox paniculata,Polemoniaceae,,보통,미납품
1950_풍년화.png,1950,풍년화,Hamamelis japonica,Hamamelidaceae,,보통,미납품
1951_풍도둥굴레.png,1951,풍도둥굴레,Polygonatum odoratum,Liliaceae,4~6월,흔함,미납품
1952_풍선덩굴.png,1952,풍선덩굴,Cardiospermum halicacabum,Sapindaceae,,보통,미납품
1953_피나무.png,1953,피나무,Tilia amurensis,Tiliaceae,5~10월,흔함,미납품
1954_피나물.png,1954,피나물,Hylomecon vernalis,Papaveraceae,4~5월,흔함,미납품
1955_피막이.png,1955,피막이,Hydrocotyle sibthorpioides,Apiaceae,4~6월,보통,미납품
1956_피뿌리풀.png,1956,피뿌리풀,Stellera chamaejasme,Thymelaeaceae,,귀함,미납품
1957_하늘말나리.png,1957,하늘말나리,Lilium tsingtauense,Liliaceae,4~7월,흔함,미납품
1958_하늘바라기.png,1958,하늘바라기,Heliopsis helianthoides,Asteraceae,,귀함,미납품
1959_하늘산제비란.png,1959,하늘산제비란,Platanthera neglecta,Orchidaceae,5월,보통,미납품
1960_하늘타리.png,1960,하늘타리,Trichosanthes kirilowii,Cucurbitaceae,6~10월,흔함,미납품
1961_하수오.png,1961,하수오,Reynoutria multiflora,Polygonaceae,8~10월,흔함,미납품
1962_한계령풀.png,1962,한계령풀,Gymnospermium microrrhynchum,Berberidaceae,,보통,미납품
1963_한국앉은부채.png,1963,한국앉은부채,Symplocarpus koreanus,Araceae,,보통,미납품
1964_한라고들빼기.png,1964,한라고들빼기,Crepidiastrum hallaisanense,Asteraceae,,귀함,미납품
1965_한라부추.png,1965,한라부추,Allium taquetii,Liliaceae,,보통,미납품
1966_한라비비추.png,1966,한라비비추,Hosta venusta,Liliaceae,,보통,미납품
1967_한라새둥지란.png,1967,한라새둥지란,Neottia kiusiana,Orchidaceae,,귀함,미납품
1968_한라새우난초.png,1968,한라새우난초,Calanthe striata,Orchidaceae,4~5월,보통,미납품
1969_한라옥잠난초.png,1969,한라옥잠난초,Liparis auriculata,Orchidaceae,,귀함,미납품
1970_한라잠자리란.png,1970,한라잠자리란,Platanthera minor,Orchidaceae,,귀함,미납품
1971_한라천마.png,1971,한라천마,Gastrodia pubilabiata,Orchidaceae,,귀함,미납품
1972_한라투구꽃.png,1972,한라투구꽃,Aconitum quelpaertense,Ranunculaceae,,귀함,미납품
1973_한란.png,1973,한란,Cymbidium kanran,Orchidaceae,,귀함,미납품
1974_한련초.png,1974,한련초,Eclipta thermalis,Asteraceae,,흔함,미납품
1975_할미밀망.png,1975,할미밀망,Clematis trichotoma,Ranunculaceae,5~9월,흔함,미납품
1976_함경나비나물.png,1976,함경나비나물,Vicia ohwiana,Fabaceae,,보통,미납품
1977_함경딸기.png,1977,함경딸기,Rubus arcticus,Rosaceae,,귀함,미납품
1978_함박꽃나무.png,1978,함박꽃나무,Magnolia sieboldii,Magnoliaceae,5~7월,흔함,미납품
1979_함박이.png,1979,함박이,Stephania japonica,Menispermaceae,,보통,미납품
1980_해국.png,1980,해국,Aster spathulifolius,Asteraceae,8~11월,흔함,미납품
1981_해녀콩.png,1981,해녀콩,Canavalia lineata,Fabaceae,,보통,미납품
1982_해란초.png,1982,해란초,Linaria japonica,Scrophulariaceae,5~9월,보통,미납품
1983_해란초아재비.png,1983,해란초아재비,Kickxia elatine,Scrophulariaceae,,귀함,미납품
1984_해변노박덩굴.png,1984,해변노박덩굴,Celastrus punctatus,Celastraceae,,귀함,미납품
1985_해변싸리.png,1985,해변싸리,Lespedeza maritima,Fabaceae,9월,흔함,미납품
1986_해안선인장.png,1986,해안선인장,Opuntia stricta,Cactaceae,5~7월,보통,미납품
1987_향유.png,1987,향유,Elsholtzia ciliata,Lamiaceae,9~10월,흔함,미납품
1988_헐떡이풀.png,1988,헐떡이풀,Tiarella polyphylla,Saxifragaceae,,보통,미납품
1989_헛개나무.png,1989,헛개나무,Hovenia dulcis,Rhamnaceae,6~8월,흔함,미납품
1990_현삼.png,1990,현삼,Scrophularia buergeriana,Scrophulariaceae,,보통,미납품
1991_협죽도.png,1991,협죽도,Nerium oleander,Apocynaceae,,보통,미납품
1992_형개.png,1992,형개,Nepeta tenuifolia,Lamiaceae,,귀함,미납품
1993_호노루발.png,1993,호노루발,Pyrola dahurica,Pyrolaceae,,귀함,미납품
1994_호대황.png,1994,호대황,Rumex gmelinii,Polygonaceae,,귀함,미납품
1995_호랑가시나무.png,1995,호랑가시나무,Ilex cornuta,Aquifoliaceae,3~5월,흔함,미납품
1996_호랑버들.png,1996,호랑버들,Salix caprea,Salicaceae,4~5월,흔함,미납품
1997_호바늘꽃.png,1997,호바늘꽃,Epilobium amurense,Onagraceae,7~9월,보통,미납품
1998_호비수리.png,1998,호비수리,Lespedeza davurica,Fabaceae,8~9월,보통,미납품
1999_호산장구채.png,1999,호산장구채,Silene foliosa,Caryophyllaceae,,귀함,미납품
2000_호자나무.png,2000,호자나무,Damnacanthus indicus,Rubiaceae,,보통,미납품
2001_호자덩굴.png,2001,호자덩굴,Mitchella undulata,Rubiaceae,5~7월,보통,미납품
2002_호장근.png,2002,호장근,Reynoutria japonica,Polygonaceae,5~7월,흔함,미납품
2003_호제비꽃.png,2003,호제비꽃,Viola philippica,Violaceae,4월,흔함,미납품
2004_혹난초.png,2004,혹난초,Bulbophyllum inconspicuum,Orchidaceae,,귀함,미납품
2005_홀꽃노루발.png,2005,홀꽃노루발,Moneses uniflora,Pyrolaceae,,귀함,미납품
2006_홀아비꽃대.png,2006,홀아비꽃대,Chloranthus quadrifolius,Chloranthaceae,,귀함,미납품
2007_홀아비바람꽃.png,2007,홀아비바람꽃,Anemone koraiensis,Ranunculaceae,4~5월,흔함,미납품
2008_홍괴불나무.png,2008,홍괴불나무,Lonicera maximowiczii,Caprifoliaceae,,보통,미납품
2009_홍노도라지.png,2009,홍노도라지,Peracarpa carnosa,Campanulaceae,,보통,미납품
2010_홍도까치수염.png,2010,홍도까치수염,Lysimachia pentapetala,Primulaceae,,보통,미납품
2011_홍도서덜취.png,2011,홍도서덜취,Saussurea polylepis,Asteraceae,,귀함,미납품
2012_화살곰취.png,2012,화살곰취,Ligularia jamesii,Asteraceae,,귀함,미납품
2013_화살나무.png,2013,화살나무,Euonymus alatus,Celastraceae,4~6월,흔함,미납품
2014_화엄제비꽃.png,2014,화엄제비꽃,Viola ibukiana,Violaceae,,귀함,미납품
2015_활나물.png,2015,활나물,Crotalaria sessiliflora,Fabaceae,8~9월,흔함,미납품
2016_활량나물.png,2016,활량나물,Lathyrus davidii,Fabaceae,6~8월,흔함,미납품
2017_황금.png,2017,황금,Scutellaria baicalensis,Lamiaceae,,보통,미납품
2018_황단나무.png,2018,황단나무,Dalbergia hupeana,Fabaceae,,귀함,미납품
2019_황벽나무.png,2019,황벽나무,Phellodendron amurense,Rutaceae,5~9월,흔함,미납품
2020_황새냉이.png,2020,황새냉이,Cardamine flexuosa,Brassicaceae,4~5월,흔함,미납품
2021_황새승마.png,2021,황새승마,Actaea cimicifuga,Ranunculaceae,,보통,미납품
2022_황종용.png,2022,황종용,Orobanche pycnostachya,Orobanchaceae,,귀함,미납품
2023_황해쑥.png,2023,황해쑥,Artemisia argyi,Asteraceae,,보통,미납품
2024_회나무.png,2024,회나무,Euonymus sachalinensis,Celastraceae,5~7월,흔함,미납품
2025_회령바늘꽃.png,2025,회령바늘꽃,Epilobium fastigiato-ramosum,Onagraceae,,귀함,미납품
2026_회리바람꽃.png,2026,회리바람꽃,Anemone reflexa,Ranunculaceae,4~5월,흔함,미납품
2027_회향.png,2027,회향,Foeniculum vulgare,Apiaceae,,보통,미납품
2028_후미푸사선인장.png,2028,후미푸사선인장,Opuntia humifusa,Cactaceae,,귀함,미납품
2029_후박나무.png,2029,후박나무,Machilus thunbergii,Lauraceae,4~7월,흔함,미납품
2030_후추등.png,2030,후추등,Piper kadsura,Piperaceae,4~7월,보통,미납품
2031_흑난초.png,2031,흑난초,Liparis nervosa,Orchidaceae,,귀함,미납품
2032_흑산도비비추.png,2032,흑산도비비추,Hosta yingeri,Liliaceae,,보통,미납품
2033_흑오미자.png,2033,흑오미자,Schisandra repanda,Schisandraceae,,보통,미납품
2034_흰갈퀴.png,2034,흰갈퀴,Galium tokyoense,Rubiaceae,5~6월,보통,미납품
2035_흰괴불나무.png,2035,흰괴불나무,Lonicera tatarinowii,Caprifoliaceae,,보통,미납품
2036_흰꽃나도사프란.png,2036,흰꽃나도사프란,Zephyranthes candida,Amaryllidaceae,,보통,미납품
2037_흰꽃물고추나물.png,2037,흰꽃물고추나물,Triadenum breviflorum,Clusiaceae,,귀함,미납품
2038_흰독말풀.png,2038,흰독말풀,Datura wrightii,Solanaceae,,귀함,미납품
2039_흰말채나무.png,2039,흰말채나무,Cornus alba,Cornaceae,5~6월,보통,미납품
2040_흰민들레.png,2040,흰민들레,Taraxacum coreanum,Asteraceae,4~5월,흔함,미납품
2041_흰바위취.png,2041,흰바위취,Micranthes manchuriensis,Saxifragaceae,6~8월,보통,미납품
2042_흰범꼬리.png,2042,흰범꼬리,Bistorta incana,Polygonaceae,,보통,미납품
2043_흰뿌리제비꽃.png,2043,흰뿌리제비꽃,Viola prionantha,Violaceae,,귀함,미납품
2044_흰쑥.png,2044,흰쑥,Artemisia stelleriana,Asteraceae,,귀함,미납품
2045_흰여뀌.png,2045,흰여뀌,Persicaria lapathifolia,Polygonaceae,8~9월,흔함,미납품
2046_흰여로.png,2046,흰여로,Veratrum versicolor,Liliaceae,7~8월,흔함,미납품
2047_흰인가목.png,2047,흰인가목,Rosa koreana,Rosaceae,,보통,미납품
2048_흰잎엉겅퀴.png,2048,흰잎엉겅퀴,Cirsium vlassovianum,Asteraceae,,보통,미납품
2049_흰전동싸리.png,2049,흰전동싸리,Melilotus albus,Fabaceae,6~7월,흔함,미납품
2050_흰젖제비꽃.png,2050,흰젖제비꽃,Viola lactiflora,Violaceae,4월,흔함,미납품
2051_흰제비꽃.png,2051,흰제비꽃,Viola patrinii,Violaceae,4~5월,흔함,미납품
2052_흰제비란.png,2052,흰제비란,Platanthera hologlottis,Orchidaceae,,보통,미납품
2053_흰진범.png,2053,흰진범,Aconitum longecassidatum,Ranunculaceae,8~9월,흔함,미납품
2054_흰털민들레.png,2054,흰털민들레,Taraxacum platypecidum,Asteraceae,,귀함,미납품
2055_흰털제비꽃.png,2055,흰털제비꽃,Viola hirtipes,Violaceae,4~5월,흔함,미납품
2056_흰현호색.png,2056,흰현호색,Corydalis albipetala,Fumariaceae,3~4월,보통,미납품
2057_히어리.png,2057,히어리,Corylopsis coreana,Hamamelidaceae,,보통,미납품
